"Marca.temporal","X1.1..Estás.de.acuerdo.en.responder.la.siguiente.encuesta.de.cafetería.en.Constitución.","X7.1.Reside.en.Constitución.o.es.visitante","X2.1..Consumes.café.","X2.2..Si.respondió.que.NO..no.responda...Cada.cuánto.consumes.café.al.interior.de.tu.domicilio.","X2.4..Visitas.cafeterías.","X2.6..Si.respondió.que.NO..no.responda..Con.qué.frecuencia.visitas.una.cafetería.","X2.5..Si.respondió.que.NO..pase.a.la.siguiente.sección...Dónde.sueles.ir.cuando.visitas.una.cafetería.","X2.3..Si.respondió.que.NO..pase.a.la.siguiente...Qué.tipo.de.café.consumes.","X3.2..Qué.aspectos.valoras.más.al.elegir.una.cafetería.","X2.7..Cuánto.está.dispuesto.a.pagar.al.consumir.en.una.cafetería.","X6.1..Estás.de.acuerdo.con.que.la.producción.de.los.pasteles.de.Pan.Canela.se.realice.en.una.extensión.de.fábrica.","X6.2..Te.gustaría.que.ciertos.productos.se.hicieran.a.la.vista.del.cliente.","X6.3..Te.gustaría.que.Pan.Canela.amplíe.su.carta.en.opciones.saladas.","X6.4.Si.Pan.Canela.amplía.su.carta..Qué.tipos.de.productos.te.gustaría.que.incorpore.","X6.5..Te.gustaría.que.existiera.una.sucursal.de.Pan.Canela.cerca.de.la.playa.","X6.6..Si.respondió.que.NO..pase.a.la.siguiente.sección...Qué.te.gustaría.encontrar.en.la.carta.de.la.nueva.sucursal.","X6.7..Qué.formato.de.atención.te.gustaría.en.esta.sucursal.","X.Participa.o.le.gustaría.participar.en.talleres.actividades.de.Pan.Canela.","X.Qué.taller.te.gustaría.que.realizara.Pan.Canela.","X7.2..Qué.edad.tienes.","X7.3..Cuál.es.tu.género.","X7.4..Cuál.es.tu.ingreso.mensual.aproximado.","X5.1..Conoces.a.Pan.Canela.","X5.2..Si.respondió.que.NO..pase.a.la.siguiente..En.el.último.mes..Cuántas.veces.visitó.a.Pan.Canela.","X.Cómo.conoció.Pan.Canela.","X4.1..Qué.lo.motiva.principalmente.a.visitar.una.cafetería.","X4.2..Qué.medio.usa.para.elegir.una.cafetería.","X3.1..Qué.tipo.de.producto.consume.con.mayor.frecuencia.","X3.2.Las.veces.que.visitas.una.cafetería..Qué.aspectos.valoras.más.al.elegir.una.cafetería...Precio.","X3.2.Las.veces.que.visitas.una.cafetería..Qué.aspectos.valoras.más.al.elegir.una.cafetería...Calidad.del.producto.","X3.2.Las.veces.que.visitas.una.cafetería..Qué.aspectos.valoras.más.al.elegir.una.cafetería...Servicio.y.atención.","X3.2.Las.veces.que.visitas.una.cafetería..Qué.aspectos.valoras.más.al.elegir.una.cafetería...Ambiente.y.comodidad.","X3.2.Las.veces.que.visitas.una.cafetería..Qué.aspectos.valoras.más.al.elegir.una.cafetería...Ubicación.","X6.4...Si.respondió.que.NO..pase.a.la.siguiente..Si.Pan.Canela.amplía.su.carta..Qué.tipos.de.productos.te.gustaría.que.incorpore...Croissant.","X6.4...Si.respondió.que.NO..pase.a.la.siguiente..Si.Pan.Canela.amplía.su.carta..Qué.tipos.de.productos.te.gustaría.que.incorpore...Empanadas.Artesanales.","X6.4...Si.respondió.que.NO..pase.a.la.siguiente..Si.Pan.Canela.amplía.su.carta..Qué.tipos.de.productos.te.gustaría.que.incorpore...Ensaladas.","X6.4...Si.respondió.que.NO..pase.a.la.siguiente..Si.Pan.Canela.amplía.su.carta..Qué.tipos.de.productos.te.gustaría.que.incorpore...Opciones.libres.de.alergias.","X6.4...Si.respondió.que.NO..pase.a.la.siguiente..Si.Pan.Canela.amplía.su.carta..Qué.tipos.de.productos.te.gustaría.que.incorpore...Colaciones..","X3.1..Qué.tipo.de.producto.consume.con.mayor.frecuencia.a.la.semana...Café..","X3.1..Qué.tipo.de.producto.consume.con.mayor.frecuencia.a.la.semana...Repostería.","X3.1..Qué.tipo.de.producto.consume.con.mayor.frecuencia.a.la.semana...Productos.salados.","X3.1..Qué.tipo.de.producto.consume.con.mayor.frecuencia.a.la.semana...Jugos.bebidas.frías.","X3.1..Qué.tipo.de.producto.consume.con.mayor.frecuencia.a.la.semana...Té.","Puntuación"
2025-10-23 13:09:57.796,"Sí","Visitante","Sí","1 vez por semana","Sí","1 vez a la semana","Cerca de mi hogar","Capuccino",NA,"$ 10.000",NA,NA,NA,NA,NA,NA,NA,NA,NA,"20.0","Femenino","Menos de $500.000","No",NA,NA,"Probar productos","Recomendaciones",NA,"Alto","Alto","Alto","Medio","Bajo",NA,NA,NA,NA,NA,"Consumo poco (1-2 veces)","Consumo poco (1-2 veces)","Consumo mucho (3-4 veces)","Consumo mucho (3-4 veces)","Consumo poco (1-2 veces)",0
2025-10-25 10:48:32.408,"Sí","Constitución","Sí","1 vez al mes","No",NA,NA,"Nescafé normal",NA,NA,NA,NA,NA,NA,NA,NA,NA,NA,NA,"51.0","Masculino","Prefiero no decirlo","No",NA,NA,"No vista","No visita",NA,"Muy Bajo","Muy Bajo","Muy Bajo","Muy Bajo","Muy Bajo",NA,NA,NA,NA,NA,"No consumo","No consumo","Consumo poco (1-2 veces)","Consumo poco (1-2 veces)","Consumo diariamente",0
2025-10-25 10:54:06.588,"Sí","Constitución","Sí","3 veces por semana","Sí","2 veces a la semana","Al centro","Espresso",NA,"Menos de $5.000",NA,NA,NA,NA,NA,NA,NA,NA,NA,"42.0","Masculino","Más de $2.000.000","No","No he ido nunca",NA,"Relajarse /disfrutar del ambiente","Cercanía o ubicación",NA,"Medio","Bajo","Medio","Bajo","Bajo",NA,NA,NA,NA,NA,"Consumo mucho (3-4 veces)","Consumo poco (1-2 veces)","Consumo poco (1-2 veces)","Consumo mucho (3-4 veces)","Consumo mucho (3-4 veces)",0
2025-10-25 11:02:16.591,"Sí","Constitución","Sí","Todos los días","Sí","Todos los días","Al centro","Descafeinado",NA,"Menos de $5.000","No","Sí","Indiferente",NA,"Indiferente",NA,NA,NA,NA,"68.0","Masculino","Menos de $500.000","Sí","1 vez hace dos meses",NA,"Compartir con amigos/familia","Cercanía o ubicación",NA,"Medio","Muy alto","Muy alto","Muy alto","Muy alto",NA,NA,NA,NA,NA,"Consumo diariamente","Consumo mucho (3-4 veces)","Consumo poco (1-2 veces)","No consumo","Consumo diariamente",0
2025-10-25 11:19:20.753,"Sí","Constitución","Sí","2 veces por semana","No",NA,NA,"Espresso",NA,NA,"No","Sí","No",NA,"Indiferente",NA,NA,NA,NA,"39.0","Masculino","1.000.001 - $1.999.990","Sí","1 vez",NA,"Compartir con amigos/familia","Cercanía o ubicación",NA,"Alto","Muy alto","Medio","Bajo","Alto",NA,NA,NA,NA,NA,"Consumo poco (1-2 veces)","Consumo diariamente","Consumo poco (1-2 veces)","Consumo poco (1-2 veces)","Consumo diariamente",0
2025-10-25 11:26:45.696,"Sí","Constitución","Sí","Todos los días","Sí","1 vez a la semana","Al centro","Capuccino",NA,"$ 10.000","Sí","Sí","Sí",NA,"Sí","Bebidas frías (Frappés, smoothies, jugos naturales)","Servicio con mesas dentro y fuera del local",NA,NA,"26.0","Femenino","$500.001 - $800.000","Sí","3 veces",NA,"Compartir con amigos/familia","Redes sociales",NA,"Medio","Alto","Alto","Alto","Bajo","Me interesa","Me interesa","No me interesa","No me interesa","No me interesa","Consumo mucho (3-4 veces)","Consumo mucho (3-4 veces)","Consumo mucho (3-4 veces)","Consumo mucho (3-4 veces)","Consumo mucho (3-4 veces)",0
2025-10-25 11:30:13.203,"Sí","Visitante","Sí","No","No",NA,NA,"Capuccino",NA,"Menos de $5.000",NA,NA,NA,NA,NA,NA,NA,NA,NA,"30.0","Masculino","1.000.001 - $1.999.990","No",NA,NA,"Compartir con amigos/familia","Redes sociales",NA,"Alto","Alto","Alto","Alto","Alto",NA,NA,NA,NA,NA,"Consumo poco (1-2 veces)","Consumo poco (1-2 veces)","Consumo diariamente","Consumo diariamente","Consumo diariamente",0
2025-10-25 11:32:46.804,"Sí","Constitución","Sí","Todos los días","Sí","1 vez a la semana","Al centro","Descafeinado",NA,"Más de $20.000","Sí","Sí","Sí",NA,"Indiferente",NA,NA,NA,NA,"30.0","Masculino","Menos de $500.000","Sí","1 vez",NA,"Probar productos","Recomendaciones",NA,"Medio","Medio","Medio","Medio","Alto","No me interesa","No me interesa","No me interesa","Me interesa","Me interesa","Consumo diariamente","No consumo","Consumo poco (1-2 veces)","Consumo poco (1-2 veces)","Consumo diariamente",0
2025-10-25 11:41:08.409,"Sí","Constitución","Sí","Todos los días","Sí","1 vez a la semana","Al centro","Moca",NA,"$ 15.000","Sí","Sí","Sí",NA,"Sí","Bebidas frías (Frappés, smoothies, jugos naturales)","Ambos formatos",NA,NA,"28.0","Femenino","$500.001 - $800.000","Sí","4 veces",NA,"Relajarse /disfrutar del ambiente","Redes sociales",NA,"Medio","Alto","Alto","Alto","Muy Bajo","Indiferente","Me interesa","Me interesa","No me interesa","Me interesa","Consumo mucho (3-4 veces)","Consumo mucho (3-4 veces)","Consumo poco (1-2 veces)","Consumo mucho (3-4 veces)","No consumo",0
2025-10-25 11:42:38.553,"Sí","Constitución","Sí","1 vez por semana","Sí","1 vez a la semana","Al centro","Capuccino",NA,"$ 15.000","Sí","Sí","Sí",NA,"Sí","Bebidas frías (Frappés, smoothies, jugos naturales)","Servicio rápidos para llevar",NA,NA,"18.0","Femenino","Menos de $500.000","Sí","4 veces",NA,"Relajarse /disfrutar del ambiente","Redes sociales",NA,"Alto","Alto","Alto","Alto","Alto","Me interesa","Me interesa","Me interesa","Me interesa","Me interesa","Consumo poco (1-2 veces)","Consumo poco (1-2 veces)","Consumo poco (1-2 veces)","Consumo mucho (3-4 veces)","Consumo poco (1-2 veces)",0
2025-10-25 11:43:51.858,"Sí","Constitución","Sí","Todos los días","Sí","3 veces a la semana","Al centro","Capuccino",NA,"$ 15.000","Sí","Sí","Indiferente",NA,"Sí","Bebidas frías (Frappés, smoothies, jugos naturales)","Ambos formatos",NA,NA,"40.0","Femenino","$500.001 - $800.000","Sí","6 veces",NA,"Compartir con amigos/familia","Recomendaciones",NA,"Muy Bajo","Alto","Alto","Alto","Bajo","Indiferente","No me interesa","No me interesa","Me interesa","No me interesa","Consumo diariamente","Consumo poco (1-2 veces)","No consumo","Consumo poco (1-2 veces)","Consumo diariamente",0
2025-10-25 11:45:51.538,"Sí","Constitución","Sí","Todos los días","No","1 vez a la semana","Cerca de mi hogar","Descafeinado",NA,"Menos de $5.000",NA,NA,NA,NA,NA,NA,NA,NA,NA,"17.0","Masculino","Prefiero no decirlo","No","Ninguna",NA,"Relajarse /disfrutar del ambiente","Recomendaciones",NA,"Medio","Alto","Alto","Alto","Medio",NA,NA,NA,NA,NA,"Consumo diariamente","Consumo diariamente","Consumo poco (1-2 veces)","Consumo diariamente","Consumo poco (1-2 veces)",0
2025-10-25 11:48:34.474,"Sí","Constitución","Sí","1 vez por semana","Sí","1 vez al mes","Al centro","Capuccino",NA,"Menos de $5.000","Sí","Sí","Sí",NA,"Sí","Pizza y Sándwich","Ambos formatos",NA,NA,"26.0","Masculino","$500.001 - $800.000","Sí","1 vez",NA,"Probar productos","Redes sociales",NA,"Medio","Alto","Alto","Alto","Alto","Indiferente","Me interesa","Indiferente","Indiferente","Me interesa","Consumo poco (1-2 veces)","Consumo poco (1-2 veces)","Consumo mucho (3-4 veces)","Consumo diariamente","Consumo diariamente",0
2025-10-25 11:50:24.759,"Sí","Constitución","No",NA,"No",NA,NA,NA,NA,"Menos de $5.000",NA,NA,NA,NA,NA,NA,NA,NA,NA,"48.0","Masculino","1.000.001 - $1.999.990","No",NA,NA,"Compartir con amigos/familia","Recomendaciones",NA,"Muy alto","Muy alto","Alto","Muy alto","Muy Bajo",NA,NA,NA,NA,NA,"No consumo","No consumo","Consumo poco (1-2 veces)","No consumo","Consumo diariamente",0
2025-10-25 11:52:37.576,"Sí","Constitución","Sí","Todos los días","No","1 vez a la semana","Cerca de la playa","Descafeinado",NA,"$ 15.000",NA,NA,NA,NA,NA,NA,NA,NA,NA,"31.0","Femenino","Menos de $500.000","No",NA,NA,"Relajarse /disfrutar del ambiente","Redes sociales",NA,"Medio","Alto","Bajo","Bajo","Medio",NA,NA,NA,NA,NA,"Consumo diariamente","Consumo poco (1-2 veces)","Consumo poco (1-2 veces)","Consumo poco (1-2 veces)","Consumo mucho (3-4 veces)",0
2025-10-25 11:53:44.931,"Sí","Constitución","No","1 vez por semana","Sí","2 veces a la semana","Cerca de mi hogar","Capuccino",NA,"$ 10.000","Sí","Sí","Sí",NA,"Sí","Helados y postres fríos","Servicio con mesas dentro y fuera del local",NA,NA,"20.0","Femenino","$500.001 - $800.000","Sí","2 veces",NA,"Relajarse /disfrutar del ambiente","Precio y promociones",NA,"Medio","Medio","Medio","Medio","Medio","Me interesa","Me interesa","Me interesa","Me interesa","Me interesa","Consumo poco (1-2 veces)","Consumo poco (1-2 veces)","Consumo poco (1-2 veces)","Consumo poco (1-2 veces)","Consumo poco (1-2 veces)",0
2025-10-25 11:54:59.556,"Sí","Constitución","Sí","Todos los días","Sí","2 veces a la semana","Cerca de mi hogar","Espresso",NA,"$ 10.000","Sí","Indiferente","Indiferente",NA,"Sí","Helados y postres fríos","Ambos formatos",NA,NA,"28.0","Masculino","$800.001 - $1.000.000","Sí","1 vez",NA,"Relajarse /disfrutar del ambiente","Recomendaciones",NA,"Medio","Muy alto","Muy alto","Muy alto","Alto","Me interesa","Me interesa","Me interesa","Me interesa","Me interesa","Consumo diariamente","Consumo poco (1-2 veces)","Consumo diariamente","Consumo diariamente","Consumo poco (1-2 veces)",0
2025-10-25 11:55:46.567,"Sí","Constitución","Sí","Todos los días","Sí","1 al mes","Al centro","Descafeinado",NA,"Más de $20.000","Sí","Sí","Sí",NA,"Sí","Bebidas frías (Frappés, smoothies, jugos naturales)","Ambos formatos",NA,NA,"39.0","Femenino","$500.001 - $800.000","Sí","1 vez",NA,"Relajarse /disfrutar del ambiente","Recomendaciones",NA,"Medio","Alto","Alto","Alto","Medio","Me interesa","Me interesa","Me interesa","Me interesa","Me interesa","Consumo diariamente","Consumo mucho (3-4 veces)","Consumo poco (1-2 veces)","Consumo mucho (3-4 veces)","Consumo mucho (3-4 veces)",0
2025-10-25 11:56:57.259,"Sí","Constitución","Sí","3 veces por semana","Sí","1 vez a la semana","Al centro","Moca",NA,"$ 10.000","Sí","Indiferente","Sí",NA,"Sí","Snacks para llevar","Ambos formatos",NA,NA,"29.0","Femenino","Menos de $500.000","Sí","2 veces",NA,"Relajarse /disfrutar del ambiente","Recomendaciones",NA,"Alto","Alto","Alto","Alto","Alto","Me interesa","Me interesa","Me interesa","Me interesa","Me interesa","Consumo mucho (3-4 veces)","Consumo poco (1-2 veces)","Consumo poco (1-2 veces)","Consumo poco (1-2 veces)","Consumo mucho (3-4 veces)",0
2025-10-25 12:00:34.363,"Sí","Constitución","Sí","1 vez por semana","No",NA,NA,"Tradicional",NA,NA,NA,NA,NA,NA,NA,NA,NA,NA,NA,"72.0","Masculino","Prefiero no decirlo","No","No",NA,"No asistr","No asiste",NA,"Muy alto","Muy alto","Alto","Muy Bajo","Muy Bajo",NA,NA,NA,NA,NA,"Consumo poco (1-2 veces)","No consumo","Consumo diariamente","Consumo poco (1-2 veces)","Consumo diariamente",0
2025-10-25 12:03:30.608,"Sí","Constitución","Sí","2 veces por semana","Sí","2 veces al mes","Al centro","Descafeinado",NA,"$ 10.000","Sí","Indiferente","Sí",NA,"Indiferente","Bebidas frías (Frappés, smoothies, jugos naturales)","Servicio con mesas dentro y fuera del local",NA,NA,"31.0","Femenino","$800.001 - $1.000.000","Sí","1 vez",NA,"Relajarse /disfrutar del ambiente","Cercanía o ubicación",NA,"Medio","Alto","Alto","Alto","Alto","Me interesa","Me interesa","Me interesa","Me interesa","No me interesa","Consumo poco (1-2 veces)","Consumo poco (1-2 veces)","No consumo","Consumo poco (1-2 veces)","No consumo",0
2025-10-25 12:04:40.185,"Sí","Constitución","No","Poco frecuente","Sí","1 vez al mes","Al centro","Capuccino",NA,"Menos de $5.000","Sí","Indiferente","Sí",NA,"Indiferente","Helados y postres fríos","Ambos formatos",NA,NA,"39.0","Femenino","Prefiero no decirlo","Sí","1 vez",NA,"Compartir con amigos/familia","Cercanía o ubicación",NA,"Alto","Alto","Alto","Alto","Medio","Me interesa","Me interesa","Indiferente","Me interesa","Me interesa","Consumo poco (1-2 veces)","Consumo mucho (3-4 veces)","Consumo diariamente","Consumo diariamente","No consumo",0
2025-10-25 12:04:40.453,"Sí","Constitución","Sí","Todos los días","Sí","1 vez a la semana","Al centro","Espresso",NA,"Menos de $5.000","Sí","Indiferente","Sí",NA,"Sí","Pizza y Sándwich","Servicio con mesas dentro y fuera del local",NA,NA,"28.0","Femenino","Prefiero no decirlo","Sí","Hace tiempo no voy",NA,"Relajarse /disfrutar del ambiente","Cercanía o ubicación",NA,"Medio","Muy alto","Muy alto","Muy alto","Medio","Me interesa","Me interesa","Indiferente","Indiferente","Me interesa","Consumo diariamente","No consumo","Consumo mucho (3-4 veces)","No consumo","Consumo mucho (3-4 veces)",0
2025-10-25 12:07:04.465,"Sí","Constitución","Sí","1 vez por semana","Sí","2 veces a la semana","Al centro","Descafeinado",NA,"$ 10.000","Sí","Sí","Sí",NA,"Sí","Bebidas frías (Frappés, smoothies, jugos naturales)","Ambos formatos",NA,NA,"63.0","Femenino","Menos de $500.000","Sí","1 vez",NA,"Compartir con amigos/familia","Precio y promociones",NA,"Muy alto","Alto","Alto","Alto","Muy alto","Me interesa","Me interesa","Me interesa","Me interesa","Me interesa","Consumo poco (1-2 veces)","Consumo poco (1-2 veces)","Consumo poco (1-2 veces)","Consumo mucho (3-4 veces)","Consumo diariamente",0
2025-10-25 12:12:11.133,"Sí","Constitución","Sí","1 vez por semana","No",NA,"Al centro","Descafeinado",NA,"$ 10.000",NA,NA,NA,NA,NA,NA,NA,NA,NA,"21.0","Femenino","Prefiero no decirlo","No","No he visitado",NA,"Compartir con amigos/familia","Cercanía o ubicación",NA,"Medio","Alto","Alto","Alto","Medio",NA,NA,NA,NA,NA,"Consumo poco (1-2 veces)","Consumo poco (1-2 veces)","Consumo poco (1-2 veces)","Consumo poco (1-2 veces)","Consumo mucho (3-4 veces)",0
2025-10-25 12:12:34.397,"Sí","Constitución","Sí","Todos los días","No",NA,NA,"Espresso",NA,"$ 10.000","Sí","Indiferente","Indiferente",NA,"Sí","Helados y postres fríos","Ambos formatos",NA,NA,"41.0","Femenino","Menos de $500.000","Sí","No",NA,"Relajarse /disfrutar del ambiente","Recomendaciones",NA,"Medio","Alto","Alto","Alto","Medio","Indiferente","Me interesa",NA,"Me interesa","Me interesa","Consumo diariamente","Consumo poco (1-2 veces)","Consumo poco (1-2 veces)","Consumo poco (1-2 veces)","Consumo diariamente",0
2025-10-25 12:18:07.58,"Sí","Constitución","Sí","Todos los días","Sí","2 veces a la semana","Al centro","Espresso",NA,"Menos de $5.000","No","Sí","Sí",NA,"No",NA,NA,NA,NA,"33.0","Masculino","1.000.001 - $1.999.990","Sí","No",NA,"Compartir con amigos/familia","Recomendaciones",NA,"Muy alto","Muy alto","Muy alto","Muy alto","Bajo","No me interesa","No me interesa","Me interesa","Me interesa","Me interesa","Consumo diariamente","No consumo","Consumo diariamente","Consumo poco (1-2 veces)","Consumo poco (1-2 veces)",0
2025-10-25 12:18:55.519,"Sí","Constitución","Sí","Todos los días","Sí","3 veces a la semana","Cerca de mi hogar","Espresso",NA,"$ 10.000","Sí","Sí","Sí",NA,"Sí","Helados y postres fríos","Ambos formatos",NA,NA,"54.0","Masculino","Más de $2.000.000","Sí","No",NA,"Relajarse /disfrutar del ambiente","Redes sociales",NA,"Medio","Alto","Alto","Alto","Alto","Me interesa","Me interesa","Me interesa","Me interesa","No me interesa","Consumo diariamente","No consumo","Consumo mucho (3-4 veces)","No consumo","Consumo diariamente",0
2025-10-25 12:26:15.772,"Sí","Visitante","Sí","1 vez por semana","Sí","2 veces al mes","Cerca de mi hogar","Capuccino",NA,"Más de $20.000","Sí","Sí","Sí",NA,"Sí","Bebidas frías (Frappés, smoothies, jugos naturales)","Servicio con mesas dentro y fuera del local",NA,NA,"28.0","Masculino","$500.001 - $800.000","Sí","No estoy viviendo actualmente en Constitución, pero cuando vivía acá iba 2-3 veces al mes.",NA,"Compartir con amigos/familia","Cercanía o ubicación",NA,"Medio","Alto","Alto","Alto","Alto","Me interesa","Me interesa","Indiferente","Me interesa","No me interesa","Consumo poco (1-2 veces)","Consumo poco (1-2 veces)","Consumo diariamente","Consumo diariamente","Consumo diariamente",0
2025-10-25 12:27:20.797,"Sí","Visitante","Sí","3 veces por semana","Sí","2 veces al mes","Al centro","Moca",NA,"$ 15.000","Sí","Sí","Indiferente",NA,"Sí","Bebidas frías (Frappés, smoothies, jugos naturales)","Ambos formatos",NA,NA,"28.0","Femenino","Menos de $500.000","Sí","1 vez",NA,"Compartir con amigos/familia","Cercanía o ubicación",NA,"Medio","Alto","Medio","Alto","Medio","Indiferente","Me interesa","Indiferente","Me interesa","Me interesa","Consumo mucho (3-4 veces)","Consumo poco (1-2 veces)","Consumo poco (1-2 veces)","Consumo mucho (3-4 veces)","Consumo mucho (3-4 veces)",0
2025-10-25 12:28:42.387,"Sí","Constitución","Sí","1 vez por semana","No",NA,NA,"Descafeinado",NA,NA,"No","Sí","Indiferente",NA,"Indiferente",NA,NA,NA,NA,"60.0","Masculino","$800.001 - $1.000.000","Sí","Nunca",NA,"Compartir con amigos/familia","Recomendaciones",NA,"Muy alto","Muy alto","Muy alto","Muy alto","Medio",NA,NA,NA,NA,NA,"Consumo poco (1-2 veces)","No consumo","Consumo diariamente","No consumo","Consumo diariamente",0
2025-10-25 12:35:34.223,"Sí","Constitución","Sí","Todos los días","No",NA,NA,"Espresso",NA,NA,"Sí","No","Sí",NA,"Sí","Actual","Ambos formatos",NA,NA,"50.0","Femenino","$500.001 - $800.000","Sí","1 vez",NA,"Compartir con amigos/familia","Recomendaciones",NA,"Muy alto","Muy alto","Muy alto","Muy alto","Medio","Me interesa","Me interesa","Me interesa","Me interesa","Me interesa","Consumo diariamente","Consumo poco (1-2 veces)","Consumo diariamente","Consumo diariamente","Consumo poco (1-2 veces)",0
2025-10-25 12:35:36.736,"Sí","Constitución","Sí","2 veces por semana","Sí","1 vez al mes","Al centro","Grano",NA,"$ 15.000","Sí","Sí","Sí",NA,"Sí","Helados y postres fríos","Ambos formatos",NA,NA,"63.0","Masculino","$500.001 - $800.000","Sí","Nunca",NA,"Probar productos","Cercanía o ubicación",NA,"Medio","Alto","Alto","Muy alto","Muy alto","Me interesa","Me interesa","Indiferente","Me interesa","Me interesa","Consumo poco (1-2 veces)","Consumo poco (1-2 veces)","Consumo diariamente","Consumo diariamente","Consumo diariamente",0
2025-10-25 12:36:03.997,"Sí","Constitución","No",NA,"No",NA,"Al centro",NA,NA,"$ 10.000","No","Sí","Sí",NA,"Sí","Helados y postres fríos","Ambos formatos",NA,NA,"40.0","Femenino","Prefiero no decirlo","Sí","No",NA,"Relajarse /disfrutar del ambiente","Recomendaciones",NA,"Alto","Alto","Alto","Alto","Muy Bajo","Me interesa","Me interesa","Me interesa","Me interesa","Me interesa","No consumo","Consumo poco (1-2 veces)","Consumo diariamente","No consumo","Consumo diariamente",0
2025-10-25 13:05:19.164,"Sí","Constitución","Sí","Todos los días","Sí","3 veces a la semana","Al centro","Descafeinado",NA,"Más de $20.000","No","Indiferente","Sí",NA,"Sí","Pizza y Sándwich","Servicio con mesas dentro y fuera del local",NA,NA,"34.0","Femenino","1.000.001 - $1.999.990","Sí","2 veces",NA,"Relajarse /disfrutar del ambiente","Recomendaciones",NA,"Muy Bajo","Alto","Alto","Muy alto","Muy alto","Me interesa","Indiferente","Me interesa","Indiferente","Indiferente","Consumo diariamente","Consumo poco (1-2 veces)","Consumo poco (1-2 veces)","Consumo poco (1-2 veces)","Consumo mucho (3-4 veces)",0
2025-10-25 13:55:49.027,"Sí","Visitante","Sí","3 veces por semana","Sí","1 vez a la semana","Al centro","Latte",NA,"Menos de $5.000",NA,NA,NA,NA,NA,NA,NA,NA,NA,"24.0","Femenino","$500.001 - $800.000","No","Nunca",NA,"Relajarse /disfrutar del ambiente","Precio y promociones",NA,"Medio","Alto","Alto","Medio","Medio",NA,NA,NA,NA,NA,"Consumo poco (1-2 veces)","Consumo poco (1-2 veces)","Consumo poco (1-2 veces)","Consumo diariamente","Consumo diariamente",0
2025-10-25 14:15:04.111,"Sí","Visitante","Sí","2 veces por semana","Sí","1 vez a la semana","Al centro","Descafeinado",NA,"$ 15.000","Sí","Sí","Sí",NA,"Sí","Bebidas frías (Frappés, smoothies, jugos naturales), Helados y postres fríos, Pizza y Sándwich","Ambos formatos",NA,NA,"39.0","Femenino","Prefiero no decirlo","Sí","2 veces",NA,"Relajarse /disfrutar del ambiente","Recomendaciones",NA,"Medio","Alto","Alto","Alto","Medio","Me interesa","Me interesa","Me interesa","Me interesa","Me interesa","Consumo poco (1-2 veces)","Consumo poco (1-2 veces)","Consumo poco (1-2 veces)","Consumo mucho (3-4 veces)","Consumo diariamente",0
2025-10-25 14:33:49.332,"Sí","Constitución","Sí","Todos los días","Sí","5.0","Al centro","Cortado",NA,"$ 10.000","Sí","Indiferente","Sí",NA,"Sí","Bebidas frías (Frappés, smoothies, jugos naturales), Helados y postres fríos, Pizza y Sándwich","Ambos formatos",NA,NA,"52.0","Femenino","Más de $2.000.000","Sí","4 veces",NA,"Relajarse /disfrutar del ambiente","Recomendaciones",NA,"Medio","Alto","Alto","Alto","Alto","Me interesa","Indiferente","Me interesa","Me interesa","Indiferente","Consumo diariamente","Consumo poco (1-2 veces)","Consumo poco (1-2 veces)","No consumo","Consumo poco (1-2 veces)",0
2025-10-25 14:56:56.914,"Sí","Constitución","Sí","2 veces por semana","Sí","2 veces a la semana","Al centro","americano",NA,"$ 15.000","Sí","Sí","Sí",NA,"Sí","Bebidas frías (Frappés, smoothies, jugos naturales)","Ambos formatos",NA,NA,"18.0","Femenino","Menos de $500.000","Sí","4 veces",NA,"Compartir con amigos/familia","Recomendaciones",NA,"Muy alto","Muy alto","Muy alto","Muy alto","Muy alto","Me interesa","Me interesa","Me interesa","Indiferente","Me interesa","Consumo poco (1-2 veces)","Consumo poco (1-2 veces)","Consumo mucho (3-4 veces)","Consumo diariamente","Consumo poco (1-2 veces)",0
2025-10-25 15:16:14.421,"Sí","Constitución","Sí","2 veces por semana","Sí","1 vez a la semana","Al centro","Espresso",NA,"$ 10.000","Sí","Sí","Sí",NA,"Sí","Bebidas frías (Frappés, smoothies, jugos naturales), Helados y postres fríos, Pizza y Sándwich","Servicio con mesas dentro y fuera del local",NA,NA,"34.0","Femenino","$500.001 - $800.000","Sí","1 vez",NA,"Compartir con amigos/familia","Recomendaciones",NA,"Alto","Alto","Alto","Alto","Alto","Me interesa","Indiferente","Me interesa","Me interesa","Me interesa","Consumo poco (1-2 veces)","Consumo poco (1-2 veces)","Consumo poco (1-2 veces)","Consumo poco (1-2 veces)","Consumo mucho (3-4 veces)",0
2025-10-25 15:16:28.413,"Sí","Constitución","Sí","Todos los días","Sí","3 veces a la semana","Al centro","Filtrado",NA,"$ 10.000","Sí","Indiferente","Indiferente",NA,"Indiferente",NA,NA,NA,NA,"31.0","Otro","1.000.001 - $1.999.990","Sí","1 vez",NA,"Probar productos","Recomendaciones",NA,"Medio","Alto","Alto","Alto","Bajo","Indiferente","Indiferente","Indiferente","Indiferente","Indiferente","Consumo mucho (3-4 veces)","Consumo poco (1-2 veces)","Consumo poco (1-2 veces)","Consumo poco (1-2 veces)","Consumo poco (1-2 veces)",0
2025-10-25 15:33:16.279,"Sí","Visitante","Sí","1 vez por semana","Sí","1 vez a la semana","Al centro","Capuccino",NA,"$ 10.000",NA,NA,NA,NA,NA,NA,NA,NA,NA,"24.0","Femenino","Menos de $500.000","No",NA,NA,"Relajarse /disfrutar del ambiente","Redes sociales",NA,"Alto","Alto","Alto","Muy alto","Medio",NA,NA,NA,NA,NA,"Consumo poco (1-2 veces)","Consumo poco (1-2 veces)","Consumo poco (1-2 veces)","Consumo diariamente","Consumo mucho (3-4 veces)",0
2025-10-25 15:36:02.3,"Sí","Visitante","Sí","Todos los días","Sí","2 veces a la semana","Cerca de mi hogar","Moca",NA,"$ 10.000","Sí","Sí","Sí",NA,"Sí","Bebidas frías (Frappés, smoothies, jugos naturales), Helados y postres fríos, Snacks para llevar, Pizza y Sándwich","Servicio rápidos para llevar",NA,NA,"23.0","Femenino","Menos de $500.000","Sí","1 vez",NA,"Relajarse /disfrutar del ambiente","Redes sociales",NA,"Medio","Alto","Alto","Alto","Alto","Me interesa","Me interesa","Me interesa","Me interesa","Me interesa","Consumo diariamente","Consumo poco (1-2 veces)","Consumo poco (1-2 veces)","No consumo","Consumo diariamente",0
2025-10-25 15:41:25.39,"Sí","Visitante","Sí","3 veces por semana","Sí","1 vez cada dos o tres meses","Al centro","Instantáneo",NA,"$ 10.000",NA,NA,NA,NA,NA,NA,NA,NA,NA,"26.0","Masculino","$500.001 - $800.000","No","0.0",NA,"Probar productos","Recomendaciones",NA,"Alto","Alto","Bajo","Medio","Medio",NA,NA,NA,NA,NA,"Consumo mucho (3-4 veces)","Consumo poco (1-2 veces)","Consumo poco (1-2 veces)","Consumo poco (1-2 veces)","Consumo mucho (3-4 veces)",0
2025-10-25 16:22:47.638,"Sí","Visitante","Sí","Todos los días","Sí","Una vez al mes","Al centro","Espresso",NA,"Depende si voy sola o acompañada",NA,NA,NA,NA,NA,NA,NA,NA,NA,"30.0","Femenino","Menos de $500.000","No","Nunca",NA,"Probar productos","Recomendaciones",NA,"Alto","Alto","Alto","Alto","Medio",NA,NA,NA,NA,NA,"Consumo mucho (3-4 veces)","Consumo poco (1-2 veces)","No consumo","No consumo","Consumo mucho (3-4 veces)",0
2025-10-25 16:34:00.601,"Sí","Visitante","Sí","Todos los días","Sí","1 vez al año","Al centro","Cafeinaaaaaaaaa",NA,"Menos de $5.000","Sí","Sí","Sí",NA,"Sí","Bebidas frías (Frappés, smoothies, jugos naturales), Helados y postres fríos, Pizza y Sándwich","Ambos formatos",NA,NA,"34.0","Masculino","Prefiero no decirlo","Sí","8.0",NA,"Relajarse /disfrutar del ambiente","Cercanía o ubicación",NA,"Muy alto","Muy alto","Muy alto","Muy alto","Medio","Me interesa","Me interesa","Me interesa","Me interesa","Me interesa","Consumo diariamente","Consumo mucho (3-4 veces)","No consumo","No consumo","Consumo poco (1-2 veces)",0
2025-10-25 16:46:05.679,"Sí","Constitución","Sí","Todos los días","Sí","Rara vez","Al centro","Espresso",NA,"$ 10.000",NA,NA,NA,NA,NA,NA,NA,NA,NA,"23.0","Masculino","Menos de $500.000","No","1 vez",NA,"Relajarse /disfrutar del ambiente","Recomendaciones",NA,"Muy alto","Muy alto","Alto","Alto","Medio",NA,NA,NA,NA,NA,"Consumo diariamente","No consumo","Consumo diariamente","Consumo poco (1-2 veces)","Consumo diariamente",0
2025-10-25 16:47:29.28,"Sí","Constitución","Sí","Todos los días","Sí","3 veces a la semana","Al centro","Espresso",NA,"$ 10.000","Sí","Sí","Sí",NA,"Sí","Bebidas frías (Frappés, smoothies, jugos naturales), Pizza y Sándwich","Servicio rápidos para llevar",NA,NA,"25.0","Femenino","$800.001 - $1.000.000","Sí","2 veces",NA,"Compartir con amigos/familia","Recomendaciones",NA,"Alto","Muy alto","Muy alto","Muy alto","Alto","Me interesa","Indiferente","Indiferente","Indiferente","Me interesa","Consumo diariamente","Consumo poco (1-2 veces)","Consumo poco (1-2 veces)","Consumo diariamente","No consumo",0
2025-10-25 16:47:38.667,"Sí","Constitución","Sí","Todos los días","Sí","1 vez a la semana","Al centro","Capuccino",NA,"$ 10.000","Sí","Sí","Sí",NA,"Sí","Bebidas frías (Frappés, smoothies, jugos naturales), Snacks para llevar, Pizza y Sándwich","Ambos formatos",NA,NA,"30.0","Femenino","Prefiero no decirlo","Sí","4 veces",NA,"Relajarse /disfrutar del ambiente","Recomendaciones",NA,"Medio","Alto","Medio","Alto","Bajo","Me interesa","Me interesa","Me interesa","Me interesa","Me interesa","Consumo diariamente","Consumo poco (1-2 veces)","Consumo diariamente","Consumo poco (1-2 veces)","Consumo diariamente",0
2025-10-25 16:48:07.177,"Sí","Constitución","Sí","3 veces por semana","Sí","1 vez a la semana","Al centro","Cafe instantáneo",NA,"$ 10.000","Sí","No","Sí",NA,"Sí","Pizza y Sándwich","Servicio con mesas dentro y fuera del local",NA,NA,"41.0","Femenino","1.000.001 - $1.999.990","Sí","3 veces",NA,"Compartir con amigos/familia","Recomendaciones",NA,"Bajo","Alto","Alto","Medio","Medio","Me interesa","Me interesa","Me interesa","Indiferente","No me interesa","Consumo diariamente","No consumo","No consumo","Consumo poco (1-2 veces)","Consumo diariamente",0
2025-10-25 16:48:17.132,"Sí","Constitución","Sí","Todos los días","Sí","2 veces a la semana","Al centro","Espresso",NA,"$ 10.000","Sí","Indiferente","Sí",NA,"Sí","Bebidas frías (Frappés, smoothies, jugos naturales), Snacks para llevar, Pizza y Sándwich","Ambos formatos",NA,NA,"38.0","Femenino","1.000.001 - $1.999.990","Sí","4 veces",NA,"Relajarse /disfrutar del ambiente","Probar nuevas opciones",NA,"Medio","Muy alto","Alto","Alto","Alto","Me interesa","No me interesa","Me interesa","No me interesa","No me interesa","Consumo diariamente","Consumo mucho (3-4 veces)","Consumo poco (1-2 veces)","Consumo poco (1-2 veces)","Consumo poco (1-2 veces)",0
2025-10-25 18:03:36.353,"Sí","Visitante","Sí","Todos los días","Sí","2 veces a la semana","Al centro","Filtrado",NA,"Menos de $5.000",NA,NA,NA,NA,NA,NA,NA,NA,NA,"27.0","Masculino","$800.001 - $1.000.000","No","0.0",NA,"Probar productos","Precio y promociones",NA,"Muy alto","Muy alto","Muy alto","Muy alto","Bajo",NA,NA,NA,NA,NA,"Consumo diariamente","No consumo","Consumo mucho (3-4 veces)","Consumo diariamente","Consumo poco (1-2 veces)",0
2025-10-25 18:25:04.938,"Sí","Visitante","Sí","3 veces por semana","No","1 vez a la semana","Al centro","Espresso",NA,"Menos de $5.000",NA,NA,NA,NA,NA,NA,NA,NA,NA,"23.0","Masculino","Menos de $500.000","No","1 vez",NA,"Probar productos","Redes sociales",NA,"Bajo","Alto","Medio","Medio","Bajo",NA,NA,NA,NA,NA,"Consumo mucho (3-4 veces)","Consumo poco (1-2 veces)","Consumo mucho (3-4 veces)","No consumo","Consumo poco (1-2 veces)",0
2025-10-25 22:03:26.262,"Sí","Visitante","Sí","Todos los días","Sí","1 vez a la semana","Al centro","Nescafé tradición",NA,"$ 10.000","Sí","Sí","Sí",NA,"Sí","Bebidas frías (Frappés, smoothies, jugos naturales), Helados y postres fríos, Snacks para llevar, Pizza y Sándwich","Ambos formatos",NA,NA,"57 años","Femenino","$500.001 - $800.000","Sí","2 veces",NA,"Compartir con amigos/familia","Recomendaciones",NA,"Muy Bajo","Alto","Alto","Alto","Medio","Me interesa","Me interesa","Me interesa","Me interesa","Me interesa","Consumo diariamente","Consumo poco (1-2 veces)","Consumo poco (1-2 veces)","Consumo diariamente","Consumo poco (1-2 veces)",0
2025-10-25 22:35:42.277,"Sí","Visitante","Sí","Todos los días","Sí","1 vez a la semana","Al centro","Latte",NA,"Más de $20.000","Sí","Indiferente","Sí",NA,"Sí","Bebidas frías (Frappés, smoothies, jugos naturales), Helados y postres fríos, Snacks para llevar, Pizza y Sándwich","Ambos formatos",NA,NA,"23.0","Masculino","Prefiero no decirlo","Sí","1 vez",NA,"Pasar tiempo con mi prometida","Cercanía o ubicación",NA,"Alto","Muy alto","Muy alto","Muy alto","Muy alto","Me interesa","Me interesa","Me interesa","Me interesa","Me interesa","Consumo mucho (3-4 veces)","Consumo poco (1-2 veces)","Consumo poco (1-2 veces)","Consumo mucho (3-4 veces)","Consumo poco (1-2 veces)",0
2025-10-25 23:04:40.709,"Sí","Visitante","No","No consumó café pero mi pareja consume 2 veces cada dia","Sí","3 veces a la semana","En la universidad","El consume café soluble liofilizado",NA,"Menos de $5.000",NA,NA,NA,NA,NA,NA,NA,NA,NA,"24.0","Femenino","Prefiero no decirlo","No","No lo conozco",NA,"Necesidad de consumir algo al olvidarme de llevar yo algo","Cercanía o ubicación",NA,"Alto","Medio","Alto","Alto","Alto",NA,NA,NA,NA,NA,"No consumo","Consumo mucho (3-4 veces)","Consumo poco (1-2 veces)","Consumo mucho (3-4 veces)","Consumo poco (1-2 veces)",0
2025-10-26 00:39:28.596,"Sí","Constitución","Sí","2 veces por semana","Sí","1 vez a la semana","Cerca de la playa","Espresso",NA,"$ 15.000","Sí","Sí","Sí",NA,"Sí","Bebidas frías (Frappés, smoothies, jugos naturales)","Ambos formatos",NA,NA,"26.0","Masculino","Más de $2.000.000","Sí","2 veces",NA,"Relajarse /disfrutar del ambiente","Precio y promociones",NA,"Medio","Alto","Alto","Alto","Alto","Indiferente","Indiferente","Me interesa","Me interesa","Me interesa","Consumo poco (1-2 veces)","Consumo poco (1-2 veces)","Consumo mucho (3-4 veces)","Consumo poco (1-2 veces)","Consumo poco (1-2 veces)",0
2025-10-27 20:34:13.158,"Sí","Visitante","Sí","1 vez por semana","Sí","1 vez a la semana","Al centro","Capuccino",NA,"$ 10.000","Sí","Sí","Sí",NA,"Sí","Bebidas frías (Frappés, smoothies, jugos naturales), Helados y postres fríos, Pizza y Sándwich","Ambos formatos",NA,NA,"23.0","Femenino","Menos de $500.000","Sí","1 vez",NA,"Compartir con amigos/familia","Redes sociales",NA,"Alto","Muy alto","Muy alto","Muy alto","Alto","No me interesa","Me interesa","Me interesa","No me interesa","No me interesa","Consumo poco (1-2 veces)","Consumo poco (1-2 veces)","Consumo mucho (3-4 veces)","Consumo diariamente","No consumo",0
2025-10-27 20:35:39.23,"Sí","Constitución","Sí","2 veces por semana","Sí","3 veces a la semana","Al centro","Moca",NA,"Más de $20.000","Sí","Sí","Sí",NA,"Sí","Bebidas frías (Frappés, smoothies, jugos naturales), Helados y postres fríos","Ambos formatos",NA,NA,"45.0","Femenino","Más de $2.000.000","Sí","Todos los días",NA,"Compartir con amigos/familia","Redes sociales",NA,"Alto","Muy alto","Muy alto","Muy alto","Medio","Me interesa","Me interesa","Me interesa","Indiferente","No me interesa","Consumo diariamente","Consumo poco (1-2 veces)","Consumo mucho (3-4 veces)","Consumo mucho (3-4 veces)","Consumo diariamente",0
2025-10-27 21:14:33.578,"Sí","Constitución","Sí","Todos los días","Sí","2 veces a la semana","Al centro","Espresso",NA,"$ 10.000","Sí","No","Indiferente",NA,"Indiferente","Bebidas frías (Frappés, smoothies, jugos naturales), Snacks para llevar, Pizza y Sándwich","Ambos formatos",NA,NA,"39.0","Femenino","1.000.001 - $1.999.990","Sí","Más de 7 veces",NA,"Relajarse /disfrutar del ambiente","Cercanía o ubicación",NA,"Medio","Alto","Alto","Alto","Alto","Me interesa","Indiferente","No me interesa","Me interesa","Me interesa","Consumo mucho (3-4 veces)","Consumo poco (1-2 veces)","Consumo mucho (3-4 veces)","Consumo mucho (3-4 veces)","Consumo poco (1-2 veces)",0
2025-10-27 21:18:55.945,"Sí","Constitución","Sí","Todos los días","Sí","2 veces a la semana","Al centro","Nescafé",NA,"Menos de $5.000","Sí","Sí","Sí",NA,"Sí","Bebidas frías (Frappés, smoothies, jugos naturales), Helados y postres fríos, Pizza y Sándwich","Ambos formatos",NA,NA,"30.0","Femenino","$800.001 - $1.000.000","Sí","4 veces",NA,"Compartir con amigos/familia","Recomendaciones",NA,"Medio","Alto","Alto","Alto","Alto","Me interesa","Indiferente","Me interesa","Indiferente","Me interesa","Consumo mucho (3-4 veces)","Consumo mucho (3-4 veces)","Consumo poco (1-2 veces)","No consumo","Consumo poco (1-2 veces)",0
2025-10-27 21:23:36.406,"Sí","Constitución","Sí","Todos los días","Sí","1 vez a la semana","Al centro","Capuccino",NA,"$ 10.000","Sí","No","Sí",NA,"Sí","Bebidas frías (Frappés, smoothies, jugos naturales), Helados y postres fríos, Snacks para llevar, Pizza y Sándwich","Ambos formatos",NA,NA,"30.0","Prefiero no decirlo","Menos de $500.000","Sí","1 vez",NA,"Relajarse /disfrutar del ambiente","Recomendaciones",NA,"Alto","Alto","Alto","Alto","Alto","No me interesa","No me interesa","No me interesa","Me interesa","No me interesa","Consumo poco (1-2 veces)","Consumo poco (1-2 veces)","Consumo poco (1-2 veces)","Consumo poco (1-2 veces)","No consumo",0
2025-10-27 21:45:53.258,"Sí","Constitución","Sí","Todos los días","Sí","1 vez a la semana","Al centro","Instantáneo",NA,"$ 10.000","No","No","Sí",NA,"Sí","Bebidas frías (Frappés, smoothies, jugos naturales), Helados y postres fríos, Pizza y Sándwich","Servicio con mesas dentro y fuera del local",NA,NA,"45.0","Femenino","1.000.001 - $1.999.990","Sí","3 veces",NA,"Compartir con amigos/familia","Recomendaciones",NA,"Medio","Alto","Alto","Alto","Alto","Me interesa","Me interesa","Me interesa","Indiferente","Me interesa","Consumo diariamente","Consumo poco (1-2 veces)","Consumo poco (1-2 veces)","Consumo poco (1-2 veces)","Consumo diariamente",0
2025-10-27 22:00:19.332,"Sí","Constitución","Sí","Todos los días","Sí","2 veces a la semana","Al centro","Espresso",NA,"$ 15.000","Sí","Sí","Sí",NA,"Sí","Snacks para llevar","Ambos formatos",NA,NA,"34.0","Femenino","$500.001 - $800.000","Sí","2 veces",NA,"Probar productos","Recomendaciones",NA,"Medio","Alto","Alto","Alto","Alto","Indiferente","Indiferente","Me interesa","Me interesa","Indiferente","Consumo mucho (3-4 veces)","Consumo poco (1-2 veces)","Consumo poco (1-2 veces)","No consumo","Consumo mucho (3-4 veces)",0
2025-10-27 22:05:30.738,"Sí","Constitución","Sí","Todos los días","Sí","1 vez a la semana","Al centro","Moca",NA,"Menos de $5.000","Sí","Sí","Sí",NA,"No","Bebidas frías (Frappés, smoothies, jugos naturales), Pizza y Sándwich","Ambos formatos",NA,NA,"33.0","Femenino","Menos de $500.000","Sí","4 veces",NA,"Todos","Recomendaciones",NA,"Muy alto","Muy alto","Muy alto","Muy alto","Muy alto","Me interesa","Me interesa","Me interesa","Me interesa","No me interesa","Consumo diariamente","Consumo diariamente","Consumo diariamente","Consumo diariamente","Consumo diariamente",0
2025-10-28 12:02:10.852,"Sí","Visitante","Sí","3 veces por semana","Sí","1 vez a la semana","Al centro","Descafeinado",NA,"$ 10.000",NA,NA,NA,NA,NA,NA,NA,NA,NA,"28.0","Femenino","$500.001 - $800.000","No","No la conozco",NA,"Relajarse /disfrutar del ambiente","Cercanía o ubicación",NA,"Medio","Alto","Alto","Alto","Alto",NA,NA,NA,NA,NA,"Consumo mucho (3-4 veces)","Consumo poco (1-2 veces)","Consumo poco (1-2 veces)","Consumo poco (1-2 veces)","Consumo poco (1-2 veces)",0
2025-10-28 13:23:05.338,"Sí","Visitante","Sí","Todos los días","Sí","1 vez a la semana","Al centro","Capuccino",NA,"$ 15.000","Sí","Sí","Sí",NA,"Sí","Bebidas frías (Frappés, smoothies, jugos naturales), Helados y postres fríos, Snacks para llevar, Pizza y Sándwich","Ambos formatos",NA,NA,"23.0","Femenino","Menos de $500.000","Sí","2 veces",NA,"Compartir con amigos/familia","Redes sociales",NA,"Alto","Muy alto","Alto","Muy alto","Muy alto","Me interesa","Indiferente","Indiferente","Indiferente","Me interesa","Consumo diariamente","Consumo poco (1-2 veces)","Consumo mucho (3-4 veces)","Consumo mucho (3-4 veces)","Consumo diariamente",0
2025-10-28 13:32:43.101,"Sí","Visitante","Sí","1 vez por semana","Sí","1 vez a la semana","Al centro","Capuccino",NA,"$ 10.000","Sí","Sí","Sí",NA,"Sí","Helados y postres fríos","Ambos formatos",NA,NA,"45.0","Masculino","1.000.001 - $1.999.990","Sí","2 veces",NA,"Compartir con amigos/familia","Recomendaciones",NA,"Medio","Alto","Alto","Alto","Alto","Me interesa","Me interesa","Indiferente","Me interesa","Indiferente","Consumo poco (1-2 veces)","Consumo poco (1-2 veces)","Consumo mucho (3-4 veces)","Consumo mucho (3-4 veces)","Consumo mucho (3-4 veces)",0
2025-10-28 14:12:13.573,"Sí","Constitución","Sí","3 veces por semana","Sí","1 vez a la semana","Al centro","Moca",NA,"$ 10.000",NA,NA,NA,NA,NA,NA,NA,NA,NA,"22.0","Femenino","Menos de $500.000","No","0.0",NA,"Relajarse /disfrutar del ambiente","Redes sociales",NA,"Medio","Alto","Alto","Alto","Muy alto",NA,NA,NA,NA,NA,"Consumo mucho (3-4 veces)","Consumo poco (1-2 veces)","Consumo mucho (3-4 veces)","Consumo mucho (3-4 veces)","No consumo",0
2025-10-28 15:45:04.1,"Sí","Visitante","Sí","Todos los días","Sí","1 vez a la semana","Al centro","Espresso",NA,"$ 15.000",NA,NA,NA,NA,NA,NA,NA,NA,NA,"21.0","Femenino","$500.001 - $800.000","No","Aun no",NA,"Compartir con amigos/familia","Redes sociales",NA,"Medio","Alto","Alto","Alto","Bajo",NA,NA,NA,NA,NA,"Consumo mucho (3-4 veces)","No consumo","Consumo poco (1-2 veces)","No consumo","Consumo poco (1-2 veces)",0
2025-10-28 19:04:44.169,"Sí","Constitución","Sí","Todos los días","Sí","3 veces a la semana","Al centro","Capuccino",NA,"$ 10.000","Sí","Sí","Sí",NA,"Sí","Bebidas frías (Frappés, smoothies, jugos naturales), Helados y postres fríos, Snacks para llevar, Pizza y Sándwich","Ambos formatos",NA,NA,"30.0","Femenino","$500.001 - $800.000","Sí","4 veces",NA,"Compartir con amigos/familia","Redes sociales",NA,"Medio","Muy alto","Muy alto","Muy alto","Medio","Indiferente","Indiferente","Me interesa","Me interesa","Me interesa","Consumo diariamente","Consumo poco (1-2 veces)","Consumo mucho (3-4 veces)","Consumo poco (1-2 veces)","Consumo poco (1-2 veces)",0
2025-10-28 19:05:04.342,"Sí","Constitución","No","Nunca","Sí","1 vez a la semana","Al centro","No tomo",NA,"$ 10.000","Sí","No","Indiferente",NA,"Sí","Bebidas frías (Frappés, smoothies, jugos naturales), Helados y postres fríos, Snacks para llevar, Pizza y Sándwich","Ambos formatos",NA,NA,"28.0","Femenino","$800.001 - $1.000.000","Sí","3 veces",NA,"Relajarse /disfrutar del ambiente","Recomendaciones",NA,"Medio","Alto","Alto","Alto","Alto","Me interesa","Me interesa","Me interesa","Me interesa","Indiferente","No consumo","Consumo poco (1-2 veces)","Consumo diariamente","Consumo mucho (3-4 veces)","Consumo diariamente",0
2025-10-28 19:10:01.248,"Sí","Constitución","Sí","3 veces por semana","Sí","1 vez a la semana","Al centro","Moca",NA,"$ 15.000","Sí","Sí","No",NA,"Sí","Helados y postres fríos","Servicio con mesas dentro y fuera del local",NA,NA,"22.0","Femenino","Menos de $500.000","Sí","3 veces",NA,"Compartir con amigos/familia","Redes sociales",NA,"Alto","Muy alto","Muy alto","Muy alto","Muy alto","Me interesa","No me interesa","Me interesa","No me interesa","Me interesa","Consumo mucho (3-4 veces)","Consumo poco (1-2 veces)","Consumo mucho (3-4 veces)","Consumo mucho (3-4 veces)","Consumo diariamente",0
2025-10-28 19:20:40.307,"Sí","Constitución","Sí","Todos los días","Sí","2 veces por semana","Al centro","Espresso",NA,"$ 15.000","Sí","Sí","Sí",NA,"Sí","Helados y postres fríos, Pizza y Sándwich","Servicio con mesas dentro y fuera del local",NA,NA,"40.0","Femenino","$800.001 - $1.000.000","Sí","1 vez",NA,"Probar productos","Recomendaciones",NA,"Medio","Medio","Alto","Muy alto","Alto","No me interesa","No me interesa","No me interesa","No me interesa","No me interesa","Consumo diariamente","Consumo poco (1-2 veces)","Consumo poco (1-2 veces)","No consumo","Consumo diariamente",0
2025-10-28 19:21:19.542,"Sí","Visitante","Sí","3 veces por semana","Sí","1 vez a la semana","Cerca de la playa","Capuccino",NA,"$ 10.000","Sí","Indiferente","Indiferente",NA,"Indiferente","Helados y postres fríos","Ambos formatos",NA,NA,"23.0","Femenino","Menos de $500.000","Sí","1 vez",NA,"Compartir con amigos/familia","Recomendaciones",NA,"Medio","Muy alto","Muy alto","Muy alto","Muy alto","Me interesa","No me interesa","Indiferente","Me interesa","No me interesa","Consumo mucho (3-4 veces)","Consumo poco (1-2 veces)","Consumo mucho (3-4 veces)","Consumo mucho (3-4 veces)","Consumo diariamente",0
2025-10-28 19:21:39.566,"Sí","Constitución","Sí","1 vez por semana","Sí","2 veces a la semana","Al centro","Moca",NA,"$ 15.000","Sí","Sí","Sí",NA,"Sí","Bebidas frías (Frappés, smoothies, jugos naturales), Helados y postres fríos, Snacks para llevar, Pizza y Sándwich","Servicio rápidos para llevar",NA,NA,"30.0","Femenino","$500.001 - $800.000","Sí","2 veces",NA,"Compartir con amigos/familia","Redes sociales",NA,"Medio","Alto","Muy alto","Muy alto","Alto","Me interesa","Me interesa","No me interesa","Me interesa","No me interesa","Consumo mucho (3-4 veces)","Consumo poco (1-2 veces)","No consumo","No consumo","No consumo",0
2025-10-28 19:35:46.42,"Sí","Constitución","Sí","Todos los días","Sí","1 vez a la semana","Al centro","Filtrado",NA,"$ 10.000","Sí","No","Sí",NA,"Sí","Helados y postres fríos","Ambos formatos",NA,NA,"27.0","Femenino","$500.001 - $800.000","Sí","4 veces",NA,"Probar productos","Recomendaciones",NA,"Medio","Alto","Alto","Alto","Medio","Me interesa","Me interesa","Indiferente","No me interesa","Me interesa","Consumo diariamente","Consumo mucho (3-4 veces)","Consumo mucho (3-4 veces)","Consumo poco (1-2 veces)","Consumo mucho (3-4 veces)",0
2025-10-28 19:38:27.721,"Sí","Constitución","Sí","Todos los días","Sí","3 veces a la semana","Al centro","Moca",NA,"Más de $20.000","Sí","No","No",NA,"Sí","Bebidas frías (Frappés, smoothies, jugos naturales)","Ambos formatos",NA,NA,"26.0","Femenino","$500.001 - $800.000","Sí","4 veces",NA,"Compartir con amigos/familia","Redes sociales",NA,"Medio","Alto","Alto","Alto","Alto","Me interesa","No me interesa","Indiferente","Me interesa","Me interesa","Consumo mucho (3-4 veces)","Consumo poco (1-2 veces)","Consumo mucho (3-4 veces)","Consumo poco (1-2 veces)","Consumo poco (1-2 veces)",0
2025-10-28 19:44:53.313,"Sí","Constitución","Sí","1 vez por semana","Sí","2 veces a la semana","Al centro","Descafeinado",NA,"$ 15.000","Sí","Indiferente","Sí",NA,"Sí","Bebidas frías (Frappés, smoothies, jugos naturales), Snacks para llevar, Pizza y Sándwich","Servicio con mesas dentro y fuera del local",NA,NA,"23.0","Femenino","Prefiero no decirlo","Sí","4 veces",NA,"Compartir con amigos/familia","Recomendaciones",NA,"Bajo","Medio","Alto","Alto","Medio","Indiferente","Indiferente","Indiferente","Indiferente","Indiferente","Consumo poco (1-2 veces)","Consumo poco (1-2 veces)","Consumo mucho (3-4 veces)","Consumo poco (1-2 veces)","Consumo mucho (3-4 veces)",0
2025-10-28 19:45:56.664,"Sí","Constitución","Sí","Todos los días","Sí","1 vez a la semana","Al centro","Espresso",NA,"Menos de $5.000","Sí","No","Sí",NA,"Sí","Bebidas frías (Frappés, smoothies, jugos naturales), Helados y postres fríos, Pizza y Sándwich","Servicio con mesas dentro y fuera del local",NA,NA,"24.0","Femenino","Menos de $500.000","Sí","1 vez",NA,"Compartir con amigos/familia","Recomendaciones",NA,"Medio","Medio","Medio","Medio","Alto","Me interesa","Me interesa","Me interesa","Me interesa","Me interesa","Consumo mucho (3-4 veces)","Consumo poco (1-2 veces)","Consumo mucho (3-4 veces)","Consumo mucho (3-4 veces)","Consumo poco (1-2 veces)",0
2025-10-28 19:55:41.104,"Sí","Constitución","Sí","Todos los días","Sí","2 veces a la semana","Al centro","Latte",NA,"Menos de $5.000","Sí","Indiferente","Sí",NA,"Sí","Snacks para llevar","Ambos formatos",NA,NA,"21.0","Femenino","$500.001 - $800.000","Sí","Unas 10 veces",NA,"Relajarse /disfrutar del ambiente","Redes sociales",NA,"Medio","Alto","Alto","Alto","Medio","Me interesa","Me interesa","Me interesa","Me interesa","Me interesa","Consumo mucho (3-4 veces)","Consumo poco (1-2 veces)","Consumo poco (1-2 veces)","Consumo mucho (3-4 veces)","Consumo diariamente",0
2025-10-28 19:59:47.387,"Sí","Constitución","Sí","2 veces por semana","Sí","1 vez a la semana","Al centro","Capuccino",NA,"Menos de $5.000","Sí","Indiferente","Sí",NA,"Sí","Bebidas frías (Frappés, smoothies, jugos naturales), Pizza y Sándwich","Ambos formatos",NA,NA,"55.0","Femenino","$500.001 - $800.000","Sí","1 vez",NA,"Relajarse /disfrutar del ambiente","Cercanía o ubicación",NA,"Alto","Alto","Alto","Medio","Medio","Me interesa","No me interesa","Me interesa","Me interesa","Me interesa","Consumo poco (1-2 veces)","Consumo poco (1-2 veces)","Consumo mucho (3-4 veces)","Consumo mucho (3-4 veces)","Consumo mucho (3-4 veces)",0
2025-10-28 20:11:37.818,"Sí","Constitución","Sí","Todos los días","Sí","1 vez a la semana","Al centro","Capuccino",NA,"$ 10.000","Sí","Indiferente","Indiferente",NA,"Sí","Bebidas frías (Frappés, smoothies, jugos naturales), Helados y postres fríos, Snacks para llevar","Servicio con mesas dentro y fuera del local",NA,NA,"26.0","Femenino","Más de $2.000.000","Sí","4 veces",NA,"Relajarse /disfrutar del ambiente","Cercanía o ubicación",NA,"Medio","Medio","Alto","Alto","Alto","Me interesa","No me interesa","No me interesa","Me interesa","No me interesa","Consumo mucho (3-4 veces)","Consumo poco (1-2 veces)","Consumo poco (1-2 veces)","No consumo","Consumo poco (1-2 veces)",0
2025-10-28 20:16:58.689,"Sí","Constitución","Sí","2 veces al mes aprox","Sí","1 vez al mes","Al centro","Americano",NA,"$ 15.000","Sí","Indiferente","Sí",NA,"Sí","Bebidas frías (Frappés, smoothies, jugos naturales), Pizza y Sándwich","Ambos formatos",NA,NA,"27.0","Femenino","Prefiero no decirlo","Sí","1 vez",NA,"Relajarse /disfrutar del ambiente","Redes sociales",NA,"Alto","Muy alto","Alto","Muy alto","Alto","Me interesa","Indiferente","Me interesa","Me interesa","Me interesa","Consumo poco (1-2 veces)","Consumo poco (1-2 veces)","Consumo mucho (3-4 veces)","Consumo poco (1-2 veces)","Consumo diariamente",0
2025-10-28 20:21:08.365,"Sí","Constitución","Sí","Todos los días","Sí","1 vez a la semana","Al centro","Espresso",NA,"$ 10.000","Sí","No","Indiferente",NA,"Indiferente","Helados y postres fríos","Servicio rápidos para llevar",NA,NA,"36.0","Femenino","1.000.001 - $1.999.990","Sí","4 veces",NA,"Relajarse /disfrutar del ambiente","Cercanía o ubicación",NA,"Medio","Alto","Alto","Alto","Alto","Me interesa","No me interesa","Indiferente","No me interesa","No me interesa","Consumo mucho (3-4 veces)","Consumo mucho (3-4 veces)","No consumo","No consumo","Consumo mucho (3-4 veces)",0
2025-10-28 20:22:24.317,"Sí","Constitución","Sí","Todos los días","Sí","1 vez a la semana","Al centro","Descafeinado",NA,"$ 10.000","Sí","Sí","Sí",NA,"No","Helados y postres fríos","Ambos formatos",NA,NA,"54.0","Femenino","Menos de $500.000","Sí","4 veces",NA,"Compartir con amigos/familia","Recomendaciones",NA,"Medio","Muy alto","Muy alto","Muy alto","Muy alto","Me interesa","Me interesa","Me interesa","Me interesa","Me interesa","Consumo mucho (3-4 veces)","Consumo poco (1-2 veces)","Consumo poco (1-2 veces)","Consumo diariamente","Consumo diariamente",0
2025-10-28 20:54:39.591,"Sí","Constitución","Sí","Todos los días","Sí","1 vez a la semana","Al centro","Descafeinado",NA,"$ 15.000","Sí","Sí","Sí",NA,"Sí","Bebidas frías (Frappés, smoothies, jugos naturales), Helados y postres fríos, Pizza y Sándwich","Ambos formatos",NA,NA,"31.0","Femenino","$800.001 - $1.000.000","Sí","2 veces",NA,"Probar productos","Redes sociales",NA,"Medio","Muy alto","Alto","Alto","Alto","No me interesa","Me interesa","Indiferente","Me interesa","No me interesa","Consumo diariamente","Consumo mucho (3-4 veces)","Consumo diariamente","Consumo diariamente","Consumo poco (1-2 veces)",0
2025-10-28 20:56:46.713,"Sí","Constitución","Sí","2 veces por semana","Sí","1 vez a la semana","Al centro","Capuccino",NA,"$ 15.000","No","Sí","Indiferente",NA,"Indiferente","Helados y postres fríos","Ambos formatos",NA,NA,"32.0","Femenino","Prefiero no decirlo","Sí","2 veces",NA,"Relajarse /disfrutar del ambiente","Cercanía o ubicación",NA,"Bajo","Muy alto","Muy alto","Muy alto","Alto","Me interesa","No me interesa","Me interesa","Me interesa","No me interesa","Consumo poco (1-2 veces)","No consumo","Consumo poco (1-2 veces)","Consumo mucho (3-4 veces)","Consumo diariamente",0
2025-10-28 21:00:44.244,"Sí","Constitución","No",NA,"Sí","1 vez a la semana","Al centro",NA,NA,"$ 15.000","Sí","Sí","Sí",NA,"Sí","Helados y postres fríos","Servicio con mesas dentro y fuera del local",NA,NA,"29.0","Femenino","$800.001 - $1.000.000","Sí","3 veces",NA,"Relajarse /disfrutar del ambiente","Recomendaciones",NA,"Muy Bajo","Muy alto","Muy alto","Muy alto","Muy alto","Me interesa","Indiferente","Me interesa","Indiferente","No me interesa","No consumo","Consumo poco (1-2 veces)","Consumo diariamente","Consumo poco (1-2 veces)","Consumo diariamente",0
2025-10-28 21:02:25.235,"Sí","Constitución","Sí","Todos los días","Sí","1 vez a la semana","Al centro","Capuccino",NA,"$ 15.000","No","Sí","Sí",NA,"Sí","Bebidas frías (Frappés, smoothies, jugos naturales), Snacks para llevar, Pizza y Sándwich","Ambos formatos",NA,NA,"30.0","Masculino","1.000.001 - $1.999.990","Sí","3 veces",NA,"Compartir con amigos/familia","Redes sociales",NA,"Medio","Alto","Alto","Alto","Alto","Me interesa","Me interesa","No me interesa","Me interesa","Me interesa","Consumo mucho (3-4 veces)","Consumo poco (1-2 veces)","Consumo poco (1-2 veces)","Consumo poco (1-2 veces)","Consumo poco (1-2 veces)",0
2025-10-28 21:02:31.475,"Sí","Constitución","Sí","Todos los días","Sí","Todos los días","Al centro","Doppio",NA,"Más de $20.000","Sí","No","Sí",NA,"Sí","Bebidas frías (Frappés, smoothies, jugos naturales), Helados y postres fríos","Servicio con mesas dentro y fuera del local",NA,NA,"34.0","Masculino","1.000.001 - $1.999.990","Sí","Todos los días",NA,"Compartir con amigos/familia","Recomendaciones",NA,"Medio","Alto","Alto","Alto","Alto","No me interesa","No me interesa","No me interesa","No me interesa","Me interesa","Consumo diariamente","Consumo poco (1-2 veces)","Consumo diariamente","Consumo mucho (3-4 veces)","Consumo poco (1-2 veces)",0
2025-10-28 21:08:55.307,"Sí","Constitución","Sí","Todos los días","Sí","1 vez a la semana","Al centro","Latte",NA,"$ 15.000","Sí","No","Sí",NA,"No","Helados y postres fríos","Ambos formatos",NA,NA,"40.0","Femenino","$800.001 - $1.000.000","Sí","2 veces",NA,"Relajarse /disfrutar del ambiente","Redes sociales",NA,"Medio","Muy alto","Muy alto","Muy alto","Muy alto","Indiferente","Me interesa","Me interesa","Me interesa","No me interesa","Consumo poco (1-2 veces)","Consumo poco (1-2 veces)","Consumo mucho (3-4 veces)","No consumo","Consumo poco (1-2 veces)",0
2025-10-28 21:10:42.801,"Sí","Visitante","Sí","Todos los días","Sí","2 veces a la semana","Al centro","Espresso",NA,"Más de $20.000","Sí","Sí","Sí",NA,"Sí","Bebidas frías (Frappés, smoothies, jugos naturales), Helados y postres fríos, Pizza y Sándwich","Ambos formatos",NA,NA,"38.0","Masculino","$800.001 - $1.000.000","Sí","3 veces",NA,"Relajarse /disfrutar del ambiente","Redes sociales",NA,"Alto","Muy alto","Muy alto","Muy alto","Muy alto","Indiferente","Me interesa","Me interesa","Me interesa","Indiferente","Consumo diariamente","Consumo mucho (3-4 veces)","Consumo poco (1-2 veces)","Consumo poco (1-2 veces)","Consumo poco (1-2 veces)",0
2025-10-28 21:11:31.134,"Sí","Constitución","Sí","Todos los días","Sí","Cada dos semanas","Al centro","Descafeinado",NA,"$ 15.000","Sí","Sí","Sí",NA,"Sí","Bebidas frías (Frappés, smoothies, jugos naturales)","Ambos formatos",NA,NA,"35.0","Femenino","1.000.001 - $1.999.990","Sí","2 veces",NA,"Probar productos","Redes sociales",NA,"Medio","Alto","Alto","Alto","Alto","Me interesa","No me interesa","Me interesa","Me interesa","No me interesa","Consumo mucho (3-4 veces)","Consumo poco (1-2 veces)","Consumo mucho (3-4 veces)","Consumo poco (1-2 veces)","Consumo poco (1-2 veces)",0
2025-10-28 21:16:35.067,"Sí","Constitución","Sí","Todos los días","Sí","2 veces al mes","Al centro","Instantáneo",NA,"$ 15.000","Sí","Sí","Sí",NA,"Sí","Pizza y Sándwich, Croissant o pasteles de hoja rellenos","Ambos formatos",NA,NA,"34.0","Femenino","1.000.001 - $1.999.990","Sí","1 vez",NA,"Compartir con amigos/familia","Redes sociales",NA,"Medio","Muy alto","Muy alto","Muy alto","Alto","Me interesa","Indiferente","Indiferente","Me interesa","Me interesa","Consumo diariamente","Consumo poco (1-2 veces)","Consumo mucho (3-4 veces)","Consumo poco (1-2 veces)","Consumo mucho (3-4 veces)",0
2025-10-28 21:28:57.782,"Sí","Constitución","No",NA,"Sí","2 veces a la semana","Al centro",NA,NA,"Entre 5.000 y 10.000","Sí","Indiferente","Indiferente",NA,"Indiferente","Snacks para llevar","Ambos formatos",NA,NA,"18 años","Femenino","Menos de $500.000","Sí","4 veces",NA,"Relajarse /disfrutar del ambiente","Todas las anteriored",NA,"Medio","Alto","Alto","Alto","Medio","Indiferente","Indiferente","Indiferente","Indiferente","Indiferente","No consumo","Consumo mucho (3-4 veces)","Consumo poco (1-2 veces)","Consumo poco (1-2 veces)","Consumo poco (1-2 veces)",0
2025-10-28 21:38:19.128,"Sí","Visitante","Sí","Todos los días","Sí","1 vez a la semana","Al centro","Capuccino",NA,"$ 15.000","Sí","Sí","Sí",NA,"Sí","Bebidas frías (Frappés, smoothies, jugos naturales), Pizza y Sándwich","Ambos formatos",NA,NA,"45.0","Femenino","Prefiero no decirlo","Sí","0.0",NA,"Trabajar o Estudiar","Redes sociales",NA,"Alto","Muy alto","Muy alto","Muy alto","Alto","Me interesa","Me interesa","Indiferente","Me interesa","No me interesa","Consumo diariamente","Consumo poco (1-2 veces)","Consumo diariamente","No consumo","Consumo mucho (3-4 veces)",0
2025-10-28 21:38:27.002,"Sí","Visitante","Sí","3 veces por semana","Sí","1 vez a la semana","Cerca de mi hogar","Espresso",NA,"$ 10.000","Sí","Indiferente","Sí",NA,"Sí","Bebidas frías (Frappés, smoothies, jugos naturales), Helados y postres fríos, Snacks para llevar, Pizza y Sándwich","Ambos formatos",NA,NA,"24 años","Femenino","Prefiero no decirlo","Sí","3 veces",NA,"Relajarse /disfrutar del ambiente","Redes sociales",NA,"Medio","Alto","Alto","Alto","Medio","Me interesa","Indiferente","Indiferente","Me interesa","Indiferente","Consumo mucho (3-4 veces)","Consumo poco (1-2 veces)","Consumo mucho (3-4 veces)","Consumo diariamente","No consumo",0
2025-10-28 21:48:01.697,"Sí","Constitución","Sí","3 veces por semana","Sí","2 veces por semana","Al centro","Moca",NA,"$ 10.000","Sí","Sí","Sí",NA,"Sí","Pizza y Sándwich","Ambos formatos",NA,NA,"30.0","Femenino","Menos de $500.000","Sí","1 vez",NA,"Compartir con amigos/familia","Redes sociales",NA,"Medio","Medio","Alto","Alto","Alto","Me interesa","Me interesa","Me interesa","Me interesa","Indiferente","Consumo poco (1-2 veces)","Consumo poco (1-2 veces)","Consumo mucho (3-4 veces)","Consumo poco (1-2 veces)","Consumo mucho (3-4 veces)",0
2025-10-28 22:22:41.157,"Sí","Constitución","Sí","Todos los días","Sí","1 vez a la semana","Al centro","Moca",NA,"Menos de $5.000","No","Sí","Indiferente",NA,"Sí","Bebidas frías (Frappés, smoothies, jugos naturales), Helados y postres fríos, Snacks para llevar, Pizza y Sándwich","Ambos formatos",NA,NA,"32.0","Femenino","Menos de $500.000","Sí","6 veces por semana",NA,"Probar productos","Recomendaciones",NA,"Alto","Alto","Alto","Alto","Alto","No me interesa",NA,"No me interesa","No me interesa","No me interesa","Consumo mucho (3-4 veces)","Consumo poco (1-2 veces)","Consumo mucho (3-4 veces)","Consumo poco (1-2 veces)","Consumo poco (1-2 veces)",0
2025-10-28 22:26:28.569,"Sí","Constitución","Sí","Todos los días","Sí","2 veces a la semana","Al centro","Moca",NA,"$ 15.000","Sí","Indiferente","Sí",NA,"Sí","Helados y postres fríos","Ambos formatos",NA,NA,"28.0","Femenino","$500.001 - $800.000","Sí","7 veces",NA,"Compartir con amigos/familia","Recomendaciones",NA,"Medio","Alto","Alto","Medio","Alto","Me interesa","Me interesa","Indiferente","Indiferente","Indiferente","Consumo mucho (3-4 veces)","Consumo poco (1-2 veces)","Consumo poco (1-2 veces)","Consumo mucho (3-4 veces)","Consumo poco (1-2 veces)",0
2025-10-28 22:28:07.955,"Sí","Constitución","Sí","3 veces por semana","Sí","2 veces a la semana","Al centro","Descafeinado",NA,"$ 15.000","Sí","Indiferente","Sí",NA,"Sí","Bebidas frías (Frappés, smoothies, jugos naturales), Helados y postres fríos, Snacks para llevar, Pizza y Sándwich","Ambos formatos",NA,NA,"33.0","Femenino","1.000.001 - $1.999.990","Sí","3 veces",NA,"Compartir con amigos/familia","Recomendaciones",NA,"Muy Bajo","Alto","Alto","Alto","Bajo","Me interesa","No me interesa","No me interesa","Me interesa","No me interesa","Consumo mucho (3-4 veces)","Consumo poco (1-2 veces)","Consumo poco (1-2 veces)","Consumo mucho (3-4 veces)","Consumo mucho (3-4 veces)",0
2025-10-28 22:37:53.898,"Sí","Constitución","Sí","Todos los días","Sí","2 -3 veces al mes","Al centro","Espresso",NA,"$ 15.000","Sí","Indiferente","Sí",NA,"Indiferente","Helados y postres fríos, Pizza y Sándwich","Ambos formatos",NA,NA,"36.0","Femenino","$800.001 - $1.000.000","Sí","Ninguna",NA,"Compartir con amigos/familia","Recomendaciones",NA,"Medio","Muy alto","Muy alto","Muy alto","Medio","Indiferente","Me interesa","Me interesa","Me interesa","Me interesa","Consumo diariamente","Consumo poco (1-2 veces)","Consumo diariamente","Consumo mucho (3-4 veces)","Consumo diariamente",0
2025-10-28 22:56:10.921,"Sí","Constitución","Sí","2 veces por semana","Sí","1 vez al mes","Al centro","Capuccino",NA,"$ 10.000","Sí","Sí","Sí",NA,"Sí","Bebidas frías (Frappés, smoothies, jugos naturales)","Ambos formatos",NA,NA,"32.0","Femenino","1.000.001 - $1.999.990","Sí","1 vez",NA,"Compartir con amigos/familia","Recomendaciones",NA,"Medio","Alto","Muy alto","Muy alto","Medio","Indiferente","Me interesa","Me interesa","Me interesa","Me interesa","Consumo poco (1-2 veces)","Consumo poco (1-2 veces)","Consumo diariamente","Consumo poco (1-2 veces)","Consumo diariamente",0
2025-10-28 23:15:03.244,"Sí","Constitución","Sí","2 veces por semana","Sí","3 veces a la semana","Al centro","Capuccino",NA,"$ 10.000","Sí","Indiferente","Sí",NA,"Sí","Bebidas frías (Frappés, smoothies, jugos naturales)","Ambos formatos",NA,NA,"27.0","Femenino","$500.001 - $800.000","Sí","2 veces",NA,"Probar productos","Redes sociales",NA,"Alto","Alto","Alto","Alto","Alto","Me interesa","Me interesa","Me interesa","Me interesa","Me interesa","Consumo poco (1-2 veces)","Consumo poco (1-2 veces)","Consumo poco (1-2 veces)","Consumo poco (1-2 veces)","No consumo",0
2025-10-29 00:00:49.855,"Sí","Visitante","Sí","3 veces por semana","No",NA,NA,"Nescafé",NA,NA,NA,NA,NA,NA,NA,NA,NA,NA,NA,"18.0","Femenino","Menos de $500.000","No",NA,NA,"Probar productos","Cercanía o ubicación",NA,"Medio","Alto","Alto","Alto","Alto",NA,NA,NA,NA,NA,"Consumo mucho (3-4 veces)","Consumo poco (1-2 veces)","Consumo diariamente","Consumo diariamente","Consumo poco (1-2 veces)",0
2025-10-29 09:42:07.395,"Sí","Constitución","Sí","Todos los días","Sí","1 vez a la semana","Al centro","Espresso",NA,"$ 10.000","Sí","Indiferente","Indiferente",NA,"Sí","Bebidas frías (Frappés, smoothies, jugos naturales), Helados y postres fríos","Ambos formatos",NA,NA,"28.0","Femenino","$500.001 - $800.000","Sí","3 veces",NA,"Compartir con amigos/familia","Recomendaciones",NA,"Medio","Alto","Alto","Alto","Medio","Me interesa","Me interesa","Indiferente","Indiferente","Me interesa","Consumo mucho (3-4 veces)","Consumo poco (1-2 veces)","Consumo poco (1-2 veces)","Consumo poco (1-2 veces)","Consumo poco (1-2 veces)",0
2025-10-29 09:44:50.028,"Sí","Constitución","Sí","Todos los días","Sí","2 veces a la semana","Cerca de mi hogar","Espresso",NA,"$ 10.000","No","No","Sí",NA,"Sí","Helados y postres fríos","Servicio con mesas dentro y fuera del local",NA,NA,"38.0","Femenino","Más de $2.000.000","Sí","4 veces",NA,"Compartir con amigos/familia","Recomendaciones",NA,"Medio","Muy alto","Muy alto","Alto","Medio","Indiferente","No me interesa","Me interesa","Me interesa","Indiferente","Consumo diariamente","Consumo poco (1-2 veces)","Consumo poco (1-2 veces)","Consumo poco (1-2 veces)","Consumo poco (1-2 veces)",0
2025-10-29 10:13:44.646,"Sí","Constitución","Sí","1 vez por semana","Sí","Algunas veces","Al centro","Capuccino",NA,"Menos de $5.000","Sí","Sí","Indiferente",NA,"Sí","Bebidas frías (Frappés, smoothies, jugos naturales), Helados y postres fríos, Pizza y Sándwich","Ambos formatos",NA,NA,"49.0","Femenino","Prefiero no decirlo","Sí","Alguna veces",NA,"Compartir con amigos/familia","Recomendaciones",NA,"Bajo","Alto","Muy alto","Alto","Alto",NA,NA,NA,NA,NA,"Consumo poco (1-2 veces)","Consumo poco (1-2 veces)","Consumo poco (1-2 veces)","No consumo","Consumo mucho (3-4 veces)",0
2025-10-29 10:33:08.7,"Sí","Constitución","Sí","3 veces por semana","Sí","1 vez a la semana","Al centro","Espresso",NA,"Menos de $5.000","Sí","Indiferente","Sí",NA,"No",NA,NA,NA,NA,"42.0","Femenino","$800.001 - $1.000.000","Sí","4 veces",NA,"Compartir con amigos/familia","Recomendaciones",NA,"Alto","Alto","Muy alto","Alto","Bajo","Indiferente","Indiferente","Me interesa","No me interesa","Me interesa","Consumo poco (1-2 veces)","Consumo diariamente","Consumo poco (1-2 veces)","Consumo poco (1-2 veces)","Consumo poco (1-2 veces)",0
2025-10-29 10:47:37.826,"Sí","Constitución","Sí","2 veces por semana","Sí","2 veces a la semana","Al centro","Descafeinado",NA,"$ 10.000","Sí","Indiferente","Sí",NA,"Sí","Bebidas frías (Frappés, smoothies, jugos naturales), Helados y postres fríos, Pizza y Sándwich","Servicio con mesas dentro y fuera del local",NA,NA,"33.0","Masculino","1.000.001 - $1.999.990","Sí","4 veces",NA,"Relajarse /disfrutar del ambiente","Precio y promociones",NA,"Muy alto","Muy alto","Alto","Muy alto","Alto","Me interesa","No me interesa","Indiferente","Me interesa","Me interesa","Consumo poco (1-2 veces)","Consumo mucho (3-4 veces)","Consumo poco (1-2 veces)","Consumo poco (1-2 veces)","Consumo diariamente",0
2025-10-29 10:52:55.406,"Sí","Constitución","Sí","Todos los días","Sí","2 veces a la semana","En mi ciudad y otras ciudades","Normal y Latte",NA,"$ 10.000","Sí","Sí","Sí",NA,"Indiferente","Helados y postres fríos, Más variedad de cosas dulces y saladas y más stock de productos","Ambos formatos",NA,NA,"33.0","Femenino","$800.001 - $1.000.000","Sí","6 veces",NA,"Compartir con amigos/familia","Precio y promociones",NA,"Alto","Alto","Alto","Alto","Alto","Me interesa","Me interesa","Indiferente","Me interesa","No me interesa","Consumo poco (1-2 veces)","Consumo poco (1-2 veces)","Consumo poco (1-2 veces)","Consumo poco (1-2 veces)","Consumo poco (1-2 veces)",0
2025-10-29 12:42:18.68,"Sí","Constitución","Sí","Todos los días","Sí","2 veces a la semana","Al centro","Latte",NA,"Depende, pero generalmente entre 15mil a 20mil","Sí","Sí","Sí",NA,"Sí","Bebidas frías (Frappés, smoothies, jugos naturales), Helados y postres fríos, Snacks para llevar, Pizza y Sándwich","Ambos formatos",NA,NA,"28.0","Femenino","1.000.001 - $1.999.990","Sí","3 veces",NA,"Trabajar o estudie y regarse","Redes sociales",NA,"Medio","Muy alto","Muy alto","Muy alto","Muy alto","Me interesa","Indiferente","Me interesa","Me interesa","Indiferente","Consumo mucho (3-4 veces)","Consumo mucho (3-4 veces)","Consumo poco (1-2 veces)","Consumo poco (1-2 veces)","Consumo poco (1-2 veces)",0
2025-10-29 17:02:18.012,"Sí","Constitución","Sí","1 vez por semana","Sí","1 vez a la semana","Al centro","Capuccino",NA,"$ 10.000","Sí","Indiferente","Sí",NA,"Sí","Pizza y Sándwich","Ambos formatos",NA,NA,"38.0","Femenino","$500.001 - $800.000","Sí","1 vez",NA,"Probar productos","Recomendaciones",NA,"Muy Bajo","Muy alto","Muy alto","Muy alto","Medio","Indiferente","Me interesa","Indiferente","Indiferente","Indiferente","Consumo poco (1-2 veces)","Consumo poco (1-2 veces)","Consumo poco (1-2 veces)","No consumo","Consumo diariamente",0
2025-10-29 17:12:07.317,"Sí","Constitución","Sí","Todos los días","Sí","1 vez a la semana","Al centro","Espresso",NA,"$ 10.000","Sí","Sí","Sí",NA,"Indiferente","Bebidas frías (Frappés, smoothies, jugos naturales), Helados y postres fríos, Snacks para llevar, Pizza y Sándwich","Ambos formatos",NA,NA,"32.0","Femenino","$800.001 - $1.000.000","Sí","2 veces",NA,"Compartir con amigos/familia","Redes sociales",NA,"Muy Bajo","Alto","Alto","Alto","Medio","Me interesa","No me interesa","Indiferente","Me interesa","Me interesa","Consumo diariamente","Consumo poco (1-2 veces)","Consumo mucho (3-4 veces)","Consumo diariamente","No consumo",0
2025-10-29 18:04:29.262,"Sí","Constitución","No",NA,"No",NA,NA,NA,NA,"Menos de $5.000","Sí","Sí","Indiferente",NA,"Sí","Snacks para llevar","Ambos formatos",NA,NA,"35.0","Femenino","$500.001 - $800.000","Sí","1 vez",NA,"Probar productos","Recomendaciones",NA,"Bajo","Muy alto","Muy alto","Muy alto","Alto","Me interesa","No me interesa",NA,NA,NA,"No consumo","Consumo poco (1-2 veces)","Consumo poco (1-2 veces)","No consumo","No consumo",0
2025-10-29 18:09:09.536,"Sí","Constitución","Sí","Todos los días","Sí","1 vez a la semana","Al centro","Espresso",NA,"$ 15.000","Sí","Sí","Sí",NA,"Sí","Todas las opciones","Ambos formatos",NA,NA,"43.0","Femenino","$800.001 - $1.000.000","Sí","2 veces",NA,"Compartir con amigos/familia","Recomendaciones",NA,"Medio","Muy alto","Muy alto","Muy alto","Muy alto","Me interesa","Me interesa","Me interesa","Me interesa","Me interesa","Consumo diariamente","Consumo poco (1-2 veces)","Consumo poco (1-2 veces)","Consumo poco (1-2 veces)","Consumo poco (1-2 veces)",0
2025-10-29 20:34:44.784,"Sí","Constitución","Sí","2 veces por semana","Sí","2 veces a la semana","Cerca de mi hogar","Capuccino",NA,"$ 10.000","Sí","Sí","No",NA,"No",NA,"Servicio con mesas dentro y fuera del local",NA,NA,"48.0","Femenino","$500.001 - $800.000","Sí","1 vez",NA,"Relajarse /disfrutar del ambiente","Redes sociales",NA,"Medio","Muy alto","Alto","Medio","Alto",NA,NA,NA,NA,NA,"No consumo","Consumo poco (1-2 veces)","Consumo mucho (3-4 veces)","Consumo diariamente","No consumo",0
2025-11-01 12:45:18.224,"Sí","Visitante","Sí","Todos los días","Sí","De vez en cuando","Al centro","Descafeinado",NA,"$ 10.000",NA,NA,NA,NA,NA,NA,NA,NA,NA,"24.0","Masculino","1.000.001 - $1.999.990","No",NA,NA,"Relajarse /disfrutar del ambiente","Precio y promociones",NA,"Medio","Alto","Alto","Medio","Medio",NA,NA,NA,NA,NA,"Consumo diariamente","No consumo","No consumo","Consumo diariamente","No consumo",0
2025-11-02 11:10:33.573,"Sí","Constitución","Sí","3 veces por semana","Sí","3 veces a la semana","Al centro","Capuccino",NA,"$ 15.000","Sí","Sí","Sí",NA,"Sí","Bebidas frías (Frappés, smoothies, jugos naturales), Helados y postres fríos, Pizza y Sándwich","Ambos formatos",NA,NA,"42.0","Femenino","1.000.001 - $1.999.990","Sí","3 veces",NA,"Relajarse /disfrutar del ambiente","Redes sociales",NA,"Bajo","Muy alto","Muy alto","Muy alto","Medio","Me interesa","Me interesa","No me interesa","No me interesa","No me interesa","Consumo mucho (3-4 veces)","Consumo poco (1-2 veces)","Consumo poco (1-2 veces)","Consumo mucho (3-4 veces)","Consumo diariamente",0
2025-11-25 10:14:40.833,"Sí","Constitución","No",NA,"Sí","2 veces a la semana","Al centro",NA,NA,"$ 10.000","Sí","Sí","Sí",NA,"Sí","Bebidas frías (Frappés, smoothies, jugos naturales), Helados y postres fríos, Pizza y Sándwich","Ambos formatos",NA,NA,"40.0","Masculino","1.000.001 - $1.999.990","Sí","2 veces",NA,"Compartir con amigos/familia","Redes sociales",NA,"Bajo","Muy alto","Muy alto","Muy alto","Bajo","Me interesa","Me interesa","Me interesa","No me interesa","No me interesa","No consumo","Consumo poco (1-2 veces)","Consumo mucho (3-4 veces)","Consumo mucho (3-4 veces)","Consumo diariamente",0
2025-11-26 14:34:12.92,"Sí","Visitante","Sí","Todos los días","Sí","1 vez al mes","Al centro","Tradicional",NA,"$ 10.000","Sí","Sí","No",NA,"Sí","Bebidas frías (Frappés, smoothies, jugos naturales), Helados y postres fríos","Servicio con mesas dentro y fuera del local",NA,NA,"20.0","Prefiero no decirlo","Prefiero no decirlo","Sí","1 vez",NA,"Trabajar o Estudiar","Redes sociales",NA,"Medio","Muy alto","Muy alto","Muy alto","Bajo",NA,NA,NA,NA,NA,"Consumo diariamente","Consumo poco (1-2 veces)","No consumo","No consumo","Consumo mucho (3-4 veces)",0
2025-11-26 14:34:37.695,"No","Constitución","Sí","3 veces por semana","No",NA,NA,"Instantáneo",NA,NA,"Sí","Sí","Sí",NA,"No",NA,NA,NA,NA,"23","Masculino","Menos de $500.000","Sí","2 veces",NA,"Trabajar o Estudiar","Redes sociales",NA,"Medio","Alto","Alto","Alto","Bajo","Me interesa","Me interesa","Me interesa","Me interesa","Me interesa","Consumo diariamente","No consumo","Consumo poco (1-2 veces)","Consumo diariamente","Consumo poco (1-2 veces)",0
2025-11-26 14:35:58.799,"Sí","Visitante","No",NA,"Sí","1 vez a la semana","Al centro",NA,NA,"Menos de $5.000",NA,NA,NA,NA,NA,NA,NA,NA,NA,"34.0","Prefiero no decirlo","Prefiero no decirlo","No",NA,NA,"Trabajar o Estudiar","Recomendaciones",NA,"Alto","Alto","Alto","Alto","Alto",NA,NA,NA,NA,NA,"No consumo","No consumo","Consumo poco (1-2 veces)","No consumo","Consumo diariamente",0
2025-11-26 14:39:39.04,"Sí","Constitución","Sí","1 vez por semana","Sí","1 vez a la semana","Al centro","Descafeinado",NA,"Menos de $5.000","Sí","Sí","No",NA,"Sí","Bebidas frías (Frappés, smoothies, jugos naturales), Helados y postres fríos","Servicio con mesas dentro y fuera del local",NA,NA,"23.0","Masculino","Menos de $500.000","Sí","1 vez",NA,"Relajarse /disfrutar del ambiente","Cercanía o ubicación",NA,"Alto","Muy alto","Muy alto","Muy alto","Medio",NA,NA,NA,NA,NA,"Consumo poco (1-2 veces)","No consumo","No consumo","No consumo","Consumo mucho (3-4 veces)",0
2025-11-26 15:44:43.243,"Sí","Visitante","No",NA,"No",NA,NA,NA,NA,NA,NA,NA,NA,NA,NA,NA,NA,NA,NA,"20.0","Prefiero no decirlo","Prefiero no decirlo","No",NA,NA,"Relajarse /disfrutar del ambiente","Redes sociales",NA,"Alto","Alto","Muy Bajo","Alto","Muy Bajo",NA,NA,NA,NA,NA,"No consumo","Consumo poco (1-2 veces)","No consumo","No consumo","Consumo diariamente",0
2025-11-26 15:45:03.809,"No","Visitantes","No",NA,"Sí","3 veces por semana","Al centro",NA,NA,"$15.000","No","Indiferente","Sí",NA,"Indiferente",NA,NA,NA,NA,"41","Femenino","$500.001 - $800.000","Sí","4 veces",NA,"Probar productos","Redes sociales",NA,"Muy alto","Alto","Muy alto","Alto","Medio","No me interesa","Indiferente","No me interesa","No me interesa","Indiferente","No consumo","Consumo mucho (3-4 veces)","Consumo diariamente","Consumo diariamente","No consumo",0
2025-11-26 15:45:19.225,"No","Constitución","Sí","3 veces por semana","Sí","3 veces por semana","Cerca de mi hogar","Instantáneo",NA,"$15.000",NA,NA,NA,NA,NA,NA,NA,NA,NA,"41","Femenino","$800.001 - $1.000.000","No",NA,NA,"Relajarse/disfrutar del ambiente","Redes sociales",NA,"Alto","Alto","Alto","Alto","Medio",NA,NA,NA,NA,NA,"No consumo","Consumo diariamente","Consumo diariamente","Consumo diariamente","No consumo",0
2025-11-26 15:45:38.112,"No","Visitantes","Sí","Todos los días","Sí","1 vez por semana","Cerca de mi hogar","Capuccino",NA,"$ 10.000",NA,NA,NA,NA,NA,NA,NA,NA,NA,"29","Masculino","$500.001 - $800.000","No",NA,NA,"Compartir con amigos/familia","Recomendaciones",NA,"Alto","Muy alto","Alto","Alto","Bajo",NA,NA,NA,NA,NA,"No consumo","Consumo poco (1-2 veces)","Consumo mucho (3-4 veces)","Consumo diariamente","Consumo diariamente",0
2025-11-26 15:45:59.125,"No","Visitantes","Sí","Todos los días","No",NA,NA,"Espresso",NA,NA,"Sí","Sí","Sí",NA,"Sí","Bebidas frías (Frappés, smothies, jugos naturales, Helados y postres fríos","Servicio con mesas dentro y fuera del local",NA,NA,"24","Femenino","$1.000.001 - $1.999.990","Sí","3 veces",NA,"Compartir con amigos/familia","Recomendaciones",NA,"Medio","Muy alto","Alto","Alto","Bajo","Me interesa","Me interesa","Me interesa","No me interesa","No me interesa","Consumo mucho (3-4 veces)","No consumo","Consumo mucho (3-4 veces)","Consumo poco (1-2 veces)","Consumo poco (1-2 veces)",0
2025-11-28 21:48:04.965,"Sí","Visitante","Sí","Todos los días","Sí","2 veces a la semana","Al centro","Descafeinado",NA,"Menos de $5.000","Sí","Sí","Sí",NA,"Sí","Helados y postres fríos","Servicio con mesas dentro y fuera del local",NA,NA,"37.0","Femenino","Menos de $500.000","Sí","3 veces",NA,"Compartir con amigos/familia","Recomendaciones",NA,"Medio","Medio","Medio","Medio","Medio","Indiferente","Me interesa","Me interesa","Me interesa","Me interesa","Consumo diariamente","Consumo mucho (3-4 veces)","Consumo mucho (3-4 veces)","Consumo mucho (3-4 veces)","Consumo mucho (3-4 veces)",0
2025-11-28 22:07:02.583,"Sí","Visitante","Sí","3 veces por semana","Sí","3 veces a la semana","Al centro","Espresso",NA,"$ 10.000","Sí","Sí","Sí",NA,"Sí","Bebidas frías (Frappés, smoothies, jugos naturales), Helados y postres fríos, Snacks para llevar, Pizza y Sándwich","Ambos formatos",NA,NA,"24.0","Femenino","$500.001 - $800.000","Sí","4 veces",NA,"Probar productos","Redes sociales",NA,"Medio","Alto","Alto","Alto","Medio","Me interesa","Indiferente","Me interesa","Indiferente","Me interesa","Consumo mucho (3-4 veces)","Consumo poco (1-2 veces)","Consumo mucho (3-4 veces)","Consumo mucho (3-4 veces)","Consumo poco (1-2 veces)",0
2025-11-28 22:17:38.198,"Sí","Visitante","Sí","2 veces por semana","Sí","1 vez a la semana","Cerca de mi hogar","Latte",NA,"Más de $20.000","Sí","Sí","Sí",NA,"Sí","Bebidas frías (Frappés, smoothies, jugos naturales), Helados y postres fríos, Snacks para llevar, Pizza y Sándwich","Ambos formatos",NA,NA,"23.0","Masculino","1.000.001 - $1.999.990","Sí","1 vez",NA,"Tiempo de pareja","Recomendaciones",NA,"Medio","Muy alto","Muy alto","Muy alto","Medio","Me interesa","Me interesa","Me interesa","Me interesa","Me interesa","Consumo poco (1-2 veces)","Consumo poco (1-2 veces)","Consumo mucho (3-4 veces)","Consumo mucho (3-4 veces)","Consumo poco (1-2 veces)",0
2025-11-29 09:42:10.516,"Sí","Visitante","Sí","3 veces por semana","Sí","1 vez a la semana","Al centro","Moca",NA,"$ 10.000","Sí","Sí","Sí",NA,"Sí","Bebidas frías (Frappés, smoothies, jugos naturales), Helados y postres fríos, Snacks para llevar, Pizza y Sándwich","Ambos formatos",NA,NA,"45.0","Masculino","Prefiero no decirlo","Sí","1 vez",NA,"Compartir con amigos/familia","Recomendaciones",NA,"Bajo","Alto","Alto","Muy alto","Medio","Me interesa","Me interesa","Me interesa","Me interesa","Indiferente","Consumo mucho (3-4 veces)","Consumo poco (1-2 veces)","Consumo mucho (3-4 veces)","Consumo mucho (3-4 veces)","Consumo diariamente",0
2025-12-03 20:26:11.421,"Sí","Constitución","Sí","3 veces por semana","Sí","2 veces a la semana","Al centro","Espresso",NA,"$ 10.000","Sí","Sí","Sí",NA,"Sí","Bebidas frías (Frappés, smoothies, jugos naturales), Helados y postres fríos","Ambos formatos",NA,NA,"58.0","Masculino","1.000.001 - $1.999.990","Sí","2 veces",NA,"Relajarse /disfrutar del ambiente","Recomendaciones",NA,"Bajo","Muy alto","Muy alto","Muy alto","Medio","Me interesa","Me interesa","Indiferente","Indiferente","No me interesa","Consumo mucho (3-4 veces)","Consumo poco (1-2 veces)","Consumo mucho (3-4 veces)","Consumo mucho (3-4 veces)","Consumo poco (1-2 veces)",0
2025-12-03 20:37:47.869,"Sí","Constitución","Sí","Todos los días","Sí","3 veces a la semana","Al centro","Capuccino",NA,"$ 15.000","Sí","Sí","Sí",NA,"Sí","Bebidas frías (Frappés, smoothies, jugos naturales), Helados y postres fríos, Pizza y Sándwich","Ambos formatos",NA,NA,"60.0","Femenino","1.000.001 - $1.999.990","Sí","2 veces",NA,"Compartir con amigos/familia","Recomendaciones",NA,"Muy Bajo","Muy alto","Muy alto","Muy alto","Bajo","Me interesa","Me interesa","No me interesa","No me interesa","No me interesa","Consumo diariamente","Consumo mucho (3-4 veces)","Consumo mucho (3-4 veces)","Consumo diariamente","Consumo poco (1-2 veces)",0
2025-12-03 20:39:54.876,"Sí","Constitución","Sí","Todos los días","Sí","3 veces a la semana","Al centro","Descafeinado",NA,"$ 10.000","Sí","Sí","Sí",NA,"Sí","Bebidas frías (Frappés, smoothies, jugos naturales), Helados y postres fríos, Snacks para llevar","Ambos formatos",NA,NA,"46.0","Femenino","$800.001 - $1.000.000","Sí","3 veces",NA,"Compartir con amigos/familia","Redes sociales",NA,"Bajo","Muy alto","Muy alto","Muy alto","Medio","Me interesa","Me interesa","Me interesa","Me interesa","No me interesa","Consumo diariamente","Consumo poco (1-2 veces)","Consumo poco (1-2 veces)","Consumo mucho (3-4 veces)","No consumo",0
2025-12-03 20:47:39.887,"Sí","Visitante","Sí","3 veces por semana","No",NA,NA,"Espresso",NA,NA,"Sí","Sí","Sí",NA,"Sí","Bebidas frías (Frappés, smoothies, jugos naturales), Snacks para llevar","Servicio con mesas dentro y fuera del local",NA,NA,"35.0","Femenino","1.000.001 - $1.999.990","Sí","1 vez",NA,"Compartir con amigos/familia","Redes sociales",NA,"Muy Bajo","Alto","Alto","Muy alto","Medio","Me interesa","Me interesa","No me interesa","No me interesa","Me interesa","Consumo mucho (3-4 veces)","Consumo mucho (3-4 veces)","Consumo poco (1-2 veces)","Consumo diariamente","Consumo poco (1-2 veces)",0
2025-12-03 20:52:09.198,"Sí","Constitución","Sí","Todos los días","Sí","1 vez a la semana","Al centro","Moca",NA,"$ 10.000","Sí","Sí","Sí",NA,"Sí","Bebidas frías (Frappés, smoothies, jugos naturales), Helados y postres fríos, Pizza y Sándwich","Ambos formatos",NA,NA,"29.0","Masculino","$800.001 - $1.000.000","Sí","2 veces",NA,"Relajarse /disfrutar del ambiente","Redes sociales",NA,"Muy Bajo","Muy alto","Muy alto","Muy alto","Bajo","Me interesa","Me interesa","No me interesa","No me interesa","Me interesa","Consumo diariamente","Consumo poco (1-2 veces)","Consumo mucho (3-4 veces)","Consumo diariamente","Consumo mucho (3-4 veces)",0
2025-12-03 20:54:06.054,"Sí","Visitante","Sí","Todos los días","Sí","1 ves al mes","Cerca de mi hogar","Espresso",NA,"Más de $20.000","Sí","Sí","Sí",NA,"Sí","Bebidas frías (Frappés, smoothies, jugos naturales), Helados y postres fríos, Snacks para llevar","Servicio con mesas dentro y fuera del local",NA,NA,"23.0","Femenino","$800.001 - $1.000.000","Sí","1 vez",NA,"Compartir con amigos/familia","Redes sociales",NA,"Muy Bajo","Alto","Alto","Muy alto","Medio","Me interesa","No me interesa","Me interesa","Me interesa","No me interesa","Consumo diariamente","Consumo mucho (3-4 veces)","Consumo poco (1-2 veces)","Consumo diariamente","Consumo poco (1-2 veces)",0
2025-12-03 20:57:59.947,"Sí","Visitante","Sí","3 veces por semana","Sí","2 veces al mes","Cerca de la playa","Capuccino",NA,"Más de $20.000","Sí","Sí","Sí",NA,"Sí","Helados y postres fríos, Snacks para llevar","Ambos formatos",NA,NA,"28.0","Femenino","Más de $2.000.000","Sí","2 veces",NA,"Trabajar o Estudiar","Recomendaciones",NA,"Muy Bajo","Alto","Alto","Muy alto","Medio","No me interesa","No me interesa","Me interesa","No me interesa","Me interesa","Consumo mucho (3-4 veces)","Consumo mucho (3-4 veces)","Consumo poco (1-2 veces)","Consumo diariamente","Consumo poco (1-2 veces)",0
2025-12-03 21:04:45.054,"Sí","Visitante","Sí","3 veces por semana","Sí","3 veces a la semana","Cerca de la playa","Capuccino",NA,"Más de $20.000","Sí","Sí","Sí",NA,"Sí","Helados y postres fríos, Snacks para llevar","Ambos formatos",NA,NA,"45.0","Femenino","$800.001 - $1.000.000","Sí","2 veces",NA,"Relajarse /disfrutar del ambiente","Cercanía o ubicación",NA,"Muy Bajo","Alto","Alto","Alto","Bajo","Me interesa","Me interesa","Me interesa","Me interesa","Me interesa","Consumo diariamente","Consumo mucho (3-4 veces)","Consumo poco (1-2 veces)","Consumo diariamente","Consumo poco (1-2 veces)",0
2025-12-04 15:17:24.448,"Sí","Visitante","Sí","Todos los días","Sí","1 vez a la semana","Al centro","Capuccino",NA,"Más de $20.000","Sí","Sí","Sí",NA,"Sí","Bebidas frías (Frappés, smoothies, jugos naturales), Helados y postres fríos, Pizza y Sándwich","Ambos formatos",NA,NA,"27.0","Femenino","$800.001 - $1.000.000","Sí","1 vez",NA,"Relajarse /disfrutar del ambiente","Redes sociales",NA,"Muy Bajo","Muy alto","Alto","Muy alto","Medio","No me interesa","No me interesa","Me interesa","Me interesa","Me interesa","Consumo mucho (3-4 veces)","Consumo diariamente","Consumo diariamente","Consumo diariamente","Consumo mucho (3-4 veces)",0
2025-12-04 15:21:18.959,"Sí","Visitante","Sí","1 vez por semana","Sí","3 veces por semana","Al centro","Capuccino",NA,"$ 15.000","Sí","Sí","Sí",NA,"Sí","Bebidas frías (Frappés, smoothies, jugos naturales), Helados y postres fríos, Snacks para llevar, Pizza y Sándwich","Ambos formatos",NA,NA,"19.0","Femenino","Prefiero no decirlo","Sí","4 veces",NA,"Relajarse /disfrutar del ambiente","Redes sociales",NA,"Muy Bajo","Alto","Muy alto","Alto","Medio","Me interesa","Me interesa","Me interesa","Me interesa","Me interesa","Consumo diariamente","Consumo mucho (3-4 veces)","Consumo poco (1-2 veces)","Consumo mucho (3-4 veces)","Consumo poco (1-2 veces)",0
2025-12-04 19:55:11.869,"Sí","Constitución","Sí","Todos los días","No",NA,NA,"Capuccino",NA,NA,NA,NA,NA,NA,NA,NA,NA,NA,NA,"57.0","Masculino","$500.001 - $800.000","No",NA,NA,"Compartir con amigos/familia","Recomendaciones",NA,"Bajo","Muy alto","Muy alto","Muy alto","Medio",NA,NA,NA,NA,NA,"Consumo diariamente","Consumo poco (1-2 veces)","Consumo mucho (3-4 veces)","Consumo diariamente","Consumo diariamente",0
2025-12-04 19:56:54.288,"Sí","Constitución","Sí","Todos los días","Sí","1 vez a la semana","Al centro","Espresso",NA,"$ 10.000","Sí","Sí","Sí",NA,"Sí","Bebidas frías (Frappés, smoothies, jugos naturales), Helados y postres fríos, Snacks para llevar, Pizza y Sándwich","Ambos formatos",NA,NA,"37.0","Masculino","1.000.001 - $1.999.990","Sí","1 vez",NA,"Compartir con amigos/familia","Redes sociales",NA,"Muy Bajo","Muy alto","Muy alto","Muy alto","Bajo","Me interesa","Me interesa","No me interesa","No me interesa","No me interesa","Consumo diariamente","Consumo mucho (3-4 veces)","Consumo mucho (3-4 veces)","Consumo mucho (3-4 veces)","Consumo mucho (3-4 veces)",0
2025-12-04 19:58:50.693,"Sí","Visitante","Sí","3 veces por semana","Sí","3 veces a la semana","Al centro","Moca",NA,"Más de $20.000","Sí","Sí","Sí",NA,"Sí","Bebidas frías (Frappés, smoothies, jugos naturales), Helados y postres fríos, Pizza y Sándwich","Ambos formatos",NA,NA,"34.0","Femenino","1.000.001 - $1.999.990","Sí","2 veces",NA,"Trabajar o Estudiar","Redes sociales",NA,"Muy Bajo","Muy alto","Alto","Alto","Medio","No me interesa","No me interesa","Me interesa","Me interesa","Me interesa","Consumo diariamente","Consumo poco (1-2 veces)","Consumo mucho (3-4 veces)","Consumo diariamente","Consumo poco (1-2 veces)",0
2025-12-04 19:59:07.959,"Sí","Constitución","Sí","3 veces por semana","Sí","2 veces a la semana","Al centro","Descafeinado",NA,"$ 10.000","Sí","Sí","Sí",NA,"Sí","Bebidas frías (Frappés, smoothies, jugos naturales), Helados y postres fríos","Ambos formatos",NA,NA,"31.0","Femenino","1.000.001 - $1.999.990","Sí","2 veces",NA,"Compartir con amigos/familia","Redes sociales",NA,"Alto","Muy alto","Muy alto","Muy alto","Medio","Me interesa","Me interesa","Me interesa","Me interesa","No me interesa","Consumo diariamente","Consumo poco (1-2 veces)","Consumo mucho (3-4 veces)","Consumo poco (1-2 veces)","Consumo poco (1-2 veces)",0
2025-12-04 20:00:52.111,"Sí","Visitante","Sí","3 veces por semana","Sí","2 veces a la semana","Cerca de la playa","Capuccino",NA,"Más de $20.000","Sí","Sí","Sí",NA,"Sí","Bebidas frías (Frappés, smoothies, jugos naturales), Snacks para llevar","Ambos formatos",NA,NA,"36.0","Masculino","$800.001 - $1.000.000","Sí","3 veces",NA,"Compartir con amigos/familia","Recomendaciones",NA,"Muy Bajo","Alto","Alto","Muy alto","Medio","No me interesa","No me interesa","No me interesa","Me interesa","Me interesa","Consumo mucho (3-4 veces)","Consumo diariamente","Consumo mucho (3-4 veces)","Consumo diariamente","Consumo mucho (3-4 veces)",0
2025-12-04 20:01:27.965,"Sí","Constitución","Sí","1 vez por semana","Sí","1 vez a la semana","Al centro","Capuccino",NA,"Menos de $5.000","Sí","Sí","Sí",NA,"Sí","Bebidas frías (Frappés, smoothies, jugos naturales), Helados y postres fríos, Pizza y Sándwich","Ambos formatos",NA,NA,"21.0","Masculino","Menos de $500.000","Sí","1 vez",NA,"Compartir con amigos/familia","Redes sociales",NA,"Alto","Muy alto","Muy alto","Muy alto","Muy Bajo","Me interesa","Me interesa","No me interesa","Me interesa","No me interesa","Consumo poco (1-2 veces)","Consumo poco (1-2 veces)","Consumo poco (1-2 veces)","Consumo mucho (3-4 veces)","Consumo diariamente",0
2025-12-04 20:02:34.123,"Sí","Visitante","Sí","Todos los días","Sí","2 veces a la semana","Cerca de mi hogar","Moca",NA,"Más de $20.000","Sí","Sí","Sí",NA,"Sí","Bebidas frías (Frappés, smoothies, jugos naturales), Helados y postres fríos, Pizza y Sándwich","Ambos formatos",NA,NA,"45.0","Masculino","$800.001 - $1.000.000","Sí","2 veces",NA,"Trabajar o Estudiar","Redes sociales",NA,"Muy Bajo","Alto","Alto","Alto","Muy alto","Me interesa","No me interesa","Me interesa","No me interesa","Me interesa","Consumo diariamente","Consumo diariamente","Consumo mucho (3-4 veces)","Consumo mucho (3-4 veces)","Consumo mucho (3-4 veces)",0
2025-12-04 20:03:39.774,"Sí","Constitución","Sí","2 veces por semana","Sí","1 vez a la semana","Al centro","Capuccino",NA,"$ 10.000","Sí","Sí","Sí",NA,"Sí","Bebidas frías (Frappés, smoothies, jugos naturales), Helados y postres fríos","Ambos formatos",NA,NA,"35.0","Masculino","$800.001 - $1.000.000","Sí","2 veces",NA,"Compartir con amigos/familia","Recomendaciones",NA,"Muy Bajo","Muy alto","Muy alto","Muy alto","Bajo","Me interesa","Me interesa","No me interesa","No me interesa","No me interesa","Consumo mucho (3-4 veces)","Consumo mucho (3-4 veces)","Consumo diariamente","Consumo diariamente","Consumo diariamente",0
2025-12-04 20:04:12.923,"Sí","Visitante","Sí","Todos los días","Sí","3 veces a la semana","Cerca de mi hogar","Moca",NA,"Más de $20.000","Sí","Sí","Sí",NA,"Sí","Bebidas frías (Frappés, smoothies, jugos naturales), Snacks para llevar, Pizza y Sándwich","Ambos formatos",NA,NA,"34.0","Masculino","$800.001 - $1.000.000","Sí","4 veces",NA,"Trabajar o Estudiar","Recomendaciones",NA,"Muy Bajo","Muy alto","Alto","Muy alto","Medio","No me interesa","Me interesa","No me interesa","Me interesa","No me interesa","Consumo diariamente","Consumo mucho (3-4 veces)","Consumo poco (1-2 veces)","Consumo diariamente","Consumo mucho (3-4 veces)",0
2025-12-04 20:05:37.687,"Sí","Constitución","No",NA,"Sí","1 vez a la semana","Al centro",NA,NA,"Más de $20.000","Sí","Sí","Sí",NA,"Sí","Bebidas frías (Frappés, smoothies, jugos naturales), Helados y postres fríos, Pizza y Sándwich","Ambos formatos",NA,NA,"57.0","Masculino","Más de $2.000.000","Sí","4 veces",NA,"Compartir con amigos/familia","Recomendaciones",NA,"Bajo","Muy alto","Muy alto","Muy alto","Bajo","Me interesa","Me interesa","No me interesa","Me interesa","No me interesa","No consumo","Consumo mucho (3-4 veces)","Consumo diariamente","Consumo diariamente","Consumo diariamente",0
2025-12-04 20:05:38.394,"Sí","Visitante","Sí","Todos los días","Sí","3 veces a la semana","Cerca de la playa","Espresso",NA,"$ 15.000","Sí","Sí","Sí",NA,"Sí","Helados y postres fríos, Snacks para llevar","Ambos formatos",NA,NA,"38.0","Masculino","$800.001 - $1.000.000","Sí","3 veces",NA,"Probar productos","Cercanía o ubicación",NA,"Muy Bajo","Muy alto","Alto","Alto","Medio","Me interesa","No me interesa","Me interesa","No me interesa","Me interesa","Consumo diariamente","Consumo mucho (3-4 veces)","Consumo mucho (3-4 veces)","Consumo poco (1-2 veces)","Consumo poco (1-2 veces)",0
2025-12-04 20:07:20.666,"Sí","Visitante","No",NA,"No",NA,NA,NA,NA,"$ 10.000","Sí","Sí","Sí",NA,"Sí","Helados y postres fríos, Snacks para llevar","Ambos formatos",NA,NA,"44.0","Masculino","1.000.001 - $1.999.990","Sí","1 vez",NA,"Trabajar o Estudiar","Recomendaciones",NA,"Medio","Alto","Medio","Muy alto","Alto","Me interesa","No me interesa","No me interesa","Me interesa","No me interesa","No consumo","No consumo","Consumo diariamente","Consumo mucho (3-4 veces)","Consumo mucho (3-4 veces)",0
2025-12-04 20:07:24.936,"Sí","Constitución","Sí","1 vez por semana","No",NA,NA,"Espresso",NA,NA,"Sí","Sí","Sí",NA,"Sí","Bebidas frías (Frappés, smoothies, jugos naturales), Helados y postres fríos","Ambos formatos",NA,NA,"43.0","Masculino","$800.001 - $1.000.000","Sí","1 vez",NA,"Compartir con amigos/familia","Redes sociales",NA,"Medio","Muy alto","Muy alto","Muy alto","Medio","No me interesa","Me interesa","No me interesa","Me interesa","No me interesa","Consumo poco (1-2 veces)","Consumo poco (1-2 veces)","Consumo poco (1-2 veces)","Consumo poco (1-2 veces)","Consumo diariamente",0
2025-12-04 20:09:22.213,"Sí","Visitante","Sí","3 veces por semana","Sí","3 veces a la semana","Cerca de la playa","Capuccino",NA,"$ 15.000","Sí","Sí","Sí",NA,"Sí","Helados y postres fríos, Snacks para llevar","Ambos formatos",NA,NA,"27.0","Femenino","$800.001 - $1.000.000","Sí","3 veces",NA,"Probar productos","Recomendaciones",NA,"Muy Bajo","Muy alto","Alto","Alto","Medio","No me interesa","Me interesa","No me interesa","Me interesa","No me interesa","Consumo mucho (3-4 veces)","Consumo mucho (3-4 veces)","Consumo mucho (3-4 veces)","Consumo diariamente","Consumo poco (1-2 veces)",0
2025-12-04 20:09:22.461,"Sí","Visitante","Sí","Todos los días","Sí","2 veces a la semana","Cerca de la playa","Espresso",NA,"$ 15.000","Sí","Sí","Sí",NA,"Sí","Bebidas frías (Frappés, smoothies, jugos naturales), Helados y postres fríos, Snacks para llevar, Pizza y Sándwich","Ambos formatos",NA,NA,"46.0","Femenino","1.000.001 - $1.999.990","Sí","2 veces",NA,"Compartir con amigos/familia","Recomendaciones",NA,"Bajo","Muy alto","Muy alto","Muy alto","Bajo","Me interesa","Me interesa","Indiferente","Indiferente","No me interesa","Consumo diariamente","Consumo mucho (3-4 veces)","No consumo","No consumo","Consumo poco (1-2 veces)",0
2025-12-04 20:11:11.7,"Sí","Constitución","Sí","2 veces por semana","Sí","3 veces a la semana","Al centro","Descafeinado",NA,"Más de $20.000","Sí","Sí","Sí",NA,"Sí","Helados y postres fríos, Snacks para llevar","Servicio con mesas dentro y fuera del local",NA,NA,"29.0","Femenino","1.000.001 - $1.999.990","Sí","3 veces",NA,"Relajarse /disfrutar del ambiente","Redes sociales",NA,"Muy Bajo","Muy alto","Muy alto","Alto","Medio","No me interesa","Me interesa","No me interesa","Me interesa","No me interesa","Consumo poco (1-2 veces)","Consumo poco (1-2 veces)","Consumo poco (1-2 veces)","Consumo mucho (3-4 veces)","No consumo",0
2025-12-04 20:11:57.133,"Sí","Constitución","Sí","Todos los días","Sí","1 vez a la semana","Cerca de mi hogar","Descafeinado",NA,"$ 10.000",NA,NA,NA,NA,NA,NA,NA,NA,NA,"36.0","Masculino","$800.001 - $1.000.000","No",NA,NA,"Trabajar o Estudiar","Redes sociales",NA,"Medio","Muy alto","Muy alto","Muy alto","Medio",NA,NA,NA,NA,NA,"Consumo diariamente","No consumo","No consumo","Consumo poco (1-2 veces)","No consumo",0
2025-12-04 20:12:30.6,"Sí","Constitución","Sí","Todos los días","Sí","3 veces a la semana","Cerca de la playa","Espresso",NA,"Más de $20.000","Sí","Sí","Sí",NA,"Sí","Snacks para llevar, Pizza y Sándwich","Ambos formatos",NA,NA,"25.0","Femenino","$800.001 - $1.000.000","Sí","1 vez",NA,"Compartir con amigos/familia","Redes sociales",NA,"Muy Bajo","Muy alto","Muy alto","Alto","Medio","No me interesa","Me interesa","No me interesa","Me interesa","Me interesa","Consumo diariamente","Consumo mucho (3-4 veces)","Consumo mucho (3-4 veces)","Consumo diariamente","Consumo poco (1-2 veces)",0
2025-12-04 20:14:04.273,"Sí","Constitución","Sí","1 vez por semana","Sí","1 vez a la semana","Al centro","Descafeinado",NA,"$ 10.000","Sí","Sí","Sí",NA,"Sí","Bebidas frías (Frappés, smoothies, jugos naturales), Helados y postres fríos","Ambos formatos",NA,NA,"24.0","Femenino","$800.001 - $1.000.000","Sí","1 vez",NA,"Relajarse /disfrutar del ambiente","Redes sociales",NA,"Medio","Muy alto","Muy alto","Muy alto","Medio","Me interesa","Me interesa","No me interesa","No me interesa","No me interesa","Consumo poco (1-2 veces)","No consumo","No consumo","Consumo diariamente","Consumo diariamente",0
2025-12-04 20:15:22.466,"Sí","Constitución","Sí","Todos los días","Sí","3 veces a la semana","Cerca de la playa","Moca",NA,"Más de $20.000","Sí","Sí","Sí",NA,"Sí","Helados y postres fríos, Pizza y Sándwich","Servicio con mesas dentro y fuera del local",NA,NA,"23.0","Femenino","$800.001 - $1.000.000","Sí","3 veces",NA,"Compartir con amigos/familia","Redes sociales",NA,"Muy Bajo","Muy alto","Muy alto","Alto","Medio","No me interesa","Me interesa","No me interesa","Me interesa","Me interesa","Consumo diariamente","Consumo mucho (3-4 veces)","Consumo diariamente","Consumo mucho (3-4 veces)","Consumo mucho (3-4 veces)",0
2025-12-04 20:15:54.756,"Sí","Constitución","No",NA,"Sí","1 vez a la semana","Cerca de mi hogar",NA,NA,"$ 15.000","Sí","Sí","Sí",NA,"Sí","Bebidas frías (Frappés, smoothies, jugos naturales), Helados y postres fríos","Ambos formatos",NA,NA,"51.0","Masculino","1.000.001 - $1.999.990","Sí","2 veces",NA,"Compartir con amigos/familia","Recomendaciones",NA,"Bajo","Muy alto","Muy alto","Muy alto","Medio","No me interesa","No me interesa","Me interesa","Me interesa","Me interesa","No consumo","Consumo mucho (3-4 veces)","Consumo poco (1-2 veces)","Consumo diariamente","Consumo diariamente",0
2025-12-04 20:41:44.15,"Sí","Visitante","Sí","Todos los días","Sí","1 vez a la semana","Al centro","Descafeinado",NA,"Menos de $5.000","Sí","Sí","No",NA,"Sí","Bebidas frías (Frappés, smoothies, jugos naturales), Helados y postres fríos, Snacks para llevar","Ambos formatos",NA,NA,"22.0","Femenino","Menos de $500.000","Sí","1 vez",NA,"Trabajar o Estudiar","Redes sociales",NA,"Muy alto","Muy alto","Muy alto","Muy alto","Muy alto","Me interesa","No me interesa","No me interesa","Me interesa","Indiferente","Consumo mucho (3-4 veces)","Consumo mucho (3-4 veces)","Consumo mucho (3-4 veces)","Consumo mucho (3-4 veces)","Consumo diariamente",0
2025-12-04 20:43:42.096,"No","Constitución","Sí","Todos los días","Sí","2 veces por semana","Al centro","Espresso",NA,"$15.000",NA,NA,NA,NA,NA,NA,NA,NA,NA,"31","Masculino","$500.001 - $800.000","No",NA,NA,"Relajarse/disfrutar del ambiente","Redes sociales",NA,"Muy alto","Alto","Alto","Alto","Alto",NA,NA,NA,NA,NA,"Consumo diariamente","Consumo diariamente","Consumo poco (1-2 veces)","Consumo diariamente","Consumo diariamente",0
2025-12-04 20:44:56.302,"Sí","Visitante","No",NA,"Sí","1 vez a la semana","Al centro",NA,NA,"$ 10.000",NA,NA,NA,NA,NA,NA,NA,NA,NA,"34.0","Masculino","Más de $2.000.000","No",NA,NA,"Trabajar o Estudiar","Cercanía o ubicación",NA,"Muy alto","Muy alto","Muy alto","Muy alto","Muy alto",NA,NA,NA,NA,NA,"No consumo","Consumo diariamente","No consumo","No consumo","Consumo diariamente",0
2025-12-04 20:48:31.31,"Sí","Constitución","No",NA,"No",NA,NA,NA,NA,"Menos de $5.000",NA,NA,NA,NA,NA,NA,NA,NA,NA,"54.0","Masculino","Prefiero no decirlo","No",NA,NA,".",".",NA,"Muy alto","Alto","Alto","Muy alto","Muy Bajo",NA,NA,NA,NA,NA,"No consumo","Consumo diariamente","No consumo","No consumo","Consumo diariamente",0
2025-12-04 20:59:29.621,"No","Constitución","Sí","Todos los días","Sí","3 veces por semana","Al centro","Descafeinado",NA,"Menos de $5.000","Sí","Sí","Sí",NA,"Indiferente",NA,NA,NA,NA,"23","Masculino","$800.001 - $1.000.000","Sí","2 veces",NA,"Compartir con amigos/familia","Redes sociales",NA,"Medio","Alto","Alto","Alto","Bajo","Indiferente","Me interesa","No me interesa","No me interesa","Me interesa","Consumo diariamente","Consumo mucho (3-4 veces)","Consumo mucho (3-4 veces)","Consumo diariamente","Consumo poco (1-2 veces)",0
2025-12-04 21:00:45.075,"Sí","Constitución","No",NA,"No",NA,NA,NA,NA,NA,NA,NA,NA,NA,NA,NA,NA,NA,NA,"22.0","Prefiero no decirlo","Prefiero no decirlo","No",NA,NA,"Trabajar o Estudiar","Redes sociales",NA,"Muy alto","Muy alto","Muy alto","Muy alto","Muy alto",NA,NA,NA,NA,NA,"No consumo","Consumo diariamente","No consumo","No consumo","Consumo diariamente",0
2025-12-04 21:04:56.719,"No","Visitantes","Sí","Todos los días","Sí","1 vez por semana","Al centro","Instantáneo",NA,"$15.000","Sí","Sí","Indiferente",NA,"Sí","Bebidas frías (Frappés, smothies, jugos naturales, Helados y postres fríos","Servicios rápidos para llevar",NA,NA,"22","Femenino","$500.001 - $800.000","Sí","4 veces",NA,"Relajarse/disfrutar del ambiente","Redes sociales",NA,"Alto","Alto","Alto","Alto","Muy bajo",NA,NA,NA,NA,NA,"Consumo mucho (3-4 veces)","Consumo diariamente","Consumo poco (1-2 veces)","Consumo diariamente","Consumo diariamente",0
2025-12-04 21:06:31.968,"Sí","Constitución","Sí","1 vez por semana","Sí","1 vez a la semana","Al centro","Descafeinado",NA,"Menos de $5.000",NA,NA,NA,NA,NA,NA,NA,NA,NA,"23.0","Masculino","Prefiero no decirlo","No",NA,NA,"Probar productos","Redes sociales",NA,"Muy alto","Muy alto","Medio","Medio","Medio",NA,NA,NA,NA,NA,"No consumo","Consumo diariamente","No consumo","No consumo","Consumo diariamente",0
2025-12-04 21:09:22.418,"Sí","Constitución","Sí","1 vez por semana","Sí","2 veces a la semana","Cerca de mi hogar","Capuccino",NA,"Menos de $5.000",NA,NA,NA,NA,NA,NA,NA,NA,NA,"29.0","Prefiero no decirlo","Prefiero no decirlo","No",NA,NA,"Compartir con amigos/familia","Redes sociales",NA,"Alto","Muy alto","Alto","Medio","Medio",NA,NA,NA,NA,NA,"No consumo","Consumo poco (1-2 veces)","Consumo mucho (3-4 veces)","Consumo mucho (3-4 veces)","Consumo diariamente",0
2025-12-04 21:10:55.127,"Sí","Constitución","No",NA,"No",NA,NA,NA,NA,NA,NA,NA,NA,NA,NA,NA,NA,NA,NA,"23.0","Prefiero no decirlo","Prefiero no decirlo","No",NA,NA,"Compartir con amigos/familia","Redes sociales",NA,"Medio","Alto","Medio","Alto","Bajo",NA,NA,NA,NA,NA,"No consumo","Consumo mucho (3-4 veces)","Consumo mucho (3-4 veces)","Consumo poco (1-2 veces)","Consumo poco (1-2 veces)",0
2025-12-04 21:22:19.246,"Sí","Visitante","Sí","Todos los días","Sí","2 veces a la semana","Cerca de la playa","Moca",NA,"$ 10.000",NA,NA,NA,NA,NA,NA,NA,NA,NA,"21.0","Prefiero no decirlo","Prefiero no decirlo","No",NA,NA,"Relajarse /disfrutar del ambiente","Cercanía o ubicación",NA,"Alto","Muy alto","Alto","Alto","Alto",NA,NA,NA,NA,NA,"Consumo mucho (3-4 veces)","Consumo poco (1-2 veces)","Consumo mucho (3-4 veces)","Consumo mucho (3-4 veces)","Consumo mucho (3-4 veces)",0
2025-12-04 21:31:26.075,"Sí","Constitución","Sí","2 veces por semana","Sí","3 veces a la semana","Cerca de mi hogar","Capuccino",NA,"$ 15.000","Sí","Sí","No",NA,"No",NA,"Ambos formatos",NA,NA,"33.0","Prefiero no decirlo","Prefiero no decirlo","Sí","1 vez",NA,"Relajarse /disfrutar del ambiente","Cercanía o ubicación",NA,"Alto","Muy alto","Muy alto","Muy alto","Muy alto","Me interesa","Me interesa","Indiferente",NA,"Me interesa","Consumo mucho (3-4 veces)","Consumo diariamente","Consumo mucho (3-4 veces)","Consumo mucho (3-4 veces)","Consumo diariamente",0
2025-12-04 21:33:39.708,"No","Constitución","Sí","2 veces por semana","No",NA,NA,"Espresso",NA,NA,"Sí","Indiferente","No",NA,"Sí","Bebidas frías (Frappés, smothies, jugos naturales)","Ambos formatos",NA,NA,"26","Femenino","$1.000.001 - $1.999.990","Sí","2 veces",NA,"Relajarse/disfrutar del ambiente","Redes sociales",NA,"Bajo","Alto","Muy alto","Alto","Medio",NA,NA,NA,NA,NA,"Consumo diariamente","No consumo","Consumo diariamente","Consumo diariamente","No consumo",0
2025-12-04 21:34:50.271,"Sí","Visitante","No",NA,"No",NA,NA,NA,NA,NA,NA,NA,NA,NA,NA,NA,NA,NA,NA,"22.0","Prefiero no decirlo","Prefiero no decirlo","No",NA,NA,"Relajarse /disfrutar del ambiente","Cercanía o ubicación",NA,"Muy alto","Muy alto","Muy alto","Muy alto","Muy alto",NA,NA,NA,NA,NA,"No consumo","Consumo mucho (3-4 veces)","Consumo mucho (3-4 veces)","Consumo poco (1-2 veces)","Consumo mucho (3-4 veces)",0
2025-12-04 21:40:50.589,"Sí","Constitución","No",NA,"No",NA,NA,NA,NA,NA,"Sí","Sí","Sí",NA,"No",NA,NA,NA,NA,"22.0","Femenino","Prefiero no decirlo","Sí","1 vez",NA,"Relajarse /disfrutar del ambiente","Cercanía o ubicación",NA,"Muy alto","Alto","Alto","Medio","Alto","Me interesa","Indiferente","Indiferente","No me interesa","No me interesa","Consumo mucho (3-4 veces)","Consumo mucho (3-4 veces)","Consumo mucho (3-4 veces)","Consumo mucho (3-4 veces)","Consumo diariamente",0
2025-12-04 21:41:53.107,"Sí","Constitución","Sí","2 veces por semana","Sí","2 veces a la semana","Cerca de mi hogar","Moca",NA,"$ 10.000","Sí","Sí","Sí",NA,"Sí","Bebidas frías (Frappés, smoothies, jugos naturales), Helados y postres fríos, Snacks para llevar","Ambos formatos",NA,NA,"22.0","Masculino","Prefiero no decirlo","Sí","2 veces",NA,"Trabajar o Estudiar","Redes sociales",NA,"Muy alto","Alto","Alto","Muy alto","Muy alto","Me interesa","Me interesa","Me interesa","Me interesa","Me interesa","Consumo mucho (3-4 veces)","Consumo mucho (3-4 veces)","Consumo poco (1-2 veces)","Consumo mucho (3-4 veces)","Consumo mucho (3-4 veces)",0
2025-12-04 21:43:01.982,"Sí","Constitución","Sí","1 vez por semana","Sí","2 veces a la semana","Al centro","Moca",NA,"$ 10.000","Sí","Sí","Sí",NA,"Sí","Bebidas frías (Frappés, smoothies, jugos naturales), Helados y postres fríos, Snacks para llevar","Ambos formatos",NA,NA,"25.0","Prefiero no decirlo","Prefiero no decirlo","Sí","2 veces",NA,"Trabajar o Estudiar","Recomendaciones",NA,"Alto","Alto","Muy alto","Muy alto","Muy alto","Indiferente","Me interesa","Indiferente","No me interesa","No me interesa","Consumo diariamente","Consumo mucho (3-4 veces)","Consumo mucho (3-4 veces)","Consumo mucho (3-4 veces)","Consumo mucho (3-4 veces)",0
2025-12-04 21:47:43.274,"Sí","Constitución","Sí","2 veces por semana","Sí","2 veces a la semana","Cerca de mi hogar","Capuccino",NA,"Menos de $5.000","Sí","Sí","Sí",NA,"Sí","Bebidas frías (Frappés, smoothies, jugos naturales), Helados y postres fríos, Snacks para llevar","Ambos formatos",NA,NA,"23.0","Prefiero no decirlo","Prefiero no decirlo","Sí","2 veces",NA,"Trabajar o Estudiar","Cercanía o ubicación",NA,"Muy alto","Muy alto","Alto","Alto","Muy alto","Me interesa","Me interesa","Me interesa","Me interesa","Me interesa","Consumo mucho (3-4 veces)","Consumo mucho (3-4 veces)","Consumo poco (1-2 veces)","Consumo poco (1-2 veces)","Consumo poco (1-2 veces)",0
2025-12-04 21:55:56.642,"Sí","Constitución","Sí","2 veces por semana","Sí","1 vez a la semana","Cerca de la playa","Moca",NA,"$ 15.000","Sí","Sí","Sí",NA,"Sí","Bebidas frías (Frappés, smoothies, jugos naturales), Helados y postres fríos, Snacks para llevar","Servicio con mesas dentro y fuera del local",NA,NA,"23.0","Prefiero no decirlo","Prefiero no decirlo","Sí","2 veces",NA,"Trabajar o Estudiar","Recomendaciones",NA,"Alto","Alto","Medio","Alto","Alto","Indiferente","Me interesa","Indiferente","Indiferente","Indiferente","Consumo diariamente","Consumo mucho (3-4 veces)","Consumo mucho (3-4 veces)","Consumo mucho (3-4 veces)","Consumo mucho (3-4 veces)",0
2025-12-04 22:00:47.839,"Sí","Constitución","Sí","3 veces por semana","Sí","1 vez a la semana","Cerca de mi hogar","Capuccino",NA,"Más de $20.000","Sí","Sí","Sí",NA,"Sí","Bebidas frías (Frappés, smoothies, jugos naturales), Helados y postres fríos, Snacks para llevar","Servicio rápidos para llevar",NA,NA,"22.0","Masculino","Prefiero no decirlo","Sí","1 vez",NA,"Trabajar o Estudiar","Redes sociales",NA,"Muy alto","Alto","Medio","Medio","Alto","Me interesa","Me interesa","Me interesa","Indiferente","Indiferente","Consumo diariamente","Consumo mucho (3-4 veces)","Consumo poco (1-2 veces)","Consumo poco (1-2 veces)","Consumo mucho (3-4 veces)",0
2025-12-04 22:05:01.76,"Sí","Constitución","Sí","2 veces por semana","Sí","1 vez a la semana","Cerca de mi hogar","Capuccino",NA,"$ 15.000","Sí","Sí","Sí",NA,"Sí","Bebidas frías (Frappés, smoothies, jugos naturales), Helados y postres fríos, Snacks para llevar","Servicio con mesas dentro y fuera del local",NA,NA,"22.0","Femenino","Prefiero no decirlo","Sí","2 veces",NA,"Trabajar o Estudiar","Recomendaciones",NA,"Muy alto","Alto","Alto","Alto","Muy alto","Me interesa","Indiferente","Indiferente","Me interesa","No me interesa","Consumo mucho (3-4 veces)","Consumo diariamente","Consumo poco (1-2 veces)","Consumo poco (1-2 veces)","Consumo diariamente",0
2025-12-04 22:10:13.945,"Sí","Visitante","Sí","3 veces por semana","Sí","1 vez a la semana","Cerca de mi hogar","Moca",NA,"Menos de $5.000","Sí","Sí","Sí",NA,"Sí","Bebidas frías (Frappés, smoothies, jugos naturales), Helados y postres fríos, Snacks para llevar","Servicio rápidos para llevar",NA,NA,"22.0","Masculino","Prefiero no decirlo","Sí","3 veces",NA,"Trabajar o Estudiar","Cercanía o ubicación",NA,"Muy alto","Alto","Medio","Alto","Alto","Me interesa","Indiferente","Indiferente","Me interesa","Indiferente","Consumo mucho (3-4 veces)","Consumo poco (1-2 veces)","Consumo mucho (3-4 veces)","Consumo mucho (3-4 veces)","Consumo diariamente",0
2025-12-04 22:18:07.498,"Sí","Constitución","No",NA,"No",NA,NA,NA,NA,NA,"Sí","Sí","Sí",NA,"Sí","Bebidas frías (Frappés, smoothies, jugos naturales), Helados y postres fríos, Snacks para llevar","Servicio rápidos para llevar",NA,NA,"22.0","Femenino","Prefiero no decirlo","Sí","2 veces",NA,"Trabajar o Estudiar","Precio y promociones",NA,"Muy alto","Alto","Muy alto","Muy alto","Alto","Indiferente","Me interesa","Indiferente","Indiferente","Indiferente","No consumo","Consumo mucho (3-4 veces)","Consumo poco (1-2 veces)","Consumo poco (1-2 veces)","Consumo diariamente",0
2025-12-04 22:19:23.734,"No","Constitución","No",NA,"No",NA,NA,NA,NA,NA,"Sí","Sí","Sí",NA,"No",NA,NA,NA,NA,"30","Femenino","Menos de $500.000","Sí","2 veces",NA,"Compartir con amigos/familia","Precios y promociones",NA,"Bajo","Alto","Alto","Alto","Muy bajo","Me interesa","Indiferente","No me interesa","Me interesa","Indiferente","Consumo poco (1-2 veces)","Consumo diariamente","Consumo mucho (3-4 veces)","Consumo mucho (3-4 veces)","No consumo",0
2025-12-04 22:19:32.583,"No","Visitantes","Sí","Todos los días","Sí","3 veces por semana","Al centro","Instantáneo",NA,"$15.000",NA,NA,NA,NA,NA,NA,NA,NA,NA,"41","Masculino","$800.001 - $1.000.000","No",NA,NA,"Relajarse/disfrutar del ambiente","Redes sociales",NA,"Bajo","Muy alto","Alto","Alto","Medio",NA,NA,NA,NA,NA,"Consumo diariamente","No consumo","No consumo","Consumo diariamente","Consumo mucho (3-4 veces)",0
2025-12-04 22:21:45.681,"No","Constitución","No",NA,"Sí","2 veces por semana","Al centro",NA,NA,"$ 10.000","Sí","Indiferente","Sí",NA,"No",NA,NA,NA,NA,"34","Masculino","$500.001 - $800.000","Sí","3 veces",NA,"Relajarse/disfrutar del ambiente","Precios y promociones",NA,"Bajo","Alto","Alto","Alto","Bajo","Indiferente","Indiferente","Indiferente","Me interesa","Indiferente","No consumo","Consumo diariamente","Consumo diariamente","Consumo diariamente","No consumo",0
2025-12-04 22:23:41.134,"Sí","Visitante","No",NA,"No",NA,NA,NA,NA,NA,NA,NA,NA,NA,NA,NA,NA,NA,NA,"20.0","Prefiero no decirlo","Prefiero no decirlo","No",NA,NA,"Trabajar o Estudiar","Cercanía o ubicación",NA,"Alto","Alto","Alto","Alto","Alto",NA,NA,NA,NA,NA,"No consumo","Consumo poco (1-2 veces)","Consumo mucho (3-4 veces)","Consumo mucho (3-4 veces)","Consumo diariamente",0
2025-12-05 18:36:02.094,"Sí","Constitución","Sí","3 veces por semana","Sí","1 vez a la semana","Al centro","Espresso",NA,"$ 10.000","Sí","Indiferente","Sí",NA,"Sí","Bebidas frías (Frappés, smoothies, jugos naturales), Helados y postres fríos, Pizza y Sándwich","Ambos formatos",NA,NA,"50.0","Masculino","1.000.001 - $1.999.990","Sí","1 vez",NA,"Compartir con amigos/familia","Redes sociales",NA,"Bajo","Muy alto","Muy alto","Muy alto","Medio","Me interesa","No me interesa","No me interesa","Me interesa","Me interesa","Consumo mucho (3-4 veces)","Consumo poco (1-2 veces)","Consumo diariamente","Consumo diariamente","No consumo",0
2025-12-05 18:37:22.999,"Sí","Constitución","Sí","1 vez por semana","Sí","2 veces a la semana","Cerca de mi hogar","Descafeinado",NA,"$ 10.000","Sí","Sí","Sí",NA,"Sí","Bebidas frías (Frappés, smoothies, jugos naturales), Helados y postres fríos","Ambos formatos",NA,NA,"36.0","Femenino","$800.001 - $1.000.000","Sí","4 veces",NA,"Relajarse /disfrutar del ambiente","Cercanía o ubicación",NA,"Bajo","Muy alto","Muy alto","Muy alto","Bajo","Me interesa","Me interesa","No me interesa","No me interesa","No me interesa","Consumo poco (1-2 veces)","No consumo","No consumo","Consumo mucho (3-4 veces)","Consumo diariamente",0
2025-12-05 18:38:27.059,"Sí","Constitución","Sí","Todos los días","No",NA,NA,"Espresso",NA,NA,"Sí","Sí","Sí",NA,"Sí","Bebidas frías (Frappés, smoothies, jugos naturales), Helados y postres fríos, Snacks para llevar, Pizza y Sándwich","Ambos formatos",NA,NA,"42.0","Femenino","1.000.001 - $1.999.990","Sí","4 veces",NA,"Compartir con amigos/familia","Redes sociales",NA,"Bajo","Muy alto","Muy alto","Muy alto","Medio","Me interesa","Me interesa","Me interesa","Me interesa","Me interesa","Consumo diariamente","Consumo poco (1-2 veces)","No consumo","No consumo","No consumo",0
2025-12-05 18:43:01.128,"Sí","Constitución","Sí","Todos los días","Sí","1 vez a la semana","Al centro","Capuccino",NA,"$ 15.000","Sí","No","Sí",NA,"Sí","Bebidas frías (Frappés, smoothies, jugos naturales), Helados y postres fríos, Pizza y Sándwich","Ambos formatos",NA,NA,"41.0","Masculino","Más de $2.000.000","Sí","2 veces",NA,"Compartir con amigos/familia","Redes sociales",NA,"Bajo","Muy alto","Muy alto","Muy alto","Medio","Me interesa","Me interesa","No me interesa","No me interesa","Me interesa","Consumo diariamente","No consumo","No consumo","Consumo poco (1-2 veces)","No consumo",0
2025-12-05 19:06:01.566,"Sí","Constitución","Sí","3 veces por semana","Sí","1 vez a la semana","Al centro","Nescafé",NA,"$ 15.000","Sí","Sí","Sí",NA,"Sí","Bebidas frías (Frappés, smoothies, jugos naturales), Helados y postres fríos, Pizza y Sándwich","Ambos formatos",NA,NA,"47.0","Femenino","1.000.001 - $1.999.990","Sí","2 veces",NA,"Compartir con amigos/familia","Redes sociales",NA,"Bajo","Muy alto","Muy alto","Muy alto","Medio","Me interesa","Me interesa","No me interesa","No me interesa","Me interesa","Consumo mucho (3-4 veces)","Consumo poco (1-2 veces)","No consumo","No consumo","No consumo",0
2025-12-05 19:51:50.664,"Sí","Visitante","Sí","Todos los días","Sí","3 veces a la semana","Cerca de la playa","Capuccino",NA,"Más de $20.000","Sí","Sí","Sí",NA,"Sí","Helados y postres fríos, Snacks para llevar, Pizza y Sándwich","Servicio con mesas dentro y fuera del local",NA,NA,"23.0","Femenino","$800.001 - $1.000.000","Sí","4 veces",NA,"Trabajar o Estudiar","Recomendaciones",NA,"Muy Bajo","Muy alto","Muy alto","Alto","Medio","No me interesa","No me interesa","Me interesa","Me interesa","Me interesa","Consumo diariamente","Consumo mucho (3-4 veces)","Consumo mucho (3-4 veces)","Consumo diariamente","Consumo poco (1-2 veces)",0
2025-12-06 00:42:44.896,"Sí","Visitante","Sí","Todos los días","Sí","1 vez a la semana","Al centro","Descafeinado",NA,"$ 15.000","Sí","Sí","Sí",NA,"Sí","Bebidas frías (Frappés, smoothies, jugos naturales), Helados y postres fríos, Snacks para llevar, Pizza y Sándwich","Ambos formatos",NA,NA,"27.0","Femenino","$500.001 - $800.000","Sí","1 vez",NA,"Relajarse /disfrutar del ambiente","Redes sociales",NA,"Medio","Muy alto","Muy alto","Muy alto","Alto","Me interesa","Me interesa","Indiferente","Me interesa","Me interesa","Consumo diariamente","Consumo poco (1-2 veces)","Consumo diariamente","Consumo mucho (3-4 veces)","Consumo mucho (3-4 veces)",0
2025-12-06 01:38:05.815,"Sí","Constitución","Sí","Todos los días","No",NA,NA,"Moca",NA,NA,NA,NA,NA,NA,NA,NA,NA,NA,NA,"21","Masculino","Menos de $500.000","No",NA,NA,"Compartir con amigos/familia","Recomendaciones",NA,"Alto","Alto","Alto","Alto","Bajo",NA,NA,NA,NA,NA,"Consumo diariamente","Consumo mucho (3-4 veces)","Consumo mucho (3-4 veces)","Consumo diariamente","Consumo diariamente",0
2025-12-06 01:38:39.347,"Sí","Constitución","Sí","2 veces por semana","No",NA,NA,"Espresso",NA,NA,"Sí","Sí","Sí",NA,"Sí","Helados y postres fríos","Ambos formatos",NA,NA,"28","Masculino","Menos de $500.000","Sí","4 veces",NA,"Relajarse/disfrutar del ambiente","Redes sociales",NA,"Alto","Alto","Alto","Muy alto","Bajo","No me interesa","Indiferente","Me interesa","No me interesa","Me interesa","Consumo diariamente","No consumo","Consumo diariamente","Consumo diariamente","Consumo diariamente",0
2025-12-06 01:38:42.32,"Sí","Constitución","Sí","Todos los días","No",NA,NA,"Moca",NA,NA,"Sí","Indiferente","Indiferente",NA,"Indiferente",NA,NA,NA,NA,"32","Femenino","$500.001 - $800.000","Sí","3 veces",NA,"Trabajar o Estudiar","Redes sociales",NA,"Bajo","Alto","Alto","Muy alto","Alto",NA,NA,NA,NA,NA,"Consumo diariamente","Consumo diariamente","Consumo mucho (3-4 veces)","Consumo mucho (3-4 veces)","Consumo poco (1-2 veces)",0
2025-12-06 01:39:31.585,"Sí","Visitantes","Sí","3 veces por semana","Sí","1 vez por semana","Al centro","Instantáneo",NA,"$ 10.000",NA,NA,NA,NA,NA,NA,NA,NA,NA,"30","Femenino","$500.001 - $800.000","No",NA,NA,"Relajarse/disfrutar del ambiente","Recomendaciones",NA,"Alto","Alto","Alto","Alto","Medio",NA,NA,NA,NA,NA,"Consumo diariamente","Consumo mucho (3-4 veces)","Consumo mucho (3-4 veces)","Consumo mucho (3-4 veces)","Consumo diariamente",0
2025-12-06 01:43:15.053,"Sí","Constitución","Sí","Todos los días","Sí","3 veces por semana","Cerca de mi hogar","Descafeinado",NA,"$ 10.000","Sí","Indiferente","Sí",NA,"Sí","Bebidas frías (Frappés, smothies, jugos naturales, Helados y postres fríos","Ambos formatos",NA,NA,"42","Masculino","$800.001 - $1.000.000","Sí","3 veces",NA,"Relajarse/disfrutar del ambiente","Recomendaciones",NA,"Alto","Alto","Alto","Alto","Bajo","Me interesa","Me interesa","Me interesa","No me interesa","Me interesa","Consumo diariamente","Consumo mucho (3-4 veces)","Consumo diariamente","Consumo poco (1-2 veces)","No consumo",0
2025-12-06 01:43:15.342,"Sí","Constitución","Sí","3 veces por semana","Sí","2 veces por semana","Cerca de la paya","Espresso",NA,"$ 10.000","Sí","Sí","Sí",NA,"Sí","Bebidas frías (Frappés, smothies, jugos naturales), Helados y postres fríos, Pizza y Sándwich","Ambos formatos",NA,NA,"27","Femenino","$500.001 - $800.000","Sí","2 veces",NA,"Compartir con amigos/familia","Recomendaciones",NA,"Medio","Alto","Alto","Alto","Alto","No me interesa","Indiferente","No me interesa","Me interesa","Indiferente","No consumo","Consumo poco (1-2 veces)","Consumo mucho (3-4 veces)","No consumo","No consumo",0
2025-12-06 01:43:15.955,"Sí","Constitución","Sí","Todos los días","No",NA,NA,"Espresso",NA,NA,NA,NA,NA,NA,NA,NA,NA,NA,NA,"27","Femenino","$800.001 - $1.000.000","No",NA,NA,"Relajarse/disfrutar del ambiente","Redes sociales",NA,"Medio","Alto","Alto","Alto","Medio",NA,NA,NA,NA,NA,"Consumo diariamente","Consumo mucho (3-4 veces)","Consumo diariamente","Consumo poco (1-2 veces)","Consumo poco (1-2 veces)",0
2025-12-06 01:43:16.224,"Sí","Visitantes","No",NA,"No",NA,NA,NA,NA,NA,"No","Sí","No",NA,"Sí","Bebidas frías (Frappés, smothies, jugos naturales)","Ambos formatos",NA,NA,"46","Femenino","Más de $2.000.000","Sí","3 veces",NA,"Relajarse/disfrutar del ambiente","Precios y promociones",NA,"Bajo","Alto","Alto","Alto","Medio",NA,NA,NA,NA,NA,"No consumo","Consumo mucho (3-4 veces)","Consumo mucho (3-4 veces)","Consumo diariamente","No consumo",0
2025-12-06 01:43:16.505,"Sí","Visitantes","No",NA,"Sí","3 veces por semana","Cerca de mi hogar",NA,NA,"$ 10.000","Sí","Indiferente","Indiferente",NA,"Sí","Pizza y Sándwich","Servicio con mesas dentro y fuera del local",NA,NA,"25","Masculino","$500.001 - $800.000","Sí","3 veces",NA,"Compartir con amigos/familia","Recomendaciones",NA,"Alto","Muy alto","Alto","Muy alto","Medio",NA,NA,NA,NA,NA,"No consumo","Consumo poco (1-2 veces)","Consumo diariamente","Consumo diariamente","Consumo diariamente",0
2025-12-06 01:43:16.816,"Sí","Constitución","Sí","3 veces por semana","No",NA,NA,"Instantáneo",NA,NA,"Sí","Sí","Indiferente",NA,"Sí","Bebidas frías (Frappés, smothies, jugos naturales), Helados y postres fríos, Pizza y Sándwich","Ambos formatos",NA,NA,"24","Masculino","Menos de $500.000","Sí","2 veces",NA,"Trabajar o Estudiar","Recomendaciones",NA,"Alto","Alto","Alto","Alto","Bajo",NA,NA,NA,NA,NA,"Consumo diariamente","Consumo diariamente","Consumo mucho (3-4 veces)","Consumo diariamente","Consumo diariamente",0
2025-12-06 01:43:17.051,"Sí","Constitución","Sí","2 veces por semana","Sí","1 vez por semana","Cerca de mi hogar","Moca",NA,"$15.000","Sí","Sí","Sí",NA,"No",NA,NA,NA,NA,"48","Femenino","$500.001 - $800.000","Sí","4 veces",NA,"Probar productos","Redes sociales",NA,"Medio","Muy alto","Alto","Alto","Alto","No me interesa","No me interesa","Me interesa","Me interesa","No me interesa","Consumo diariamente","Consumo poco (1-2 veces)","No consumo","Consumo diariamente","No consumo",0
2025-12-06 01:43:17.292,"Sí","Visitantes","Sí","Todos los días","Sí","2 veces por semana","Cerca de mi hogar","Descafeinado",NA,"$ 10.000","Sí","Sí","Sí",NA,"Sí","Bebidas frías (Frappés, smothies, jugos naturales), Helados y postres fríos, Pizza y Sándwich","Ambos formatos",NA,NA,"28","Femenino","$800.001 - $1.000.000","Sí","2 veces",NA,"Probar productos","Recomendaciones",NA,"Medio","Alto","Muy alto","Muy alto","Bajo","No me interesa","Me interesa","Me interesa","Me interesa","Indiferente","No consumo","Consumo mucho (3-4 veces)","No consumo","Consumo diariamente","Consumo diariamente",0
2025-12-06 01:43:17.555,"Sí","Constitución","Sí","2 veces por semana","No",NA,NA,"Instantáneo",NA,NA,"Sí","Sí","Indiferente",NA,"Indiferente",NA,NA,NA,NA,"28","Femenino","Prefiero no decirlo","Sí","3 veces",NA,"Relajarse/disfrutar del ambiente","Precios y promociones",NA,"Medio","Alto","Alto","Muy alto","Alto",NA,NA,NA,NA,NA,"Consumo mucho (3-4 veces)","Consumo mucho (3-4 veces)","No consumo","No consumo","Consumo diariamente",0
2025-12-06 01:43:17.793,"Sí","Visitantes","Sí","Todos los días","Sí","2 veces por semana","Al centro","Espresso",NA,"Menos de $5.000","Sí","Sí","Indiferente",NA,"Sí","Bebidas frías (Frappés, smothies, jugos naturales, Helados y postres fríos","Ambos formatos",NA,NA,"24","Masculino","$500.001 - $800.000","Sí","2 veces",NA,"Compartir con amigos/familia","Redes sociales",NA,"Muy alto","Alto","Alto","Alto","Medio",NA,NA,NA,NA,NA,"Consumo diariamente","No consumo","Consumo poco (1-2 veces)","Consumo diariamente","Consumo diariamente",0
2025-12-06 01:49:32.744,"Sí","Constitución","Sí","Todos los días","Sí","2 veces por semana","Al centro","Instantáneo",NA,"$15.000","Sí","Indiferente","Indiferente",NA,"Sí","Helados y postres fríos","Ambos formatos",NA,NA,"35","Femenino","Prefiero no decirlo","Sí","2 veces",NA,"Compartir con amigos/familia","Recomendaciones",NA,"Muy alto","Alto","Alto","Alto","Medio",NA,NA,NA,NA,NA,"Consumo diariamente","Consumo diariamente","Consumo mucho (3-4 veces)","Consumo mucho (3-4 veces)","Consumo poco (1-2 veces)",0
2025-12-06 01:49:32.999,"Sí","Constitución","Sí","3 veces por semana","Sí","2 veces por semana","Al centro","Moca",NA,"Más de $20.000",NA,NA,NA,NA,NA,NA,NA,NA,NA,"47","Masculino","$500.001 - $800.000","No",NA,NA,"Compartir con amigos/familia","Carcanía o ubicación",NA,"Alto","Alto","Alto","Alto","Medio",NA,NA,NA,NA,NA,"Consumo mucho (3-4 veces)","No consumo","Consumo mucho (3-4 veces)","Consumo poco (1-2 veces)","Consumo diariamente",0
2025-12-06 01:49:32.483,"Sí","Constitución","Sí","Todos los días","Sí","3 veces por semana","Al centro","Espresso",NA,"$ 10.000","Sí","Sí","Sí",NA,"Sí","Bebidas frías (Frappés, smothies, jugos naturales), Helados y postres fríos, Pizza y Sándwich","Ambos formatos",NA,NA,"29","Masculino","$500.001 - $800.000","Sí","4 veces",NA,"Probar productos","Redes sociales",NA,"Alto","Alto","Alto","Alto","Bajo","Me interesa","Me interesa","No me interesa","No me interesa","No me interesa","Consumo diariamente","Consumo mucho (3-4 veces)","Consumo poco (1-2 veces)","Consumo diariamente","Consumo diariamente",0
2025-12-06 01:49:33.243,"Sí","Constitución","Sí","3 veces por semana","Sí","3 veces por semana","Al centro","Instantáneo",NA,"Más de $20.000","No","Sí","Sí",NA,"Sí","Pizza y Sándwich","Servicio con mesas dentro y fuera del local",NA,NA,"20","Femenino","$500.001 - $800.000","Sí","3 veces",NA,"Compartir con amigos/familia","Redes sociales",NA,"Bajo","Alto","Muy alto","Muy alto","Alto","Me interesa","No me interesa","No me interesa","Indiferente","Me interesa","Consumo diariamente","Consumo diariamente","Consumo mucho (3-4 veces)","Consumo diariamente","Consumo diariamente",0
2025-12-06 01:49:33.589,"Sí","Visitantes","Sí","Todos los días","Sí","3 veces por semana","Al centro","Instantáneo",NA,"Menos de $5.000","Sí","No","Sí",NA,"Sí","Bebidas frías (Frappés, smothies, jugos naturales, Helados y postres fríos","Ambos formatos",NA,NA,"29","Femenino","Menos de $500.000","Sí","4 veces",NA,"Relajarse/disfrutar del ambiente","Precios y promociones",NA,"Muy alto","Alto","Muy alto","Alto","Alto","Me interesa","No me interesa","Indiferente","Me interesa","Me interesa","Consumo diariamente","Consumo poco (1-2 veces)","No consumo","No consumo","Consumo diariamente",0
2025-12-06 01:49:33.856,"Sí","Visitantes","No",NA,"Sí","3 veces por semana","Cerca de mi hogar",NA,NA,"Más de $20.000","Sí","Sí","Sí",NA,"Indiferente",NA,NA,NA,NA,"21","Masculino","Menos de $500.000","Sí","2 veces",NA,"Trabajar o Estudiar","Redes sociales",NA,"Medio","Muy alto","Muy alto","Muy alto","Medio","Indiferente","Me interesa","Me interesa","No me interesa","Me interesa","Consumo diariamente","Consumo mucho (3-4 veces)","Consumo poco (1-2 veces)","Consumo mucho (3-4 veces)","Consumo diariamente",0
2025-12-06 01:49:34.161,"Sí","Constitución","No",NA,"Sí","1 vez por semana","Cerca de mi hogar",NA,NA,"$15.000","Sí","Sí","Sí",NA,"Sí","Bebidas frías (Frappés, smothies, jugos naturales), Helados y postres fríos, Pizza y Sándwich","Servicio con mesas dentro y fuera del local",NA,NA,"22","Masculino","$500.001 - $800.000","Sí","3 veces",NA,"Relajarse/disfrutar del ambiente","Recomendaciones",NA,"Alto","Alto","Muy alto","Alto","Medio","Me interesa","No me interesa","No me interesa","No me interesa","Indiferente","Consumo diariamente","No consumo","Consumo diariamente","No consumo","Consumo diariamente",0
2025-12-06 01:49:34.495,"Sí","Visitantes","No",NA,"Sí","3 veces por semana","Al centro",NA,NA,"$ 10.000",NA,NA,NA,NA,NA,NA,NA,NA,NA,"32","Femenino","Más de $2.000.000","No",NA,NA,"Relajarse/disfrutar del ambiente","Recomendaciones",NA,"Alto","Alto","Alto","Alto","Bajo",NA,NA,NA,NA,NA,"Consumo diariamente","Consumo poco (1-2 veces)","Consumo poco (1-2 veces)","Consumo diariamente","No consumo",0
2025-12-06 01:49:34.771,"Sí","Constitución","Sí","2 veces por semana","No",NA,NA,"Espresso",NA,NA,NA,NA,NA,NA,NA,NA,NA,NA,NA,"50","Masculino","$500.001 - $800.000","No",NA,NA,"Compartir con amigos/familia","Redes sociales",NA,"Alto","Muy alto","Alto","Alto","Medio",NA,NA,NA,NA,NA,"Consumo diariamente","Consumo mucho (3-4 veces)","Consumo poco (1-2 veces)","Consumo poco (1-2 veces)","Consumo diariamente",0
2025-12-06 01:49:35.014,"Sí","Constitución","No",NA,"Sí","2 veces por semana","Al centro",NA,NA,"$ 10.000","Sí","Sí","Indiferente",NA,"Sí","Bebidas frías (Frappés, smothies, jugos naturales), Helados y postres fríos, Pizza y Sándwich","Ambos formatos",NA,NA,"26","Masculino","$1.000.001 - $1.999.990","Sí","3 veces",NA,"Compartir con amigos/familia","Recomendaciones",NA,"Alto","Alto","Alto","Alto","Bajo",NA,NA,NA,NA,NA,"No consumo","Consumo mucho (3-4 veces)","Consumo mucho (3-4 veces)","No consumo","No consumo",0
2025-12-06 13:50:59.511,"Sí","Visitantes","Sí","1 vez por semana","Sí","2 veces por semana","Al centro","Espresso",NA,"Menos de $5.000","Sí","Sí","Sí",NA,"Sí","Pizza y Sándwich","Ambos formatos",NA,NA,"32","Femenino","Menos de $500.000","Sí","1 vez",NA,"Relajarse/disfrutar del ambiente","Redes sociales",NA,"Alto","Alto","Muy alto","Alto","Bajo","No me interesa","Indiferente","Me interesa","Me interesa","Me interesa","No consumo","No consumo","Consumo poco (1-2 veces)","Consumo diariamente","No consumo",0
2025-12-06 13:50:59.958,"Sí","Constitución","Sí","Todos los días","Sí","2 veces por semana","Al centro","Instantáneo",NA,"$15.000","Sí","Sí","Indiferente",NA,"Sí","Bebidas frías (Frappés, smothies, jugos naturales), Helados y postres fríos, Pizza y Sándwich","Servicios rápidos para llevar",NA,NA,"41","Masculino","$800.001 - $1.000.000","Sí","3 veces",NA,"Probar productos","Carcanía o ubicación",NA,"Medio","Alto","Alto","Alto","Bajo",NA,NA,NA,NA,NA,"Consumo mucho (3-4 veces)","Consumo diariamente","Consumo diariamente","Consumo diariamente","Consumo diariamente",0
2025-12-06 13:51:00.479,"Sí","Constitución","Sí","Todos los días","No",NA,NA,"Instantáneo",NA,NA,"Sí","Sí","Indiferente",NA,"Sí","Bebidas frías (Frappés, smothies, jugos naturales), Helados y postres fríos, Pizza y Sándwich","Ambos formatos",NA,NA,"47","Femenino","$500.001 - $800.000","Sí","2 veces",NA,"Compartir con amigos/familia","Recomendaciones",NA,"Alto","Alto","Alto","Muy alto","Medio",NA,NA,NA,NA,NA,"No consumo","Consumo mucho (3-4 veces)","Consumo diariamente","Consumo poco (1-2 veces)","Consumo diariamente",0
2025-12-06 13:51:00.93,"Sí","Constitución","Sí","2 veces por semana","No",NA,NA,"Instantáneo",NA,NA,"Sí","Sí","No",NA,"Sí","Bebidas frías (Frappés, smothies, jugos naturales), Helados y postres fríos, Pizza y Sándwich","Ambos formatos",NA,NA,"34","Femenino","$500.001 - $800.000","Sí","1 vez",NA,"Relajarse/disfrutar del ambiente","Redes sociales",NA,"Medio","Alto","Alto","Alto","Medio",NA,NA,NA,NA,NA,"Consumo diariamente","No consumo","No consumo","Consumo poco (1-2 veces)","No consumo",0
2025-12-06 13:51:01.448,"Sí","Constitución","Sí","Todos los días","No",NA,NA,"Capuccino",NA,NA,"Sí","No","Indiferente",NA,"No",NA,NA,NA,NA,"25","Femenino","Prefiero no decirlo","Sí","4 veces",NA,"Relajarse/disfrutar del ambiente","Redes sociales",NA,"Medio","Alto","Alto","Alto","Bajo",NA,NA,NA,NA,NA,"Consumo diariamente","Consumo poco (1-2 veces)","Consumo poco (1-2 veces)","Consumo diariamente","Consumo diariamente",0
2025-12-06 13:51:01.946,"Sí","Constitución","Sí","3 veces por semana","No",NA,NA,"Descafeinado",NA,NA,NA,NA,NA,NA,NA,NA,NA,NA,NA,"48","Femenino","$1.000.001 - $1.999.990","No",NA,NA,"Compartir con amigos/familia","Redes sociales",NA,"Muy alto","Alto","Alto","Alto","Medio",NA,NA,NA,NA,NA,"Consumo diariamente","Consumo mucho (3-4 veces)","Consumo mucho (3-4 veces)","Consumo diariamente","No consumo",0
2025-12-06 13:51:02.411,"Sí","Constitución","No",NA,"No",NA,NA,NA,NA,NA,"Sí","Sí","Sí",NA,"No",NA,NA,NA,NA,"34","Masculino","$800.001 - $1.000.000","Sí","3 veces",NA,"Compartir con amigos/familia","Precios y promociones",NA,"Medio","Alto","Alto","Alto","Medio","Indiferente","Me interesa","Indiferente","Me interesa","Indiferente","Consumo diariamente","Consumo poco (1-2 veces)","Consumo mucho (3-4 veces)","Consumo diariamente","Consumo mucho (3-4 veces)",0
2025-12-06 13:51:02.954,"Sí","Constitución","Sí","1 vez por semana","Sí","3 veces por semana","Cerca de mi hogar","Espresso",NA,"$ 10.000","Sí","Sí","Sí",NA,"No",NA,NA,NA,NA,"21","Masculino","$1.000.001 - $1.999.990","Sí","3 veces",NA,"Relajarse/disfrutar del ambiente","Precios y promociones",NA,"Alto","Alto","Alto","Alto","Medio","Me interesa","Me interesa","Indiferente","Me interesa","Me interesa","Consumo diariamente","Consumo poco (1-2 veces)","No consumo","Consumo diariamente","Consumo diariamente",0
2025-12-06 13:51:03.397,"Sí","Constitución","Sí","Todos los días","Sí","1 vez por semana","Al centro","Instantáneo",NA,"Menos de $5.000","Sí","Indiferente","Indiferente",NA,"Sí","Bebidas frías (Frappés, smothies, jugos naturales, Helados y postres fríos","Ambos formatos",NA,NA,"36","Femenino","Menos de $500.000","Sí","3 veces",NA,"Probar productos","Redes sociales",NA,"Alto","Alto","Alto","Alto","Muy bajo",NA,NA,NA,NA,NA,"Consumo diariamente","Consumo diariamente","Consumo poco (1-2 veces)","Consumo poco (1-2 veces)","Consumo diariamente",0
2025-12-06 13:51:03.668,"Sí","Constitución","Sí","Todos los días","Sí","3 veces por semana","Al centro","Espresso",NA,"$ 10.000","Sí","Sí","Sí",NA,"Sí","Bebidas frías (Frappés, smothies, jugos naturales), Helados y postres fríos, Pizza y Sándwich","Servicios rápidos para llevar",NA,NA,"22","Femenino","$800.001 - $1.000.000","Sí","2 veces",NA,"Trabajar o Estudiar","Precios y promociones",NA,"Alto","Alto","Alto","Alto","Bajo","No me interesa","Me interesa","No me interesa","No me interesa","No me interesa","Consumo diariamente","No consumo","Consumo poco (1-2 veces)","Consumo mucho (3-4 veces)","Consumo diariamente",0
2025-12-06 13:57:47.047,"Sí","Constitución","Sí","3 veces por semana","Sí","1 vez por semana","Cerca de la paya","Capuccino",NA,"Menos de $5.000",NA,NA,NA,NA,NA,NA,NA,NA,NA,"44","Masculino","$500.001 - $800.000","No",NA,NA,"Compartir con amigos/familia","Redes sociales",NA,"Alto","Alto","Alto","Alto","Bajo",NA,NA,NA,NA,NA,"Consumo diariamente","No consumo","Consumo diariamente","No consumo","Consumo diariamente",0
2025-12-06 13:57:47.446,"Sí","Constitución","Sí","Todos los días","Sí","3 veces por semana","Al centro","Espresso",NA,"$15.000",NA,NA,NA,NA,NA,NA,NA,NA,NA,"37","Femenino","Más de $2.000.000","No",NA,NA,"Relajarse/disfrutar del ambiente","Carcanía o ubicación",NA,"Bajo","Alto","Alto","Alto","Muy bajo",NA,NA,NA,NA,NA,"Consumo diariamente","Consumo diariamente","Consumo poco (1-2 veces)","Consumo diariamente","Consumo diariamente",0
2025-12-06 13:57:47.711,"Sí","Constitución","No",NA,"Sí","3 veces por semana","Cerca de mi hogar",NA,NA,"$15.000","No","Sí","Indiferente",NA,"Sí","Bebidas frías (Frappés, smothies, jugos naturales, Helados y postres fríos","Servicio con mesas dentro y fuera del local",NA,NA,"29","Masculino","$500.001 - $800.000","Sí","4 veces",NA,"Compartir con amigos/familia","Redes sociales",NA,"Alto","Muy alto","Alto","Muy alto","Alto",NA,NA,NA,NA,NA,"Consumo diariamente","Consumo mucho (3-4 veces)","No consumo","Consumo diariamente","Consumo diariamente",0
2025-12-06 13:57:48.136,"Sí","Visitantes","Sí","1 vez por semana","Sí","3 veces por semana","Cerca de mi hogar","Moca",NA,"Más de $20.000",NA,NA,NA,NA,NA,NA,NA,NA,NA,"31","Femenino","Menos de $500.000","No",NA,NA,"Relajarse/disfrutar del ambiente","Precios y promociones",NA,"Alto","Alto","Muy alto","Muy alto","Bajo",NA,NA,NA,NA,NA,"Consumo diariamente","Consumo poco (1-2 veces)","Consumo poco (1-2 veces)","Consumo poco (1-2 veces)","Consumo diariamente",0
2025-12-06 13:57:48.423,"Sí","Constitución","Sí","Todos los días","Sí","3 veces por semana","Cerca de mi hogar","Instantáneo",NA,"$15.000","Sí","Indiferente","Sí",NA,"Sí","Pizza y Sándwich","Ambos formatos",NA,NA,"27","Masculino","Prefiero no decirlo","Sí","4 veces",NA,"Compartir con amigos/familia","Redes sociales",NA,"Bajo","Alto","Muy alto","Alto","Medio","No me interesa","No me interesa","Indiferente","No me interesa","Indiferente","Consumo diariamente","No consumo","Consumo mucho (3-4 veces)","Consumo diariamente","Consumo diariamente",0
2025-12-06 13:57:48.824,"Sí","Constitución","Sí","Todos los días","Sí","1 vez por semana","Cerca de mi hogar","Espresso",NA,"$ 10.000","Sí","Indiferente","Sí",NA,"Indiferente",NA,NA,NA,NA,"27","Masculino","$500.001 - $800.000","Sí","3 veces",NA,"Compartir con amigos/familia","Recomendaciones",NA,"Medio","Alto","Alto","Alto","Muy bajo","No me interesa","Indiferente","Indiferente","Me interesa","Me interesa","Consumo diariamente","No consumo","No consumo","Consumo diariamente","Consumo diariamente",0
2025-12-06 13:57:49.241,"Sí","Visitantes","Sí","2 veces por semana","Sí","1 vez por semana","Al centro","Instantáneo",NA,"$15.000","Sí","Sí","No",NA,"Sí","Bebidas frías (Frappés, smothies, jugos naturales), Helados y postres fríos, Pizza y Sándwich","Ambos formatos",NA,NA,"47","Masculino","$800.001 - $1.000.000","Sí","1 vez",NA,"Compartir con amigos/familia","Recomendaciones",NA,"Bajo","Alto","Alto","Alto","Bajo",NA,NA,NA,NA,NA,"Consumo diariamente","No consumo","Consumo mucho (3-4 veces)","Consumo diariamente","Consumo diariamente",0
2025-12-06 13:57:49.641,"Sí","Constitución","Sí","3 veces por semana","Sí","2 veces por semana","Al centro","Instantáneo",NA,"Más de $20.000","Sí","Sí","Sí",NA,"Sí","Bebidas frías (Frappés, smothies, jugos naturales), Helados y postres fríos, Pizza y Sándwich","Ambos formatos",NA,NA,"28","Femenino","$500.001 - $800.000","Sí","2 veces",NA,"Relajarse/disfrutar del ambiente","Redes sociales",NA,"Muy alto","Alto","Muy alto","Alto","Medio","No me interesa","Me interesa","No me interesa","Indiferente","No me interesa","Consumo mucho (3-4 veces)","Consumo mucho (3-4 veces)","Consumo diariamente","Consumo poco (1-2 veces)","No consumo",0
2025-12-06 13:57:50.049,"Sí","Constitución","Sí","Todos los días","Sí","2 veces por semana","Al centro","Capuccino",NA,"Más de $20.000",NA,NA,NA,NA,NA,NA,NA,NA,NA,"23","Femenino","$800.001 - $1.000.000","No",NA,NA,"Compartir con amigos/familia","Redes sociales",NA,"Medio","Alto","Alto","Alto","Medio",NA,NA,NA,NA,NA,"Consumo diariamente","Consumo diariamente","Consumo mucho (3-4 veces)","Consumo diariamente","Consumo diariamente",0
2025-12-06 13:57:50.531,"Sí","Constitución","Sí","Todos los días","Sí","2 veces por semana","Al centro","Moca",NA,"$15.000","Sí","No","Sí",NA,"Sí","Bebidas frías (Frappés, smothies, jugos naturales, Helados y postres fríos","Servicios rápidos para llevar",NA,NA,"39","Masculino","$500.001 - $800.000","Sí","4 veces",NA,"Compartir con amigos/familia","Recomendaciones",NA,"Medio","Alto","Muy alto","Alto","Alto","Me interesa","No me interesa","Indiferente","No me interesa","Indiferente","Consumo diariamente","Consumo diariamente","Consumo mucho (3-4 veces)","No consumo","Consumo diariamente",0
2025-12-06 13:59:21.102,"Sí","Constitución","Sí","Todos los días","Sí","1 vez por semana","Al centro","Espresso",NA,"Menos de $5.000",NA,NA,NA,NA,NA,NA,NA,NA,NA,"34","Masculino","$800.001 - $1.000.000","No",NA,NA,"Relajarse/disfrutar del ambiente","Redes sociales",NA,"Muy alto","Alto","Alto","Alto","Medio",NA,NA,NA,NA,NA,"Consumo diariamente","Consumo mucho (3-4 veces)","No consumo","Consumo diariamente","Consumo diariamente",0
2025-12-06 13:59:21.366,"Sí","Visitantes","Sí","Todos los días","Sí","3 veces por semana","Al centro","Espresso",NA,"$ 10.000",NA,NA,NA,NA,NA,NA,NA,NA,NA,"36","Femenino","Menos de $500.000","No",NA,NA,"Compartir con amigos/familia","Carcanía o ubicación",NA,"Muy alto","Alto","Alto","Alto","Medio",NA,NA,NA,NA,NA,"Consumo diariamente","Consumo mucho (3-4 veces)","Consumo mucho (3-4 veces)","Consumo diariamente","Consumo diariamente",0
2025-12-06 13:59:21.631,"Sí","Visitantes","Sí","Todos los días","No",NA,NA,"Instantáneo",NA,NA,"Sí","Sí","Sí",NA,"Sí","Bebidas frías (Frappés, smothies, jugos naturales), Helados y postres fríos, Pizza y Sándwich","Ambos formatos",NA,NA,"46","Masculino","$1.000.001 - $1.999.990","Sí","3 veces",NA,"Relajarse/disfrutar del ambiente","Recomendaciones",NA,"Medio","Muy alto","Alto","Alto","Bajo","Indiferente","Me interesa","Indiferente","Me interesa","No me interesa","No consumo","Consumo diariamente","Consumo mucho (3-4 veces)","Consumo mucho (3-4 veces)","Consumo diariamente",0
2025-12-06 13:59:21.896,"Sí","Constitución","Sí","Todos los días","Sí","2 veces por semana","Al centro","Instantáneo",NA,"Menos de $5.000","Sí","Indiferente","Sí",NA,"Sí","Bebidas frías (Frappés, smothies, jugos naturales), Helados y postres fríos, Pizza y Sándwich","Ambos formatos",NA,NA,"21","Femenino","$500.001 - $800.000","Sí","2 veces",NA,"Relajarse/disfrutar del ambiente","Precios y promociones",NA,"Alto","Alto","Alto","Alto","Medio","Me interesa","Me interesa","No me interesa","No me interesa","Me interesa","Consumo diariamente","Consumo mucho (3-4 veces)","No consumo","No consumo","Consumo diariamente",0
2025-12-06 13:59:22.31,"Sí","Constitución","Sí","2 veces por semana","Sí","1 vez por semana","Al centro","Moca",NA,"Menos de $5.000","Sí","Sí","Indiferente",NA,"Sí","Pizza y Sándwich","Servicio con mesas dentro y fuera del local",NA,NA,"46","Masculino","$500.001 - $800.000","Sí","3 veces",NA,"Relajarse/disfrutar del ambiente","Redes sociales",NA,"Medio","Alto","Alto","Alto","Medio",NA,NA,NA,NA,NA,"Consumo diariamente","Consumo poco (1-2 veces)","Consumo poco (1-2 veces)","No consumo","Consumo diariamente",0
2025-12-06 13:59:22.695,"Sí","Constitución","Sí","2 veces por semana","No",NA,NA,"Instantáneo",NA,NA,"Sí","Sí","Sí",NA,"Sí","Bebidas frías (Frappés, smothies, jugos naturales), Helados y postres fríos, Pizza y Sándwich","Servicio con mesas dentro y fuera del local",NA,NA,"26","Masculino","$500.001 - $800.000","Sí","2 veces",NA,"Relajarse/disfrutar del ambiente","Redes sociales",NA,"Bajo","Alto","Alto","Muy alto","Bajo","No me interesa","No me interesa","No me interesa","Me interesa","Me interesa","Consumo mucho (3-4 veces)","Consumo mucho (3-4 veces)","No consumo","Consumo diariamente","Consumo diariamente",0
2025-12-06 13:59:23.098,"Sí","Constitución","Sí","1 vez por semana","Sí","3 veces por semana","Al centro","Instantáneo",NA,"$ 10.000","Sí","Sí","Sí",NA,"Sí","Helados y postres fríos","Servicios rápidos para llevar",NA,NA,"46","Masculino","$500.001 - $800.000","Sí","3 veces",NA,"Relajarse/disfrutar del ambiente","Recomendaciones",NA,"Alto","Muy alto","Alto","Alto","Alto","Indiferente","Me interesa","Indiferente","No me interesa","Me interesa","Consumo poco (1-2 veces)","Consumo mucho (3-4 veces)","Consumo poco (1-2 veces)","Consumo diariamente","Consumo diariamente",0
2025-12-06 13:59:23.481,"Sí","Constitución","Sí","Todos los días","Sí","3 veces por semana","Al centro","Descafeinado",NA,"$ 10.000","Sí","Indiferente","Indiferente",NA,"Sí","Helados y postres fríos","Servicio con mesas dentro y fuera del local",NA,NA,"32","Masculino","$500.001 - $800.000","Sí","1 vez",NA,"Trabajar o Estudiar","Recomendaciones",NA,"Medio","Alto","Alto","Alto","Bajo",NA,NA,NA,NA,NA,"Consumo diariamente","Consumo diariamente","Consumo poco (1-2 veces)","Consumo poco (1-2 veces)","Consumo diariamente",0
2025-12-06 13:59:23.761,"Sí","Visitantes","Sí","Todos los días","Sí","2 veces por semana","Cerca de mi hogar","Espresso",NA,"$15.000","No","Sí","No",NA,"No",NA,NA,NA,NA,"27","Masculino","$500.001 - $800.000","Sí","3 veces",NA,"Probar productos","Redes sociales",NA,"Muy alto","Alto","Muy alto","Alto","Medio",NA,NA,NA,NA,NA,"No consumo","No consumo","Consumo poco (1-2 veces)","Consumo diariamente","Consumo mucho (3-4 veces)",0
2025-12-06 13:59:24.041,"Sí","Constitución","No",NA,"Sí","2 veces por semana","Al centro",NA,NA,"Menos de $5.000","Sí","Sí","Sí",NA,"Sí","Bebidas frías (Frappés, smothies, jugos naturales), Helados y postres fríos, Pizza y Sándwich","Ambos formatos",NA,NA,"44","Masculino","$1.000.001 - $1.999.990","Sí","3 veces",NA,"Compartir con amigos/familia","Recomendaciones",NA,"Alto","Alto","Alto","Muy alto","Medio","Indiferente","Me interesa","No me interesa","Me interesa","Indiferente","Consumo diariamente","Consumo poco (1-2 veces)","Consumo poco (1-2 veces)","Consumo diariamente","Consumo diariamente",0
2025-12-06 15:16:04.951,"Sí","Visitantes","Sí","Todos los días","Sí","1 vez por semana","Al centro","Instantáneo",NA,"$15.000",NA,NA,NA,NA,NA,NA,NA,NA,NA,"40","Femenino","$500.001 - $800.000","No",NA,NA,"Probar productos","Redes sociales",NA,"Medio","Alto","Alto","Alto","Medio",NA,NA,NA,NA,NA,"Consumo mucho (3-4 veces)","Consumo poco (1-2 veces)","Consumo poco (1-2 veces)","Consumo diariamente","Consumo diariamente",0
2025-12-06 15:16:05.523,"Sí","Visitantes","No",NA,"Sí","2 veces por semana","Al centro",NA,NA,"$15.000","Sí","Sí","Indiferente",NA,"Sí","Bebidas frías (Frappés, smothies, jugos naturales), Helados y postres fríos, Pizza y Sándwich","Servicio con mesas dentro y fuera del local",NA,NA,"40","Femenino","$800.001 - $1.000.000","Sí","3 veces",NA,"Relajarse/disfrutar del ambiente","Recomendaciones",NA,"Alto","Alto","Alto","Alto","Medio",NA,NA,NA,NA,NA,"Consumo diariamente","Consumo poco (1-2 veces)","No consumo","Consumo diariamente","Consumo diariamente",0
2025-12-06 15:16:05.991,"Sí","Visitantes","No",NA,"Sí","2 veces por semana","Cerca de mi hogar",NA,NA,"$ 10.000",NA,NA,NA,NA,NA,NA,NA,NA,NA,"41","Masculino","Prefiero no decirlo","No",NA,NA,"Relajarse/disfrutar del ambiente","Precios y promociones",NA,"Alto","Alto","Alto","Alto","Bajo",NA,NA,NA,NA,NA,"No consumo","Consumo mucho (3-4 veces)","Consumo mucho (3-4 veces)","Consumo diariamente","Consumo diariamente",0
2025-12-06 15:16:06.271,"Sí","Constitución","Sí","3 veces por semana","Sí","1 vez por semana","Al centro","Capuccino",NA,"$15.000","Sí","Indiferente","Sí",NA,"Indiferente",NA,NA,NA,NA,"45","Femenino","Prefiero no decirlo","Sí","3 veces",NA,"Relajarse/disfrutar del ambiente","Redes sociales",NA,"Medio","Alto","Muy alto","Alto","Medio","No me interesa","No me interesa","No me interesa","Me interesa","Indiferente","Consumo diariamente","Consumo mucho (3-4 veces)","Consumo diariamente","Consumo diariamente","Consumo diariamente",0
2025-12-06 15:16:06.764,"Sí","Visitantes","Sí","Todos los días","Sí","3 veces por semana","Cerca de mi hogar","Instantáneo",NA,"$ 10.000","Sí","Sí","Sí",NA,"Sí","Helados y postres fríos","Servicio con mesas dentro y fuera del local",NA,NA,"36","Masculino","$800.001 - $1.000.000","Sí","4 veces",NA,"Relajarse/disfrutar del ambiente","Precios y promociones",NA,"Alto","Alto","Alto","Alto","Bajo","Me interesa","Indiferente","Indiferente","Me interesa","Me interesa","Consumo mucho (3-4 veces)","Consumo mucho (3-4 veces)","No consumo","Consumo diariamente","No consumo",0
2025-12-06 15:16:07.254,"Sí","Constitución","Sí","3 veces por semana","No",NA,NA,"Instantáneo",NA,NA,"Sí","Sí","Sí",NA,"Sí","Bebidas frías (Frappés, smothies, jugos naturales), Helados y postres fríos, Pizza y Sándwich","Ambos formatos",NA,NA,"31","Femenino","$500.001 - $800.000","Sí","2 veces",NA,"Probar productos","Recomendaciones",NA,"Medio","Alto","Alto","Alto","Medio","Indiferente","No me interesa","Indiferente","Me interesa","Me interesa","Consumo mucho (3-4 veces)","Consumo mucho (3-4 veces)","Consumo mucho (3-4 veces)","Consumo diariamente","Consumo diariamente",0
2025-12-06 15:16:07.68,"Sí","Visitantes","Sí","Todos los días","Sí","3 veces por semana","Al centro","Capuccino",NA,"$15.000",NA,NA,NA,NA,NA,NA,NA,NA,NA,"32","Masculino","$800.001 - $1.000.000","No",NA,NA,"Compartir con amigos/familia","Carcanía o ubicación",NA,"Muy alto","Alto","Alto","Alto","Medio",NA,NA,NA,NA,NA,"Consumo mucho (3-4 veces)","Consumo mucho (3-4 veces)","Consumo diariamente","Consumo diariamente","No consumo",0
2025-12-06 15:16:07.995,"Sí","Constitución","Sí","Todos los días","Sí","2 veces por semana","Al centro","Instantáneo",NA,"Menos de $5.000",NA,NA,NA,NA,NA,NA,NA,NA,NA,"35","Masculino","$500.001 - $800.000","No",NA,NA,"Relajarse/disfrutar del ambiente","Redes sociales",NA,"Medio","Alto","Muy alto","Alto","Medio",NA,NA,NA,NA,NA,"Consumo diariamente","Consumo mucho (3-4 veces)","Consumo diariamente","Consumo diariamente","Consumo diariamente",0
2025-12-06 15:16:08.29,"Sí","Constitución","Sí","3 veces por semana","Sí","3 veces por semana","Al centro","Capuccino",NA,"Menos de $5.000","No","Sí","Sí",NA,"Indiferente",NA,NA,NA,NA,"29","Masculino","$800.001 - $1.000.000","Sí","3 veces",NA,"Compartir con amigos/familia","Precios y promociones",NA,"Alto","Alto","Alto","Alto","Bajo","Me interesa","Indiferente","No me interesa","Me interesa","No me interesa","Consumo diariamente","Consumo mucho (3-4 veces)","Consumo mucho (3-4 veces)","Consumo diariamente","Consumo diariamente",0
2025-12-06 15:16:08.598,"Sí","Constitución","Sí","Todos los días","Sí","2 veces por semana","Cerca de mi hogar","Descafeinado",NA,"$ 10.000","Sí","Indiferente","Sí",NA,"Sí","Bebidas frías (Frappés, smothies, jugos naturales, Helados y postres fríos","Servicios rápidos para llevar",NA,NA,"24","Masculino","$500.001 - $800.000","Sí","4 veces",NA,"Compartir con amigos/familia","Recomendaciones",NA,"Medio","Alto","Alto","Muy alto","Bajo","No me interesa","Indiferente","No me interesa","Me interesa","Me interesa","Consumo diariamente","Consumo diariamente","Consumo poco (1-2 veces)","Consumo diariamente","No consumo",0
2025-12-06 15:16:08.901,"Sí","Constitución","Sí","3 veces por semana","No",NA,NA,"Instantáneo",NA,NA,"Sí","Sí","Sí",NA,"Indiferente",NA,NA,NA,NA,"34","Femenino","$500.001 - $800.000","Sí","3 veces",NA,"Trabajar o Estudiar","Redes sociales",NA,"Medio","Alto","Muy alto","Alto","Bajo","Me interesa","No me interesa","Me interesa","Me interesa","Indiferente","Consumo diariamente","Consumo poco (1-2 veces)","Consumo mucho (3-4 veces)","Consumo diariamente","Consumo diariamente",0
2025-12-06 15:16:09.216,"Sí","Constitución","Sí","Todos los días","Sí","3 veces por semana","Cerca de mi hogar","Descafeinado",NA,"$15.000",NA,NA,NA,NA,NA,NA,NA,NA,NA,"25","Femenino","Menos de $500.000","No",NA,NA,"Relajarse/disfrutar del ambiente","Carcanía o ubicación",NA,"Alto","Alto","Alto","Alto","Bajo",NA,NA,NA,NA,NA,"Consumo diariamente","Consumo poco (1-2 veces)","Consumo poco (1-2 veces)","No consumo","Consumo diariamente",0
2025-12-06 15:16:09.749,"Sí","Constitución","Sí","Todos los días","Sí","1 vez por semana","Cerca de la paya","Instantáneo",NA,"$15.000",NA,NA,NA,NA,NA,NA,NA,NA,NA,"40","Femenino","$500.001 - $800.000","No",NA,NA,"Relajarse/disfrutar del ambiente","Precios y promociones",NA,"Medio","Alto","Alto","Alto","Medio",NA,NA,NA,NA,NA,"No consumo","Consumo poco (1-2 veces)","Consumo mucho (3-4 veces)","Consumo poco (1-2 veces)","Consumo diariamente",0
2025-12-06 15:16:10.255,"Sí","Constitución","Sí","Todos los días","No",NA,NA,"Capuccino",NA,NA,"Sí","Sí","Sí",NA,"Sí","Bebidas frías (Frappés, smothies, jugos naturales), Helados y postres fríos, Pizza y Sándwich","Ambos formatos",NA,NA,"36","Femenino","$500.001 - $800.000","Sí","2 veces",NA,"Trabajar o Estudiar","Precios y promociones",NA,"Alto","Muy alto","Alto","Alto","Bajo","No me interesa","Me interesa","Indiferente","No me interesa","Me interesa","Consumo diariamente","Consumo poco (1-2 veces)","Consumo diariamente","Consumo diariamente","Consumo diariamente",0
2025-12-06 15:16:10.54,"Sí","Constitución","Sí","Todos los días","No",NA,NA,"Espresso",NA,NA,"Sí","Indiferente","Indiferente",NA,"Indiferente",NA,NA,NA,NA,"45","Masculino","Prefiero no decirlo","Sí","3 veces",NA,"Trabajar o Estudiar","Redes sociales",NA,"Bajo","Alto","Alto","Alto","Muy bajo",NA,NA,NA,NA,NA,"Consumo mucho (3-4 veces)","Consumo diariamente","Consumo poco (1-2 veces)","Consumo poco (1-2 veces)","Consumo diariamente",0
2025-12-06 15:16:10.971,"Sí","Constitución","Sí","2 veces por semana","No",NA,NA,"Espresso",NA,NA,"Sí","Sí","Indiferente",NA,"Sí","Bebidas frías (Frappés, smothies, jugos naturales, Helados y postres fríos","Servicios rápidos para llevar",NA,NA,"24","Femenino","$500.001 - $800.000","Sí","3 veces",NA,"Relajarse/disfrutar del ambiente","Redes sociales",NA,"Medio","Alto","Alto","Alto","Alto",NA,NA,NA,NA,NA,"Consumo diariamente","No consumo","Consumo mucho (3-4 veces)","Consumo diariamente","Consumo poco (1-2 veces)",0
2025-12-06 15:16:11.568,"Sí","Constitución","Sí","2 veces por semana","Sí","2 veces por semana","Al centro","Moca",NA,"$ 10.000",NA,NA,NA,NA,NA,NA,NA,NA,NA,"30","Femenino","$500.001 - $800.000","No",NA,NA,"Relajarse/disfrutar del ambiente","Carcanía o ubicación",NA,"Bajo","Alto","Alto","Alto","Alto",NA,NA,NA,NA,NA,"No consumo","Consumo diariamente","Consumo mucho (3-4 veces)","No consumo","Consumo diariamente",0
2025-12-06 15:16:11.823,"Sí","Visitantes","Sí","1 vez por semana","No",NA,NA,"Espresso",NA,NA,"Sí","Indiferente","Sí",NA,"Sí","Bebidas frías (Frappés, smothies, jugos naturales), Helados y postres fríos, Pizza y Sándwich","Ambos formatos",NA,NA,"50","Femenino","Prefiero no decirlo","Sí","3 veces",NA,"Compartir con amigos/familia","Carcanía o ubicación",NA,"Alto","Alto","Alto","Alto","Medio","Indiferente","Me interesa","No me interesa","Me interesa","No me interesa","Consumo poco (1-2 veces)","Consumo diariamente","Consumo poco (1-2 veces)","Consumo diariamente","Consumo diariamente",0
2025-12-06 15:16:12.09,"Sí","Constitución","Sí","Todos los días","No",NA,NA,"Capuccino",NA,NA,NA,NA,NA,NA,NA,NA,NA,NA,NA,"35","Femenino","Menos de $500.000","No",NA,NA,"Relajarse/disfrutar del ambiente","Redes sociales",NA,"Alto","Muy alto","Alto","Alto","Bajo",NA,NA,NA,NA,NA,"Consumo diariamente","Consumo diariamente","Consumo poco (1-2 veces)","Consumo diariamente","No consumo",0
2025-12-06 15:16:12.475,"Sí","Constitución","Sí","1 vez por semana","Sí","3 veces por semana","Al centro","Capuccino",NA,"$15.000",NA,NA,NA,NA,NA,NA,NA,NA,NA,"31","Femenino","$800.001 - $1.000.000","No",NA,NA,"Trabajar o Estudiar","Redes sociales",NA,"Bajo","Alto","Alto","Alto","Medio",NA,NA,NA,NA,NA,"Consumo poco (1-2 veces)","Consumo mucho (3-4 veces)","No consumo","Consumo diariamente","Consumo diariamente",0
2025-12-06 15:16:12.816,"Sí","Visitantes","Sí","Todos los días","No",NA,NA,"Espresso",NA,NA,NA,NA,NA,NA,NA,NA,NA,NA,NA,"48","Femenino","$500.001 - $800.000","No",NA,NA,"Relajarse/disfrutar del ambiente","Recomendaciones",NA,"Alto","Alto","Alto","Alto","Bajo",NA,NA,NA,NA,NA,"Consumo diariamente","Consumo diariamente","Consumo mucho (3-4 veces)","Consumo diariamente","Consumo diariamente",0
2025-12-06 15:16:13.093,"Sí","Visitantes","No",NA,"Sí","3 veces por semana","Al centro",NA,NA,"Menos de $5.000","Sí","Sí","No",NA,"Indiferente",NA,NA,NA,NA,"30","Masculino","$500.001 - $800.000","Sí","2 veces",NA,"Relajarse/disfrutar del ambiente","Redes sociales",NA,"Medio","Alto","Alto","Muy alto","Bajo",NA,NA,NA,NA,NA,"Consumo diariamente","Consumo mucho (3-4 veces)","No consumo","No consumo","Consumo diariamente",0
2025-12-06 15:16:13.527,"Sí","Visitantes","No",NA,"Sí","1 vez por semana","Cerca de mi hogar",NA,NA,"Menos de $5.000",NA,NA,NA,NA,NA,NA,NA,NA,NA,"43","Femenino","Menos de $500.000","No",NA,NA,"Probar productos","Redes sociales",NA,"Muy alto","Alto","Alto","Muy alto","Bajo",NA,NA,NA,NA,NA,"Consumo poco (1-2 veces)","Consumo poco (1-2 veces)","No consumo","Consumo diariamente","Consumo diariamente",0
2025-12-06 15:16:13.862,"Sí","Constitución","Sí","1 vez por semana","No",NA,NA,"Espresso",NA,NA,NA,NA,NA,NA,NA,NA,NA,NA,NA,"27","Femenino","$500.001 - $800.000","No",NA,NA,"Relajarse/disfrutar del ambiente","Precios y promociones",NA,"Alto","Alto","Alto","Muy alto","Medio",NA,NA,NA,NA,NA,"Consumo diariamente","Consumo diariamente","Consumo poco (1-2 veces)","No consumo","No consumo",0
2025-12-06 15:16:14.507,"Sí","Constitución","Sí","2 veces por semana","Sí","2 veces por semana","Cerca de mi hogar","Instantáneo",NA,"$ 10.000",NA,NA,NA,NA,NA,NA,NA,NA,NA,"20","Femenino","$500.001 - $800.000","No",NA,NA,"Probar productos","Redes sociales",NA,"Muy alto","Alto","Alto","Alto","Medio",NA,NA,NA,NA,NA,"No consumo","No consumo","Consumo diariamente","Consumo diariamente","Consumo poco (1-2 veces)",0
2025-12-06 15:16:14.752,"Sí","Constitución","No",NA,"No",NA,NA,NA,NA,NA,"Sí","Sí","Indiferente",NA,"Sí","Helados y postres fríos","Ambos formatos",NA,NA,"42","Masculino","Prefiero no decirlo","Sí","1 vez",NA,"Relajarse/disfrutar del ambiente","Carcanía o ubicación",NA,"Alto","Alto","Alto","Alto","Bajo",NA,NA,NA,NA,NA,"Consumo diariamente","Consumo mucho (3-4 veces)","Consumo mucho (3-4 veces)","Consumo diariamente","Consumo diariamente",0
2025-12-06 15:16:15.038,"Sí","Constitución","No",NA,"Sí","3 veces por semana","Al centro",NA,NA,"$15.000","Sí","Sí","Sí",NA,"Sí","Bebidas frías (Frappés, smothies, jugos naturales, Helados y postres fríos","Ambos formatos",NA,NA,"22","Femenino","$500.001 - $800.000","Sí","2 veces",NA,"Compartir con amigos/familia","Redes sociales",NA,"Alto","Muy alto","Muy alto","Alto","Medio","Me interesa","Me interesa","Me interesa","Me interesa","Indiferente","No consumo","Consumo diariamente","Consumo mucho (3-4 veces)","No consumo","Consumo diariamente",0
2025-12-06 15:16:15.354,"Sí","Constitución","Sí","Todos los días","Sí","1 vez por semana","Cerca de mi hogar","Moca",NA,"Menos de $5.000","Sí","Sí","Sí",NA,"Sí","Bebidas frías (Frappés, smothies, jugos naturales), Helados y postres fríos, Pizza y Sándwich","Ambos formatos",NA,NA,"33","Masculino","$500.001 - $800.000","Sí","1 vez",NA,"Relajarse/disfrutar del ambiente","Recomendaciones",NA,"Alto","Alto","Alto","Muy alto","Bajo","Indiferente","No me interesa","No me interesa","Me interesa","Me interesa","No consumo","Consumo mucho (3-4 veces)","Consumo diariamente","Consumo diariamente","Consumo diariamente",0
2025-12-06 15:16:15.652,"Sí","Constitución","Sí","3 veces por semana","No",NA,NA,"Capuccino",NA,NA,NA,NA,NA,NA,NA,NA,NA,NA,NA,"49","Femenino","Más de $2.000.000","No",NA,NA,"Relajarse/disfrutar del ambiente","Redes sociales",NA,"Muy alto","Alto","Alto","Alto","Medio",NA,NA,NA,NA,NA,"Consumo diariamente","No consumo","No consumo","Consumo diariamente","Consumo diariamente",0
2025-12-06 15:16:15.973,"Sí","Constitución","Sí","Todos los días","No",NA,NA,"Capuccino",NA,NA,"Sí","Sí","Sí",NA,"No",NA,NA,NA,NA,"29","Femenino","$500.001 - $800.000","Sí","2 veces",NA,"Relajarse/disfrutar del ambiente","Recomendaciones",NA,"Muy alto","Alto","Alto","Alto","Bajo","No me interesa","No me interesa","Indiferente","Indiferente","Indiferente","Consumo diariamente","Consumo mucho (3-4 veces)","No consumo","Consumo mucho (3-4 veces)","Consumo diariamente",0
2025-12-06 15:16:16.269,"Sí","Visitantes","Sí","3 veces por semana","Sí","1 vez por semana","Cerca de mi hogar","Espresso",NA,"$ 10.000","No","Sí","Sí",NA,"Sí","Bebidas frías (Frappés, smothies, jugos naturales), Helados y postres fríos, Pizza y Sándwich","Ambos formatos",NA,NA,"47","Femenino","Menos de $500.000","Sí","4 veces",NA,"Relajarse/disfrutar del ambiente","Recomendaciones",NA,"Medio","Alto","Alto","Alto","Alto","Me interesa","No me interesa","No me interesa","Me interesa","Indiferente","Consumo diariamente","Consumo mucho (3-4 veces)","No consumo","Consumo diariamente","Consumo diariamente",0
2025-12-06 15:16:16.567,"Sí","Constitución","Sí","Todos los días","Sí","2 veces por semana","Al centro","Instantáneo",NA,"Menos de $5.000","Sí","Sí","Indiferente",NA,"Sí","Bebidas frías (Frappés, smothies, jugos naturales), Helados y postres fríos, Pizza y Sándwich","Ambos formatos",NA,NA,"39","Masculino","Prefiero no decirlo","Sí","3 veces",NA,"Compartir con amigos/familia","Redes sociales",NA,"Alto","Muy alto","Alto","Alto","Alto",NA,NA,NA,NA,NA,"Consumo diariamente","Consumo mucho (3-4 veces)","Consumo poco (1-2 veces)","Consumo diariamente","Consumo diariamente",0
2025-12-06 15:16:16.897,"Sí","Constitución","No",NA,"No",NA,NA,NA,NA,NA,"Sí","Indiferente","Sí",NA,"Sí","Bebidas frías (Frappés, smothies, jugos naturales), Helados y postres fríos, Pizza y Sándwich","Servicio con mesas dentro y fuera del local",NA,NA,"42","Masculino","$500.001 - $800.000","Sí","3 veces",NA,"Relajarse/disfrutar del ambiente","Recomendaciones",NA,"Medio","Alto","Alto","Alto","Bajo","Me interesa","No me interesa","No me interesa","No me interesa","Me interesa","Consumo diariamente","Consumo poco (1-2 veces)","Consumo poco (1-2 veces)","Consumo diariamente","Consumo diariamente",0
2025-12-06 15:16:17.188,"Sí","Constitución","Sí","3 veces por semana","Sí","1 vez por semana","Al centro","Capuccino",NA,"Menos de $5.000","Sí","Sí","Sí",NA,"Sí","Pizza y Sándwich","Ambos formatos",NA,NA,"34","Femenino","$1.000.001 - $1.999.990","Sí","4 veces",NA,"Relajarse/disfrutar del ambiente","Recomendaciones",NA,"Alto","Muy alto","Alto","Alto","Medio","No me interesa","Indiferente","No me interesa","Me interesa","Indiferente","Consumo diariamente","Consumo diariamente","Consumo poco (1-2 veces)","Consumo diariamente","Consumo diariamente",0
2025-12-06 15:16:17.605,"Sí","Constitución","Sí","2 veces por semana","Sí","2 veces por semana","Cerca de la paya","Espresso",NA,"$ 10.000",NA,NA,NA,NA,NA,NA,NA,NA,NA,"26","Femenino","$800.001 - $1.000.000","No",NA,NA,"Trabajar o Estudiar","Precios y promociones",NA,"Medio","Muy alto","Alto","Alto","Medio",NA,NA,NA,NA,NA,"Consumo diariamente","No consumo","Consumo diariamente","Consumo poco (1-2 veces)","Consumo diariamente",0
2025-12-06 15:16:17.906,"Sí","Constitución","No",NA,"Sí","2 veces por semana","Cerca de la paya",NA,NA,"Más de $20.000","Sí","Sí","No",NA,"Sí","Bebidas frías (Frappés, smothies, jugos naturales), Helados y postres fríos, Pizza y Sándwich","Ambos formatos",NA,NA,"48","Masculino","$500.001 - $800.000","Sí","2 veces",NA,"Compartir con amigos/familia","Recomendaciones",NA,"Medio","Muy alto","Muy alto","Alto","Bajo",NA,NA,NA,NA,NA,"Consumo diariamente","Consumo mucho (3-4 veces)","Consumo diariamente","No consumo","Consumo diariamente",0
2025-12-06 15:16:18.215,"Sí","Constitución","Sí","Todos los días","Sí","2 veces por semana","Al centro","Espresso",NA,"Menos de $5.000",NA,NA,NA,NA,NA,NA,NA,NA,NA,"42","Femenino","$500.001 - $800.000","No",NA,NA,"Trabajar o Estudiar","Precios y promociones",NA,"Medio","Alto","Muy alto","Alto","Medio",NA,NA,NA,NA,NA,"Consumo diariamente","Consumo poco (1-2 veces)","Consumo mucho (3-4 veces)","Consumo mucho (3-4 veces)","Consumo diariamente",0
2025-12-06 15:16:18.747,"Sí","Visitantes","Sí","3 veces por semana","Sí","2 veces por semana","Al centro","Espresso",NA,"Menos de $5.000",NA,NA,NA,NA,NA,NA,NA,NA,NA,"41","Masculino","Menos de $500.000","No",NA,NA,"Relajarse/disfrutar del ambiente","Redes sociales",NA,"Medio","Alto","Alto","Alto","Alto",NA,NA,NA,NA,NA,"Consumo diariamente","No consumo","Consumo poco (1-2 veces)","No consumo","Consumo mucho (3-4 veces)",0
2025-12-06 15:16:19.029,"Sí","Constitución","Sí","Todos los días","No",NA,NA,"Moca",NA,NA,"Sí","Sí","Sí",NA,"Sí","Bebidas frías (Frappés, smothies, jugos naturales), Helados y postres fríos, Pizza y Sándwich","Ambos formatos",NA,NA,"44","Femenino","$500.001 - $800.000","Sí","2 veces",NA,"Relajarse/disfrutar del ambiente","Carcanía o ubicación",NA,"Medio","Muy alto","Alto","Alto","Muy bajo","No me interesa","No me interesa","Indiferente","Me interesa","Me interesa","Consumo diariamente","Consumo mucho (3-4 veces)","Consumo poco (1-2 veces)","Consumo diariamente","Consumo diariamente",0
2025-12-06 15:16:19.343,"Sí","Visitantes","No",NA,"Sí","2 veces por semana","Cerca de mi hogar",NA,NA,"$ 10.000","No","Sí","Indiferente",NA,"Indiferente",NA,NA,NA,NA,"35","Femenino","$500.001 - $800.000","Sí","2 veces",NA,"Probar productos","Recomendaciones",NA,"Medio","Alto","Muy alto","Alto","Medio",NA,NA,NA,NA,NA,"Consumo diariamente","Consumo poco (1-2 veces)","Consumo poco (1-2 veces)","Consumo mucho (3-4 veces)","Consumo diariamente",0
2025-12-06 15:16:19.851,"Sí","Visitantes","Sí","3 veces por semana","Sí","2 veces por semana","Al centro","Espresso",NA,"$ 10.000","Sí","Indiferente","Indiferente",NA,"Sí","Bebidas frías (Frappés, smothies, jugos naturales), Helados y postres fríos, Pizza y Sándwich","Ambos formatos",NA,NA,"50","Masculino","$800.001 - $1.000.000","Sí","2 veces",NA,"Relajarse/disfrutar del ambiente","Redes sociales",NA,"Medio","Muy alto","Alto","Muy alto","Bajo",NA,NA,NA,NA,NA,"Consumo poco (1-2 veces)","No consumo","No consumo","Consumo diariamente","No consumo",0
2025-12-06 15:16:20.174,"Sí","Constitución","Sí","Todos los días","No",NA,NA,"Instantáneo",NA,NA,NA,NA,NA,NA,NA,NA,NA,NA,NA,"31","Femenino","Prefiero no decirlo","No",NA,NA,"Relajarse/disfrutar del ambiente","Precios y promociones",NA,"Alto","Alto","Alto","Alto","Medio",NA,NA,NA,NA,NA,"Consumo diariamente","Consumo mucho (3-4 veces)","Consumo diariamente","No consumo","Consumo diariamente",0
2025-12-06 15:16:20.474,"Sí","Constitución","Sí","3 veces por semana","Sí","2 veces por semana","Al centro","Moca",NA,"Menos de $5.000","Sí","Sí","Sí",NA,"Sí","Bebidas frías (Frappés, smothies, jugos naturales, Helados y postres fríos","Ambos formatos",NA,NA,"39","Masculino","$800.001 - $1.000.000","Sí","2 veces",NA,"Trabajar o Estudiar","Recomendaciones",NA,"Medio","Alto","Alto","Alto","Bajo","No me interesa","Indiferente","No me interesa","Me interesa","No me interesa","No consumo","Consumo mucho (3-4 veces)","Consumo mucho (3-4 veces)","Consumo diariamente","Consumo diariamente",0
2025-12-06 15:16:20.783,"Sí","Constitución","Sí","1 vez por semana","Sí","2 veces por semana","Al centro","Espresso",NA,"Más de $20.000",NA,NA,NA,NA,NA,NA,NA,NA,NA,"28","Femenino","Menos de $500.000","No",NA,NA,"Probar productos","Redes sociales",NA,"Bajo","Alto","Alto","Alto","Medio",NA,NA,NA,NA,NA,"Consumo diariamente","Consumo mucho (3-4 veces)","Consumo poco (1-2 veces)","Consumo diariamente","No consumo",0
2025-12-06 15:16:21.095,"Sí","Visitantes","Sí","Todos los días","Sí","2 veces por semana","Al centro","Espresso",NA,"$ 10.000","No","Sí","No",NA,"Sí","Pizza y Sándwich","Ambos formatos",NA,NA,"47","Masculino","$500.001 - $800.000","Sí","1 vez",NA,"Relajarse/disfrutar del ambiente","Recomendaciones",NA,"Medio","Alto","Alto","Alto","Bajo",NA,NA,NA,NA,NA,"Consumo diariamente","Consumo mucho (3-4 veces)","Consumo poco (1-2 veces)","Consumo diariamente","Consumo diariamente",0
2025-12-06 15:16:21.356,"Sí","Constitución","No",NA,"Sí","3 veces por semana","Al centro",NA,NA,"$15.000","Sí","Indiferente","Sí",NA,"Sí","Bebidas frías (Frappés, smothies, jugos naturales), Helados y postres fríos, Pizza y Sándwich","Servicio con mesas dentro y fuera del local",NA,NA,"22","Femenino","$1.000.001 - $1.999.990","Sí","2 veces",NA,"Compartir con amigos/familia","Recomendaciones",NA,"Alto","Alto","Alto","Alto","Bajo","Me interesa","Indiferente","No me interesa","No me interesa","Me interesa","Consumo diariamente","Consumo poco (1-2 veces)","Consumo poco (1-2 veces)","Consumo diariamente","No consumo",0
2025-12-06 15:16:21.804,"Sí","Constitución","Sí","3 veces por semana","Sí","2 veces por semana","Cerca de la paya","Capuccino",NA,"$15.000","Sí","No","No",NA,"Sí","Bebidas frías (Frappés, smothies, jugos naturales), Helados y postres fríos, Pizza y Sándwich","Ambos formatos",NA,NA,"38","Masculino","Más de $2.000.000","Sí","2 veces",NA,"Compartir con amigos/familia","Carcanía o ubicación",NA,"Medio","Alto","Alto","Alto","Bajo",NA,NA,NA,NA,NA,"No consumo","Consumo diariamente","Consumo diariamente","Consumo diariamente","No consumo",0
2025-12-06 15:16:22.113,"Sí","Visitantes","Sí","3 veces por semana","Sí","1 vez por semana","Al centro","Capuccino",NA,"Menos de $5.000","Sí","Sí","Indiferente",NA,"Sí","Helados y postres fríos","Ambos formatos",NA,NA,"32","Femenino","Prefiero no decirlo","Sí","3 veces",NA,"Relajarse/disfrutar del ambiente","Precios y promociones",NA,"Medio","Alto","Alto","Alto","Medio",NA,NA,NA,NA,NA,"Consumo diariamente","No consumo","Consumo mucho (3-4 veces)","No consumo","Consumo diariamente",0
2025-12-06 15:16:22.443,"Sí","Visitantes","Sí","Todos los días","Sí","2 veces por semana","Al centro","Moca",NA,"$ 10.000","Sí","Indiferente","Sí",NA,"Sí","Pizza y Sándwich","Ambos formatos",NA,NA,"48","Femenino","$500.001 - $800.000","Sí","3 veces",NA,"Compartir con amigos/familia","Recomendaciones",NA,"Muy alto","Alto","Alto","Alto","Alto","No me interesa","Me interesa","Me interesa","Me interesa","Me interesa","Consumo mucho (3-4 veces)","Consumo poco (1-2 veces)","No consumo","Consumo diariamente","No consumo",0
2025-12-06 15:16:22.724,"Sí","Constitución","Sí","Todos los días","No",NA,NA,"Espresso",NA,NA,"Sí","Sí","Sí",NA,"Sí","Bebidas frías (Frappés, smothies, jugos naturales)","Servicio con mesas dentro y fuera del local",NA,NA,"27","Femenino","$800.001 - $1.000.000","Sí","2 veces",NA,"Relajarse/disfrutar del ambiente","Redes sociales",NA,"Alto","Alto","Alto","Alto","Medio","Me interesa","Indiferente","Me interesa","Me interesa","Indiferente","No consumo","Consumo mucho (3-4 veces)","Consumo mucho (3-4 veces)","Consumo diariamente","No consumo",0
2025-12-06 15:25:18.213,"Sí","Constitución","Sí","Todos los días","Sí","2 veces por semana","Al centro","Instantáneo",NA,"Menos de $5.000",NA,NA,NA,NA,NA,NA,NA,NA,NA,"44","Masculino","Prefiero no decirlo","No",NA,NA,"Relajarse/disfrutar del ambiente","Redes sociales",NA,"Medio","Muy alto","Alto","Alto","Bajo",NA,NA,NA,NA,NA,"Consumo diariamente","Consumo poco (1-2 veces)","Consumo mucho (3-4 veces)","Consumo diariamente","No consumo",0
2025-12-06 15:25:19.095,"Sí","Visitantes","Sí","2 veces por semana","Sí","1 vez por semana","Al centro","Espresso",NA,"$ 10.000","Sí","Sí","Sí",NA,"Sí","Bebidas frías (Frappés, smothies, jugos naturales, Helados y postres fríos","Ambos formatos",NA,NA,"47","Femenino","$500.001 - $800.000","Sí","2 veces",NA,"Compartir con amigos/familia","Redes sociales",NA,"Medio","Muy alto","Alto","Alto","Medio","Indiferente","No me interesa","Me interesa","Me interesa","No me interesa","Consumo diariamente","Consumo poco (1-2 veces)","Consumo poco (1-2 veces)","Consumo diariamente","Consumo diariamente",0
2025-12-06 15:25:19.708,"Sí","Constitución","No",NA,"Sí","3 veces por semana","Cerca de mi hogar",NA,NA,"$15.000","Sí","Sí","Sí",NA,"Sí","Bebidas frías (Frappés, smothies, jugos naturales), Helados y postres fríos, Pizza y Sándwich","Ambos formatos",NA,NA,"36","Femenino","$500.001 - $800.000","Sí","3 veces",NA,"Probar productos","Recomendaciones",NA,"Medio","Alto","Alto","Alto","Bajo","Me interesa","Indiferente","Me interesa","No me interesa","Indiferente","Consumo diariamente","Consumo diariamente","Consumo mucho (3-4 veces)","Consumo diariamente","No consumo",0
2025-12-06 15:25:20.287,"Sí","Constitución","Sí","3 veces por semana","Sí","2 veces por semana","Al centro","Espresso",NA,"Menos de $5.000","Sí","No","Sí",NA,"Sí","Bebidas frías (Frappés, smothies, jugos naturales, Helados y postres fríos","Ambos formatos",NA,NA,"46","Femenino","$800.001 - $1.000.000","Sí","2 veces",NA,"Trabajar o Estudiar","Recomendaciones",NA,"Medio","Alto","Alto","Alto","Muy bajo","Me interesa","No me interesa","Me interesa","Me interesa","Me interesa","Consumo diariamente","Consumo poco (1-2 veces)","Consumo diariamente","Consumo diariamente","Consumo diariamente",0
2025-12-06 15:25:20.707,"Sí","Constitución","Sí","2 veces por semana","Sí","2 veces por semana","Al centro","Moca",NA,"$15.000","Sí","Sí","Indiferente",NA,"Sí","Bebidas frías (Frappés, smothies, jugos naturales), Helados y postres fríos, Pizza y Sándwich","Servicio con mesas dentro y fuera del local",NA,NA,"23","Femenino","Menos de $500.000","Sí","1 vez",NA,"Compartir con amigos/familia","Redes sociales",NA,"Medio","Muy alto","Muy alto","Alto","Medio",NA,NA,NA,NA,NA,"Consumo diariamente","Consumo mucho (3-4 veces)","No consumo","Consumo diariamente","Consumo diariamente",0
2025-12-06 15:25:21.306,"Sí","Constitución","Sí","2 veces por semana","Sí","2 veces por semana","Al centro","Capuccino",NA,"Más de $20.000","Sí","No","Sí",NA,"Sí","Bebidas frías (Frappés, smothies, jugos naturales), Helados y postres fríos, Pizza y Sándwich","Ambos formatos",NA,NA,"29","Femenino","$500.001 - $800.000","Sí","3 veces",NA,"Compartir con amigos/familia","Redes sociales",NA,"Bajo","Alto","Alto","Alto","Bajo","No me interesa","No me interesa","Indiferente","No me interesa","Indiferente","Consumo diariamente","Consumo poco (1-2 veces)","Consumo poco (1-2 veces)","Consumo mucho (3-4 veces)","Consumo diariamente",0
2025-12-06 15:25:21.669,"Sí","Constitución","Sí","2 veces por semana","Sí","3 veces por semana","Cerca de la paya","Espresso",NA,"Menos de $5.000","Sí","Sí","Sí",NA,"Sí","Bebidas frías (Frappés, smothies, jugos naturales, Helados y postres fríos","Ambos formatos",NA,NA,"36","Masculino","$500.001 - $800.000","Sí","3 veces",NA,"Relajarse/disfrutar del ambiente","Recomendaciones",NA,"Medio","Muy alto","Alto","Alto","Bajo","No me interesa","Indiferente","No me interesa","No me interesa","Me interesa","Consumo poco (1-2 veces)","Consumo mucho (3-4 veces)","Consumo mucho (3-4 veces)","Consumo diariamente","No consumo",0
2025-12-06 15:25:22.268,"Sí","Constitución","No",NA,"Sí","2 veces por semana","Al centro",NA,NA,"Menos de $5.000","Sí","Sí","Indiferente",NA,"Sí","Bebidas frías (Frappés, smothies, jugos naturales)","Ambos formatos",NA,NA,"29","Femenino","$800.001 - $1.000.000","Sí","3 veces",NA,"Relajarse/disfrutar del ambiente","Redes sociales",NA,"Muy alto","Alto","Alto","Alto","Bajo",NA,NA,NA,NA,NA,"Consumo diariamente","No consumo","Consumo mucho (3-4 veces)","Consumo diariamente","Consumo diariamente",0
2025-12-06 15:25:22.575,"Sí","Constitución","Sí","2 veces por semana","Sí","3 veces por semana","Al centro","Instantáneo",NA,"Menos de $5.000","Sí","Sí","Sí",NA,"Sí","Bebidas frías (Frappés, smothies, jugos naturales), Helados y postres fríos, Pizza y Sándwich","Ambos formatos",NA,NA,"24","Masculino","$500.001 - $800.000","Sí","3 veces",NA,"Compartir con amigos/familia","Redes sociales",NA,"Alto","Alto","Muy alto","Alto","Alto","No me interesa","No me interesa","No me interesa","No me interesa","Me interesa","No consumo","Consumo poco (1-2 veces)","Consumo diariamente","Consumo diariamente","Consumo diariamente",0
2025-12-06 15:25:22.888,"Sí","Visitantes","Sí","2 veces por semana","Sí","2 veces por semana","Al centro","Instantáneo",NA,"$ 10.000",NA,NA,NA,NA,NA,NA,NA,NA,NA,"30","Femenino","Menos de $500.000","No",NA,NA,"Relajarse/disfrutar del ambiente","Precios y promociones",NA,"Medio","Alto","Alto","Alto","Medio",NA,NA,NA,NA,NA,"Consumo diariamente","No consumo","Consumo mucho (3-4 veces)","Consumo diariamente","Consumo diariamente",0
2025-12-06 15:25:23.203,"Sí","Constitución","Sí","Todos los días","Sí","1 vez por semana","Al centro","Capuccino",NA,"Menos de $5.000","Sí","Indiferente","Indiferente",NA,"Sí","Bebidas frías (Frappés, smothies, jugos naturales), Helados y postres fríos, Pizza y Sándwich","Ambos formatos",NA,NA,"28","Masculino","$500.001 - $800.000","Sí","3 veces",NA,"Relajarse/disfrutar del ambiente","Redes sociales",NA,"Alto","Alto","Alto","Alto","Muy bajo",NA,NA,NA,NA,NA,"Consumo diariamente","Consumo diariamente","Consumo mucho (3-4 veces)","No consumo","Consumo diariamente",0
2025-12-06 15:25:23.504,"Sí","Constitución","No",NA,"Sí","3 veces por semana","Cerca de mi hogar",NA,NA,"Menos de $5.000","Sí","Sí","No",NA,"Indiferente",NA,NA,NA,NA,"31","Femenino","Menos de $500.000","Sí","2 veces",NA,"Relajarse/disfrutar del ambiente","Precios y promociones",NA,"Alto","Alto","Alto","Alto","Muy bajo",NA,NA,NA,NA,NA,"Consumo diariamente","Consumo poco (1-2 veces)","Consumo diariamente","Consumo diariamente","Consumo diariamente",0
2025-12-06 15:25:23.817,"Sí","Constitución","Sí","Todos los días","No",NA,NA,"Instantáneo",NA,NA,"No","Sí","Indiferente",NA,"Indiferente",NA,NA,NA,NA,"24","Femenino","$800.001 - $1.000.000","Sí","2 veces",NA,"Compartir con amigos/familia","Recomendaciones",NA,"Bajo","Alto","Alto","Alto","Medio",NA,NA,NA,NA,NA,"Consumo mucho (3-4 veces)","Consumo diariamente","Consumo poco (1-2 veces)","No consumo","Consumo poco (1-2 veces)",0
2025-12-06 15:25:24.227,"Sí","Constitución","Sí","1 vez por semana","No",NA,NA,"Instantáneo",NA,NA,"Sí","Indiferente","Sí",NA,"Sí","Bebidas frías (Frappés, smothies, jugos naturales), Helados y postres fríos, Pizza y Sándwich","Ambos formatos",NA,NA,"43","Femenino","$500.001 - $800.000","Sí","2 veces",NA,"Relajarse/disfrutar del ambiente","Redes sociales",NA,"Alto","Alto","Alto","Alto","Bajo","Indiferente","Me interesa","Indiferente","Me interesa","Indiferente","Consumo diariamente","Consumo mucho (3-4 veces)","Consumo mucho (3-4 veces)","Consumo diariamente","Consumo diariamente",0
2025-12-06 15:25:24.73,"Sí","Constitución","Sí","3 veces por semana","Sí","3 veces por semana","Cerca de mi hogar","Espresso",NA,"Más de $20.000","Sí","Sí","Sí",NA,"Sí","Bebidas frías (Frappés, smothies, jugos naturales), Helados y postres fríos, Pizza y Sándwich","Ambos formatos",NA,NA,"49","Femenino","Más de $2.000.000","Sí","2 veces",NA,"Trabajar o Estudiar","Recomendaciones",NA,"Medio","Alto","Alto","Alto","Medio","Indiferente","Me interesa","Me interesa","Me interesa","Me interesa","Consumo diariamente","Consumo poco (1-2 veces)","Consumo poco (1-2 veces)","No consumo","Consumo diariamente",0
2025-12-06 15:25:25.058,"Sí","Visitantes","No",NA,"No",NA,NA,NA,NA,NA,NA,NA,NA,NA,NA,NA,NA,NA,NA,"23","Masculino","Menos de $500.000","No",NA,NA,"Relajarse/disfrutar del ambiente","Carcanía o ubicación",NA,"Alto","Muy alto","Alto","Alto","Alto",NA,NA,NA,NA,NA,"Consumo diariamente","Consumo diariamente","Consumo mucho (3-4 veces)","No consumo","Consumo diariamente",0
2025-12-06 15:25:25.334,"Sí","Constitución","Sí","Todos los días","Sí","2 veces por semana","Al centro","Moca",NA,"$ 10.000",NA,NA,NA,NA,NA,NA,NA,NA,NA,"47","Masculino","Prefiero no decirlo","No",NA,NA,"Trabajar o Estudiar","Recomendaciones",NA,"Alto","Alto","Alto","Alto","Muy bajo",NA,NA,NA,NA,NA,"Consumo diariamente","Consumo mucho (3-4 veces)","No consumo","No consumo","Consumo mucho (3-4 veces)",0
2025-12-06 15:25:25.651,"Sí","Visitantes","Sí","2 veces por semana","Sí","3 veces por semana","Cerca de mi hogar","Instantáneo",NA,"Menos de $5.000","No","Sí","Indiferente",NA,"No",NA,NA,NA,NA,"21","Femenino","$500.001 - $800.000","Sí","2 veces",NA,"Compartir con amigos/familia","Recomendaciones",NA,"Medio","Alto","Alto","Muy alto","Medio",NA,NA,NA,NA,NA,"No consumo","No consumo","No consumo","Consumo poco (1-2 veces)","Consumo diariamente",0
2025-12-06 15:25:26.051,"Sí","Constitución","No",NA,"Sí","2 veces por semana","Cerca de mi hogar",NA,NA,"$15.000","Sí","Sí","Sí",NA,"No",NA,NA,NA,NA,"20","Femenino","Más de $2.000.000","Sí","1 vez",NA,"Relajarse/disfrutar del ambiente","Recomendaciones",NA,"Medio","Alto","Alto","Alto","Medio","Indiferente","No me interesa","Indiferente","Me interesa","Me interesa","No consumo","Consumo mucho (3-4 veces)","Consumo mucho (3-4 veces)","Consumo diariamente","Consumo diariamente",0
2025-12-06 15:25:26.469,"Sí","Constitución","Sí","2 veces por semana","Sí","3 veces por semana","Al centro","Capuccino",NA,"$15.000","Sí","Sí","Indiferente",NA,"No",NA,NA,NA,NA,"38","Masculino","$500.001 - $800.000","Sí","3 veces",NA,"Compartir con amigos/familia","Recomendaciones",NA,"Muy alto","Alto","Alto","Alto","Bajo",NA,NA,NA,NA,NA,"Consumo poco (1-2 veces)","Consumo poco (1-2 veces)","Consumo diariamente","Consumo diariamente","Consumo diariamente",0
2025-12-06 15:25:26.871,"Sí","Visitantes","Sí","Todos los días","Sí","2 veces por semana","Al centro","Instantáneo",NA,"Menos de $5.000",NA,NA,NA,NA,NA,NA,NA,NA,NA,"35","Femenino","Prefiero no decirlo","No",NA,NA,"Relajarse/disfrutar del ambiente","Redes sociales",NA,"Alto","Alto","Alto","Alto","Medio",NA,NA,NA,NA,NA,"No consumo","Consumo poco (1-2 veces)","No consumo","Consumo diariamente","Consumo diariamente",0
2025-12-06 15:25:27.21,"Sí","Visitantes","Sí","3 veces por semana","No",NA,NA,"Capuccino",NA,NA,NA,NA,NA,NA,NA,NA,NA,NA,NA,"30","Femenino","$500.001 - $800.000","No",NA,NA,"Compartir con amigos/familia","Carcanía o ubicación",NA,"Alto","Alto","Alto","Alto","Bajo",NA,NA,NA,NA,NA,"No consumo","Consumo mucho (3-4 veces)","Consumo diariamente","Consumo diariamente","Consumo mucho (3-4 veces)",0
2025-12-06 15:25:27.658,"Sí","Visitantes","Sí","2 veces por semana","Sí","1 vez por semana","Al centro","Instantáneo",NA,"$ 10.000",NA,NA,NA,NA,NA,NA,NA,NA,NA,"26","Masculino","$1.000.001 - $1.999.990","No",NA,NA,"Relajarse/disfrutar del ambiente","Redes sociales",NA,"Medio","Alto","Alto","Alto","Medio",NA,NA,NA,NA,NA,"No consumo","Consumo poco (1-2 veces)","No consumo","Consumo diariamente","Consumo diariamente",0
2025-12-06 15:25:27.917,"Sí","Constitución","Sí","3 veces por semana","No",NA,NA,"Espresso",NA,NA,NA,NA,NA,NA,NA,NA,NA,NA,NA,"48","Femenino","$500.001 - $800.000","No",NA,NA,"Relajarse/disfrutar del ambiente","Recomendaciones",NA,"Alto","Alto","Alto","Alto","Medio",NA,NA,NA,NA,NA,"Consumo poco (1-2 veces)","Consumo poco (1-2 veces)","Consumo diariamente","Consumo diariamente","Consumo diariamente",0
2025-12-06 15:25:28.409,"Sí","Constitución","Sí","2 veces por semana","Sí","2 veces por semana","Al centro","Instantáneo",NA,"$ 10.000","Sí","Sí","Indiferente",NA,"Sí","Bebidas frías (Frappés, smothies, jugos naturales), Helados y postres fríos, Pizza y Sándwich","Ambos formatos",NA,NA,"46","Masculino","Prefiero no decirlo","Sí","1 vez",NA,"Probar productos","Recomendaciones",NA,"Alto","Alto","Alto","Alto","Medio",NA,NA,NA,NA,NA,"Consumo poco (1-2 veces)","Consumo mucho (3-4 veces)","Consumo poco (1-2 veces)","No consumo","Consumo diariamente",0
2025-12-06 15:25:28.92,"Sí","Constitución","Sí","1 vez por semana","Sí","2 veces por semana","Cerca de mi hogar","Moca",NA,"Más de $20.000","Sí","Indiferente","Sí",NA,"Sí","Bebidas frías (Frappés, smothies, jugos naturales), Helados y postres fríos, Pizza y Sándwich","Ambos formatos",NA,NA,"43","Femenino","$800.001 - $1.000.000","Sí","2 veces",NA,"Probar productos","Redes sociales",NA,"Alto","Alto","Alto","Alto","Muy bajo","No me interesa","Me interesa","No me interesa","Me interesa","Me interesa","Consumo diariamente","Consumo mucho (3-4 veces)","Consumo diariamente","Consumo diariamente","Consumo diariamente",0
2025-12-06 15:25:29.341,"Sí","Constitución","Sí","2 veces por semana","No",NA,NA,"Espresso",NA,NA,"Sí","Indiferente","Indiferente",NA,"No",NA,NA,NA,NA,"24","Masculino","Menos de $500.000","Sí","2 veces",NA,"Relajarse/disfrutar del ambiente","Precios y promociones",NA,"Alto","Alto","Alto","Alto","Bajo",NA,NA,NA,NA,NA,"Consumo diariamente","Consumo poco (1-2 veces)","Consumo mucho (3-4 veces)","Consumo diariamente","Consumo mucho (3-4 veces)",0
2025-12-06 15:25:29.645,"Sí","Constitución","Sí","Todos los días","Sí","3 veces por semana","Al centro","Descafeinado",NA,"Menos de $5.000",NA,NA,NA,NA,NA,NA,NA,NA,NA,"21","Femenino","Menos de $500.000","No",NA,NA,"Trabajar o Estudiar","Redes sociales",NA,"Medio","Alto","Alto","Alto","Medio",NA,NA,NA,NA,NA,"Consumo poco (1-2 veces)","Consumo mucho (3-4 veces)","No consumo","Consumo diariamente","Consumo diariamente",0
2025-12-06 15:25:30.359,"Sí","Visitantes","No",NA,"Sí","1 vez por semana","Al centro",NA,NA,"$ 10.000","Sí","No","Indiferente",NA,"No",NA,NA,NA,NA,"28","Femenino","$500.001 - $800.000","Sí","3 veces",NA,"Compartir con amigos/familia","Redes sociales",NA,"Medio","Alto","Muy alto","Muy alto","Medio",NA,NA,NA,NA,NA,"Consumo diariamente","Consumo mucho (3-4 veces)","No consumo","Consumo mucho (3-4 veces)","Consumo poco (1-2 veces)",0
2025-12-06 15:25:30.772,"Sí","Constitución","Sí","1 vez por semana","Sí","2 veces por semana","Cerca de la paya","Espresso",NA,"Menos de $5.000","Sí","No","Sí",NA,"Sí","Bebidas frías (Frappés, smothies, jugos naturales), Helados y postres fríos, Pizza y Sándwich","Servicio con mesas dentro y fuera del local",NA,NA,"45","Masculino","Menos de $500.000","Sí","3 veces",NA,"Relajarse/disfrutar del ambiente","Recomendaciones",NA,"Medio","Alto","Alto","Alto","Medio","No me interesa","Indiferente","No me interesa","Me interesa","Me interesa","No consumo","Consumo poco (1-2 veces)","Consumo mucho (3-4 veces)","Consumo diariamente","No consumo",0
2025-12-06 15:26:40.569,"Sí","Constitución","Sí","3 veces por semana","Sí","2 veces por semana","Al centro","Descafeinado",NA,"Más de $20.000",NA,NA,NA,NA,NA,NA,NA,NA,NA,"40","Femenino","$500.001 - $800.000","No",NA,NA,"Relajarse/disfrutar del ambiente","Recomendaciones",NA,"Alto","Alto","Muy alto","Alto","Alto",NA,NA,NA,NA,NA,"Consumo mucho (3-4 veces)","Consumo poco (1-2 veces)","Consumo mucho (3-4 veces)","Consumo diariamente","Consumo diariamente",0
2025-12-06 15:26:41.219,"Sí","Constitución","No",NA,"No",NA,NA,NA,NA,NA,NA,NA,NA,NA,NA,NA,NA,NA,NA,"47","Masculino","$800.001 - $1.000.000","No",NA,NA,"Relajarse/disfrutar del ambiente","Redes sociales",NA,"Alto","Alto","Alto","Alto","Medio",NA,NA,NA,NA,NA,"Consumo diariamente","No consumo","Consumo mucho (3-4 veces)","Consumo poco (1-2 veces)","Consumo mucho (3-4 veces)",0
2025-12-06 15:26:41.562,"Sí","Constitución","Sí","Todos los días","No",NA,NA,"Espresso",NA,NA,NA,NA,NA,NA,NA,NA,NA,NA,NA,"34","Femenino","$500.001 - $800.000","No",NA,NA,"Compartir con amigos/familia","Redes sociales",NA,"Medio","Alto","Alto","Alto","Alto",NA,NA,NA,NA,NA,"Consumo mucho (3-4 veces)","Consumo poco (1-2 veces)","Consumo diariamente","Consumo diariamente","No consumo",0
2025-12-06 15:26:41.833,"Sí","Visitantes","Sí","Todos los días","Sí","2 veces por semana","Al centro","Espresso",NA,"$ 10.000","Sí","Indiferente","Indiferente",NA,"Sí","Bebidas frías (Frappés, smothies, jugos naturales), Helados y postres fríos, Pizza y Sándwich","Servicio con mesas dentro y fuera del local",NA,NA,"25","Masculino","$500.001 - $800.000","Sí","4 veces",NA,"Relajarse/disfrutar del ambiente","Carcanía o ubicación",NA,"Medio","Alto","Alto","Alto","Muy bajo",NA,NA,NA,NA,NA,"No consumo","Consumo diariamente","No consumo","Consumo diariamente","Consumo poco (1-2 veces)",0
2025-12-06 15:26:42.45,"Sí","Visitantes","Sí","2 veces por semana","Sí","2 veces por semana","Al centro","Espresso",NA,"$15.000","Sí","Sí","No",NA,"Sí","Bebidas frías (Frappés, smothies, jugos naturales), Helados y postres fríos, Pizza y Sándwich","Ambos formatos",NA,NA,"45","Femenino","$800.001 - $1.000.000","Sí","1 vez",NA,"Compartir con amigos/familia","Redes sociales",NA,"Medio","Alto","Alto","Muy alto","Medio",NA,NA,NA,NA,NA,"Consumo diariamente","No consumo","Consumo mucho (3-4 veces)","Consumo diariamente","Consumo diariamente",0
2025-12-06 15:26:42.846,"Sí","Constitución","No",NA,"Sí","3 veces por semana","Al centro",NA,NA,"$15.000",NA,NA,NA,NA,NA,NA,NA,NA,NA,"47","Masculino","$800.001 - $1.000.000","No",NA,NA,"Relajarse/disfrutar del ambiente","Redes sociales",NA,"Medio","Alto","Alto","Alto","Medio",NA,NA,NA,NA,NA,"Consumo diariamente","No consumo","Consumo poco (1-2 veces)","Consumo poco (1-2 veces)","No consumo",0
2025-12-06 15:26:43.293,"Sí","Constitución","Sí","Todos los días","No",NA,NA,"Instantáneo",NA,NA,"Sí","Sí","Indiferente",NA,"Sí","Bebidas frías (Frappés, smothies, jugos naturales), Helados y postres fríos, Pizza y Sándwich","Servicios rápidos para llevar",NA,NA,"25","Masculino","Prefiero no decirlo","Sí","3 veces",NA,"Relajarse/disfrutar del ambiente","Recomendaciones",NA,"Alto","Muy alto","Alto","Alto","Medio",NA,NA,NA,NA,NA,"Consumo diariamente","Consumo mucho (3-4 veces)","No consumo","Consumo diariamente","Consumo poco (1-2 veces)",0
2025-12-06 15:26:43.583,"Sí","Constitución","Sí","3 veces por semana","Sí","1 vez por semana","Al centro","Capuccino",NA,"Más de $20.000","Sí","Sí","Indiferente",NA,"Sí","Bebidas frías (Frappés, smothies, jugos naturales, Helados y postres fríos","Ambos formatos",NA,NA,"42","Femenino","$800.001 - $1.000.000","Sí","4 veces",NA,"Compartir con amigos/familia","Recomendaciones",NA,"Bajo","Muy alto","Alto","Alto","Bajo",NA,NA,NA,NA,NA,"Consumo mucho (3-4 veces)","Consumo diariamente","No consumo","Consumo mucho (3-4 veces)","No consumo",0
2025-12-06 15:26:44.208,"Sí","Constitución","Sí","3 veces por semana","Sí","3 veces por semana","Al centro","Espresso",NA,"Más de $20.000","Sí","Indiferente","Indiferente",NA,"Sí","Bebidas frías (Frappés, smothies, jugos naturales), Helados y postres fríos, Pizza y Sándwich","Ambos formatos",NA,NA,"46","Masculino","Prefiero no decirlo","Sí","2 veces",NA,"Relajarse/disfrutar del ambiente","Recomendaciones",NA,"Muy alto","Muy alto","Muy alto","Alto","Medio",NA,NA,NA,NA,NA,"Consumo diariamente","Consumo poco (1-2 veces)","Consumo diariamente","Consumo mucho (3-4 veces)","No consumo",0
2025-12-06 15:26:44.497,"Sí","Constitución","Sí","3 veces por semana","Sí","1 vez por semana","Cerca de la paya","Espresso",NA,"$15.000","No","No","Sí",NA,"Indiferente",NA,NA,NA,NA,"23","Masculino","$800.001 - $1.000.000","Sí","4 veces",NA,"Relajarse/disfrutar del ambiente","Recomendaciones",NA,"Bajo","Alto","Alto","Alto","Bajo","No me interesa","Me interesa","Me interesa","Me interesa","Me interesa","Consumo diariamente","Consumo poco (1-2 veces)","Consumo poco (1-2 veces)","No consumo","Consumo poco (1-2 veces)",0
2025-12-06 15:26:44.799,"Sí","Constitución","Sí","Todos los días","Sí","3 veces por semana","Al centro","Espresso",NA,"$ 10.000",NA,NA,NA,NA,NA,NA,NA,NA,NA,"41","Masculino","$800.001 - $1.000.000","No",NA,NA,"Relajarse/disfrutar del ambiente","Precios y promociones",NA,"Bajo","Alto","Alto","Muy alto","Medio",NA,NA,NA,NA,NA,"Consumo poco (1-2 veces)","Consumo poco (1-2 veces)","Consumo mucho (3-4 veces)","No consumo","Consumo diariamente",0
2025-12-06 15:26:45.118,"Sí","Constitución","No",NA,"Sí","2 veces por semana","Cerca de mi hogar",NA,NA,"$15.000","Sí","No","Sí",NA,"Indiferente",NA,NA,NA,NA,"34","Masculino","Menos de $500.000","Sí","2 veces",NA,"Compartir con amigos/familia","Precios y promociones",NA,"Alto","Muy alto","Alto","Alto","Bajo","No me interesa","No me interesa","Indiferente","Me interesa","No me interesa","Consumo diariamente","Consumo poco (1-2 veces)","No consumo","Consumo diariamente","Consumo diariamente",0
2025-12-06 15:26:45.415,"Sí","Constitución","Sí","3 veces por semana","Sí","2 veces por semana","Cerca de la paya","Capuccino",NA,"$15.000",NA,NA,NA,NA,NA,NA,NA,NA,NA,"25","Masculino","$500.001 - $800.000","No",NA,NA,"Compartir con amigos/familia","Redes sociales",NA,"Medio","Alto","Alto","Alto","Medio",NA,NA,NA,NA,NA,"Consumo diariamente","Consumo mucho (3-4 veces)","Consumo mucho (3-4 veces)","Consumo diariamente","Consumo diariamente",0
2025-12-06 15:26:45.788,"Sí","Constitución","Sí","Todos los días","Sí","2 veces por semana","Al centro","Espresso",NA,"$15.000","Sí","Indiferente","Sí",NA,"Sí","Bebidas frías (Frappés, smothies, jugos naturales), Helados y postres fríos, Pizza y Sándwich","Ambos formatos",NA,NA,"46","Femenino","$800.001 - $1.000.000","Sí","2 veces",NA,"Relajarse/disfrutar del ambiente","Recomendaciones",NA,"Medio","Alto","Alto","Alto","Bajo","Me interesa","No me interesa","No me interesa","Me interesa","Me interesa","Consumo diariamente","Consumo diariamente","Consumo poco (1-2 veces)","Consumo diariamente","Consumo diariamente",0
2025-12-06 15:26:46.127,"Sí","Constitución","Sí","Todos los días","Sí","2 veces por semana","Al centro","Instantáneo",NA,"$15.000","No","Sí","Indiferente",NA,"Indiferente",NA,NA,NA,NA,"44","Femenino","Más de $2.000.000","Sí","3 veces",NA,"Trabajar o Estudiar","Redes sociales",NA,"Alto","Alto","Alto","Alto","Bajo",NA,NA,NA,NA,NA,"Consumo diariamente","Consumo poco (1-2 veces)","Consumo mucho (3-4 veces)","No consumo","Consumo diariamente",0
2025-12-06 15:26:46.858,"Sí","Constitución","Sí","2 veces por semana","Sí","2 veces por semana","Al centro","Capuccino",NA,"$15.000",NA,NA,NA,NA,NA,NA,NA,NA,NA,"22","Femenino","$1.000.001 - $1.999.990","No",NA,NA,"Compartir con amigos/familia","Recomendaciones",NA,"Medio","Alto","Muy alto","Alto","Muy bajo",NA,NA,NA,NA,NA,"Consumo diariamente","Consumo poco (1-2 veces)","Consumo poco (1-2 veces)","Consumo mucho (3-4 veces)","Consumo diariamente",0
2025-12-06 15:26:47.158,"Sí","Constitución","No",NA,"Sí","2 veces por semana","Cerca de mi hogar",NA,NA,"$15.000","Sí","Sí","Indiferente",NA,"Sí","Helados y postres fríos","Servicios rápidos para llevar",NA,NA,"40","Masculino","Prefiero no decirlo","Sí","1 vez",NA,"Compartir con amigos/familia","Redes sociales",NA,"Bajo","Alto","Alto","Alto","Muy bajo",NA,NA,NA,NA,NA,"Consumo diariamente","Consumo poco (1-2 veces)","Consumo mucho (3-4 veces)","No consumo","Consumo diariamente",0
2025-12-06 15:26:47.43,"Sí","Constitución","Sí","1 vez por semana","No",NA,NA,"Capuccino",NA,NA,NA,NA,NA,NA,NA,NA,NA,NA,NA,"48","Femenino","Prefiero no decirlo","No",NA,NA,"Compartir con amigos/familia","Recomendaciones",NA,"Alto","Alto","Alto","Alto","Bajo",NA,NA,NA,NA,NA,"Consumo poco (1-2 veces)","Consumo diariamente","No consumo","Consumo diariamente","Consumo diariamente",0
2025-12-06 15:26:47.664,"Sí","Constitución","Sí","2 veces por semana","Sí","3 veces por semana","Al centro","Moca",NA,"$15.000","Sí","Sí","Indiferente",NA,"Sí","Bebidas frías (Frappés, smothies, jugos naturales), Helados y postres fríos, Pizza y Sándwich","Servicio con mesas dentro y fuera del local",NA,NA,"29","Masculino","$1.000.001 - $1.999.990","Sí","3 veces",NA,"Relajarse/disfrutar del ambiente","Redes sociales",NA,"Bajo","Alto","Alto","Alto","Medio",NA,NA,NA,NA,NA,"Consumo diariamente","No consumo","Consumo poco (1-2 veces)","Consumo diariamente","No consumo",0
2025-12-06 15:26:47.975,"Sí","Constitución","Sí","2 veces por semana","Sí","2 veces por semana","Al centro","Espresso",NA,"Más de $20.000","Sí","Sí","Sí",NA,"Sí","Pizza y Sándwich","Ambos formatos",NA,NA,"24","Femenino","Menos de $500.000","Sí","2 veces",NA,"Relajarse/disfrutar del ambiente","Redes sociales",NA,"Alto","Alto","Alto","Alto","Medio","Me interesa","Indiferente","No me interesa","Me interesa","No me interesa","Consumo mucho (3-4 veces)","Consumo diariamente","No consumo","No consumo","Consumo diariamente",0
2025-12-06 15:26:48.38,"Sí","Visitantes","Sí","Todos los días","No",NA,NA,"Espresso",NA,NA,"Sí","Sí","Sí",NA,"Sí","Bebidas frías (Frappés, smothies, jugos naturales), Helados y postres fríos, Pizza y Sándwich","Ambos formatos",NA,NA,"44","Femenino","$500.001 - $800.000","Sí","2 veces",NA,"Compartir con amigos/familia","Recomendaciones",NA,"Medio","Muy alto","Alto","Alto","Medio","No me interesa","No me interesa","No me interesa","No me interesa","Me interesa","Consumo diariamente","Consumo diariamente","Consumo poco (1-2 veces)","Consumo diariamente","Consumo diariamente",0
2025-12-06 15:26:48.705,"Sí","Constitución","Sí","1 vez por semana","Sí","3 veces por semana","Al centro","Espresso",NA,"Menos de $5.000","Sí","No","Sí",NA,"Sí","Bebidas frías (Frappés, smothies, jugos naturales), Helados y postres fríos, Pizza y Sándwich","Ambos formatos",NA,NA,"25","Masculino","Menos de $500.000","Sí","3 veces",NA,"Compartir con amigos/familia","Recomendaciones",NA,"Medio","Alto","Muy alto","Muy alto","Alto","Me interesa","Indiferente","No me interesa","Me interesa","No me interesa","No consumo","Consumo diariamente","Consumo diariamente","No consumo","Consumo poco (1-2 veces)",0
2025-12-06 15:26:49.196,"Sí","Constitución","Sí","Todos los días","Sí","1 vez por semana","Al centro","Espresso",NA,"$ 10.000",NA,NA,NA,NA,NA,NA,NA,NA,NA,"47","Femenino","$800.001 - $1.000.000","No",NA,NA,"Relajarse/disfrutar del ambiente","Recomendaciones",NA,"Medio","Alto","Muy alto","Alto","Medio",NA,NA,NA,NA,NA,"Consumo diariamente","Consumo diariamente","Consumo diariamente","No consumo","Consumo diariamente",0
2025-12-06 15:26:50.46,"Sí","Constitución","Sí","Todos los días","Sí","3 veces por semana","Al centro","Instantáneo",NA,"$15.000","Sí","Sí","Sí",NA,"Sí","Bebidas frías (Frappés, smothies, jugos naturales), Helados y postres fríos, Pizza y Sándwich","Servicio con mesas dentro y fuera del local",NA,NA,"20","Femenino","$500.001 - $800.000","Sí","3 veces",NA,"Probar productos","Carcanía o ubicación",NA,"Alto","Alto","Muy alto","Alto","Bajo","No me interesa","Me interesa","No me interesa","Me interesa","Me interesa","Consumo diariamente","Consumo mucho (3-4 veces)","Consumo diariamente","Consumo mucho (3-4 veces)","Consumo diariamente",0
2025-12-06 15:26:51.145,"Sí","Constitución","Sí","3 veces por semana","Sí","2 veces por semana","Al centro","Capuccino",NA,"$15.000","Sí","No","Indiferente",NA,"Sí","Helados y postres fríos","Ambos formatos",NA,NA,"22","Masculino","Menos de $500.000","Sí","3 veces",NA,"Relajarse/disfrutar del ambiente","Recomendaciones",NA,"Alto","Alto","Muy alto","Alto","Bajo",NA,NA,NA,NA,NA,"Consumo diariamente","Consumo poco (1-2 veces)","Consumo diariamente","Consumo diariamente","Consumo diariamente",0
2025-12-06 15:26:50.83,"Sí","Constitución","No",NA,"No",NA,NA,NA,NA,NA,"Sí","Sí","Sí",NA,"Indiferente",NA,NA,NA,NA,"27","Masculino","$800.001 - $1.000.000","Sí","3 veces",NA,"Relajarse/disfrutar del ambiente","Recomendaciones",NA,"Medio","Alto","Alto","Muy alto","Medio","Me interesa","Me interesa","No me interesa","No me interesa","Me interesa","No consumo","Consumo poco (1-2 veces)","Consumo mucho (3-4 veces)","Consumo diariamente","Consumo diariamente",0
2025-12-06 15:26:51.671,"Sí","Visitantes","No",NA,"No",NA,NA,NA,NA,NA,"Sí","Indiferente","Sí",NA,"Sí","Bebidas frías (Frappés, smothies, jugos naturales), Helados y postres fríos, Pizza y Sándwich","Ambos formatos",NA,NA,"21","Masculino","Más de $2.000.000","Sí","2 veces",NA,"Relajarse/disfrutar del ambiente","Recomendaciones",NA,"Alto","Alto","Alto","Alto","Medio","Indiferente","No me interesa","No me interesa","Me interesa","Me interesa","Consumo poco (1-2 veces)","Consumo mucho (3-4 veces)","Consumo diariamente","Consumo mucho (3-4 veces)","Consumo mucho (3-4 veces)",0
2025-12-06 15:26:51.974,"Sí","Visitantes","Sí","2 veces por semana","Sí","3 veces por semana","Al centro","Descafeinado",NA,"$ 10.000",NA,NA,NA,NA,NA,NA,NA,NA,NA,"33","Masculino","$500.001 - $800.000","No",NA,NA,"Relajarse/disfrutar del ambiente","Redes sociales",NA,"Medio","Alto","Muy alto","Alto","Medio",NA,NA,NA,NA,NA,"No consumo","Consumo poco (1-2 veces)","No consumo","Consumo diariamente","Consumo diariamente",0
2025-12-06 15:26:52.607,"Sí","Constitución","No",NA,"Sí","2 veces por semana","Al centro",NA,NA,"$ 10.000","Sí","Indiferente","Sí",NA,"Indiferente",NA,NA,NA,NA,"38","Femenino","$500.001 - $800.000","Sí","2 veces",NA,"Relajarse/disfrutar del ambiente","Carcanía o ubicación",NA,"Medio","Alto","Muy alto","Alto","Medio","Indiferente","Indiferente","No me interesa","Me interesa","Indiferente","Consumo diariamente","Consumo poco (1-2 veces)","No consumo","Consumo mucho (3-4 veces)","Consumo diariamente",0
2025-12-06 15:26:52.365,"Sí","Constitución","Sí","Todos los días","Sí","2 veces por semana","Al centro","Instantáneo",NA,"$15.000","Sí","Indiferente","Indiferente",NA,"Sí","Bebidas frías (Frappés, smothies, jugos naturales)","Ambos formatos",NA,NA,"45","Masculino","$1.000.001 - $1.999.990","Sí","2 veces",NA,"Compartir con amigos/familia","Recomendaciones",NA,"Alto","Alto","Alto","Alto","Medio",NA,NA,NA,NA,NA,"Consumo poco (1-2 veces)","Consumo diariamente","Consumo poco (1-2 veces)","No consumo","Consumo diariamente",0
2025-12-06 15:31:10.052,"Sí","Constitución","Sí","3 veces por semana","Sí","3 veces por semana","Al centro","Capuccino",NA,"$ 10.000",NA,NA,NA,NA,NA,NA,NA,NA,NA,"20","Masculino","Prefiero no decirlo","No",NA,NA,"Compartir con amigos/familia","Carcanía o ubicación",NA,"Muy alto","Alto","Alto","Alto","Medio",NA,NA,NA,NA,NA,"Consumo diariamente","Consumo mucho (3-4 veces)","Consumo mucho (3-4 veces)","Consumo diariamente","Consumo diariamente",0
2025-12-06 15:31:10.596,"Sí","Constitución","Sí","Todos los días","Sí","2 veces por semana","Al centro","Espresso",NA,"Menos de $5.000",NA,NA,NA,NA,NA,NA,NA,NA,NA,"42","Femenino","$800.001 - $1.000.000","No",NA,NA,"Trabajar o Estudiar","Redes sociales",NA,"Alto","Alto","Alto","Alto","Bajo",NA,NA,NA,NA,NA,"Consumo mucho (3-4 veces)","No consumo","Consumo poco (1-2 veces)","No consumo","No consumo",0
2025-12-06 15:31:11.14,"Sí","Visitantes","Sí","Todos los días","Sí","1 vez por semana","Cerca de la paya","Espresso",NA,"$ 10.000","Sí","Indiferente","Sí",NA,"Sí","Bebidas frías (Frappés, smothies, jugos naturales), Helados y postres fríos, Pizza y Sándwich","Servicio con mesas dentro y fuera del local",NA,NA,"22","Femenino","$500.001 - $800.000","Sí","3 veces",NA,"Relajarse/disfrutar del ambiente","Carcanía o ubicación",NA,"Medio","Alto","Alto","Alto","Medio","Indiferente","No me interesa","No me interesa","Indiferente","Me interesa","No consumo","Consumo diariamente","Consumo mucho (3-4 veces)","Consumo diariamente","Consumo mucho (3-4 veces)",0
2025-12-06 15:31:11.601,"Sí","Constitución","Sí","2 veces por semana","Sí","1 vez por semana","Al centro","Instantáneo",NA,"Menos de $5.000","Sí","Sí","Sí",NA,"Sí","Bebidas frías (Frappés, smothies, jugos naturales), Helados y postres fríos, Pizza y Sándwich","Ambos formatos",NA,NA,"24","Femenino","$500.001 - $800.000","Sí","2 veces",NA,"Relajarse/disfrutar del ambiente","Redes sociales",NA,"Medio","Alto","Muy alto","Alto","Medio","Me interesa","Indiferente","Indiferente","Indiferente","Indiferente","Consumo diariamente","Consumo mucho (3-4 veces)","Consumo poco (1-2 veces)","Consumo poco (1-2 veces)","Consumo diariamente",0
2025-12-06 15:31:12.186,"Sí","Visitantes","Sí","Todos los días","Sí","2 veces por semana","Al centro","Instantáneo",NA,"$15.000",NA,NA,NA,NA,NA,NA,NA,NA,NA,"43","Masculino","$500.001 - $800.000","No",NA,NA,"Trabajar o Estudiar","Redes sociales",NA,"Alto","Alto","Muy alto","Alto","Bajo",NA,NA,NA,NA,NA,"No consumo","No consumo","Consumo poco (1-2 veces)","Consumo mucho (3-4 veces)","Consumo diariamente",0
2025-12-06 15:31:12.742,"Sí","Constitución","Sí","Todos los días","No",NA,NA,"Instantáneo",NA,NA,NA,NA,NA,NA,NA,NA,NA,NA,NA,"48","Femenino","Menos de $500.000","No",NA,NA,"Compartir con amigos/familia","Carcanía o ubicación",NA,"Alto","Alto","Alto","Alto","Medio",NA,NA,NA,NA,NA,"Consumo diariamente","Consumo diariamente","No consumo","No consumo","Consumo diariamente",0
2025-12-06 15:31:13.238,"Sí","Visitantes","Sí","Todos los días","No",NA,NA,"Instantáneo",NA,NA,NA,NA,NA,NA,NA,NA,NA,NA,NA,"46","Femenino","$500.001 - $800.000","No",NA,NA,"Compartir con amigos/familia","Redes sociales",NA,"Muy alto","Muy alto","Alto","Alto","Medio",NA,NA,NA,NA,NA,"Consumo diariamente","Consumo mucho (3-4 veces)","No consumo","Consumo poco (1-2 veces)","Consumo diariamente",0
2025-12-06 15:31:13.772,"Sí","Constitución","No",NA,"Sí","3 veces por semana","Al centro",NA,NA,"Menos de $5.000","Sí","Indiferente","Sí",NA,"Sí","Bebidas frías (Frappés, smothies, jugos naturales, Helados y postres fríos","Servicio con mesas dentro y fuera del local",NA,NA,"32","Femenino","Más de $2.000.000","Sí","2 veces",NA,"Relajarse/disfrutar del ambiente","Redes sociales",NA,"Medio","Alto","Alto","Alto","Bajo","Me interesa","No me interesa","Me interesa","No me interesa","Me interesa","Consumo diariamente","No consumo","Consumo mucho (3-4 veces)","Consumo diariamente","Consumo mucho (3-4 veces)",0
2025-12-06 15:31:14.211,"Sí","Constitución","Sí","3 veces por semana","Sí","2 veces por semana","Cerca de la paya","Instantáneo",NA,"$ 10.000",NA,NA,NA,NA,NA,NA,NA,NA,NA,"28","Femenino","$1.000.001 - $1.999.990","No",NA,NA,"Probar productos","Recomendaciones",NA,"Alto","Alto","Alto","Alto","Bajo",NA,NA,NA,NA,NA,"No consumo","Consumo poco (1-2 veces)","Consumo mucho (3-4 veces)","No consumo","Consumo diariamente",0
2025-12-06 15:31:14.717,"Sí","Constitución","Sí","Todos los días","Sí","2 veces por semana","Al centro","Espresso",NA,"$ 10.000","Sí","Indiferente","Sí",NA,"Indiferente",NA,NA,NA,NA,"36","Masculino","$500.001 - $800.000","Sí","1 vez",NA,"Probar productos","Redes sociales",NA,"Muy alto","Alto","Alto","Alto","Bajo","Me interesa","No me interesa","Me interesa","Me interesa","Me interesa","Consumo diariamente","No consumo","Consumo mucho (3-4 veces)","Consumo mucho (3-4 veces)","Consumo diariamente",0
2025-12-06 15:31:15.388,"Sí","Constitución","Sí","3 veces por semana","Sí","2 veces por semana","Al centro","Instantáneo",NA,"$15.000","Sí","Indiferente","Sí",NA,"Sí","Bebidas frías (Frappés, smothies, jugos naturales), Helados y postres fríos, Pizza y Sándwich","Servicio con mesas dentro y fuera del local",NA,NA,"34","Femenino","$800.001 - $1.000.000","Sí","1 vez",NA,"Compartir con amigos/familia","Carcanía o ubicación",NA,"Medio","Alto","Alto","Alto","Medio","Indiferente","Indiferente","No me interesa","Indiferente","Me interesa","Consumo mucho (3-4 veces)","Consumo mucho (3-4 veces)","Consumo mucho (3-4 veces)","Consumo diariamente","Consumo diariamente",0
2025-12-06 15:31:16.007,"Sí","Constitución","Sí","Todos los días","No",NA,NA,"Moca",NA,NA,"Sí","Sí","Indiferente",NA,"Indiferente",NA,NA,NA,NA,"33","Femenino","$500.001 - $800.000","Sí","3 veces",NA,"Compartir con amigos/familia","Precios y promociones",NA,"Medio","Alto","Alto","Alto","Medio",NA,NA,NA,NA,NA,"Consumo diariamente","Consumo mucho (3-4 veces)","No consumo","Consumo diariamente","Consumo diariamente",0
2025-12-06 15:31:16.603,"Sí","Visitantes","No",NA,"Sí","2 veces por semana","Cerca de mi hogar",NA,NA,"$15.000","Sí","Sí","Sí",NA,"Sí","Helados y postres fríos","Ambos formatos",NA,NA,"36","Femenino","$500.001 - $800.000","Sí","2 veces",NA,"Relajarse/disfrutar del ambiente","Redes sociales",NA,"Bajo","Alto","Alto","Muy alto","Medio","Me interesa","Indiferente","Me interesa","No me interesa","Indiferente","Consumo diariamente","No consumo","Consumo diariamente","Consumo diariamente","Consumo mucho (3-4 veces)",0
2025-12-06 15:31:17.359,"Sí","Visitantes","Sí","Todos los días","No",NA,NA,"Instantáneo",NA,NA,NA,NA,NA,NA,NA,NA,NA,NA,NA,"36","Femenino","$500.001 - $800.000","No",NA,NA,"Trabajar o Estudiar","Redes sociales",NA,"Medio","Alto","Alto","Alto","Muy bajo",NA,NA,NA,NA,NA,"Consumo mucho (3-4 veces)","Consumo diariamente","Consumo poco (1-2 veces)","Consumo mucho (3-4 veces)","Consumo diariamente",0
2025-12-06 15:31:18.017,"Sí","Constitución","Sí","2 veces por semana","Sí","2 veces por semana","Al centro","Espresso",NA,"$ 10.000",NA,NA,NA,NA,NA,NA,NA,NA,NA,"50","Femenino","$1.000.001 - $1.999.990","No",NA,NA,"Relajarse/disfrutar del ambiente","Recomendaciones",NA,"Alto","Alto","Muy alto","Muy alto","Bajo",NA,NA,NA,NA,NA,"No consumo","Consumo mucho (3-4 veces)","Consumo mucho (3-4 veces)","No consumo","Consumo diariamente",0
2025-12-06 15:31:18.583,"Sí","Constitución","Sí","Todos los días","No",NA,NA,"Capuccino",NA,NA,NA,NA,NA,NA,NA,NA,NA,NA,NA,"48","Masculino","$500.001 - $800.000","No",NA,NA,"Relajarse/disfrutar del ambiente","Carcanía o ubicación",NA,"Medio","Alto","Alto","Alto","Muy bajo",NA,NA,NA,NA,NA,"Consumo diariamente","Consumo poco (1-2 veces)","No consumo","Consumo diariamente","Consumo diariamente",0
2025-12-06 15:31:19.15,"Sí","Visitantes","Sí","Todos los días","Sí","2 veces por semana","Al centro","Instantáneo",NA,"Menos de $5.000","Sí","Sí","Sí",NA,"Sí","Helados y postres fríos","Ambos formatos",NA,NA,"40","Femenino","$1.000.001 - $1.999.990","Sí","3 veces",NA,"Relajarse/disfrutar del ambiente","Redes sociales",NA,"Medio","Muy alto","Alto","Muy alto","Medio","Me interesa","Me interesa","Me interesa","No me interesa","Indiferente","No consumo","Consumo mucho (3-4 veces)","Consumo mucho (3-4 veces)","Consumo mucho (3-4 veces)","Consumo diariamente",0
2025-12-06 15:31:19.723,"Sí","Constitución","Sí","1 vez por semana","Sí","3 veces por semana","Al centro","Moca",NA,"$15.000",NA,NA,NA,NA,NA,NA,NA,NA,NA,"27","Masculino","Prefiero no decirlo","No",NA,NA,"Probar productos","Recomendaciones",NA,"Medio","Alto","Alto","Alto","Alto",NA,NA,NA,NA,NA,"Consumo diariamente","Consumo diariamente","Consumo poco (1-2 veces)","No consumo","Consumo diariamente",0
2025-12-06 15:31:20.208,"Sí","Visitantes","Sí","2 veces por semana","No",NA,NA,"Espresso",NA,NA,NA,NA,NA,NA,NA,NA,NA,NA,NA,"24","Femenino","$500.001 - $800.000","No",NA,NA,"Relajarse/disfrutar del ambiente","Redes sociales",NA,"Alto","Alto","Alto","Muy alto","Medio",NA,NA,NA,NA,NA,"Consumo poco (1-2 veces)","Consumo mucho (3-4 veces)","Consumo poco (1-2 veces)","Consumo diariamente","No consumo",0
2025-12-06 15:31:20.686,"Sí","Constitución","Sí","3 veces por semana","Sí","2 veces por semana","Al centro","Instantáneo",NA,"Menos de $5.000",NA,NA,NA,NA,NA,NA,NA,NA,NA,"31","Masculino","$500.001 - $800.000","No",NA,NA,"Relajarse/disfrutar del ambiente","Recomendaciones",NA,"Medio","Alto","Alto","Alto","Bajo",NA,NA,NA,NA,NA,"Consumo diariamente","Consumo mucho (3-4 veces)","No consumo","Consumo diariamente","Consumo diariamente",0
2025-12-06 15:31:21.11,"Sí","Constitución","No",NA,"Sí","3 veces por semana","Al centro",NA,NA,"$15.000","Sí","Sí","Sí",NA,"Sí","Bebidas frías (Frappés, smothies, jugos naturales), Helados y postres fríos, Pizza y Sándwich","Ambos formatos",NA,NA,"39","Femenino","Menos de $500.000","Sí","3 veces",NA,"Relajarse/disfrutar del ambiente","Redes sociales",NA,"Medio","Alto","Alto","Alto","Medio","Me interesa","No me interesa","No me interesa","Me interesa","Me interesa","No consumo","Consumo mucho (3-4 veces)","No consumo","Consumo diariamente","Consumo diariamente",0
2025-12-06 15:31:21.497,"Sí","Constitución","Sí","3 veces por semana","Sí","3 veces por semana","Al centro","Instantáneo",NA,"$15.000",NA,NA,NA,NA,NA,NA,NA,NA,NA,"39","Femenino","$800.001 - $1.000.000","No",NA,NA,"Compartir con amigos/familia","Recomendaciones",NA,"Medio","Alto","Muy alto","Alto","Bajo",NA,NA,NA,NA,NA,"Consumo diariamente","Consumo diariamente","Consumo diariamente","Consumo diariamente","Consumo poco (1-2 veces)",0
2025-12-06 15:31:21.796,"Sí","Constitución","Sí","3 veces por semana","No",NA,NA,"Instantáneo",NA,NA,"Sí","Indiferente","Indiferente",NA,"Sí","Bebidas frías (Frappés, smothies, jugos naturales, Helados y postres fríos","Ambos formatos",NA,NA,"24","Masculino","$500.001 - $800.000","Sí","3 veces",NA,"Trabajar o Estudiar","Redes sociales",NA,"Bajo","Alto","Muy alto","Muy alto","Bajo",NA,NA,NA,NA,NA,"Consumo diariamente","Consumo mucho (3-4 veces)","Consumo poco (1-2 veces)","Consumo poco (1-2 veces)","Consumo diariamente",0
2025-12-06 15:31:22.256,"Sí","Constitución","Sí","1 vez por semana","No",NA,NA,"Espresso",NA,NA,NA,NA,NA,NA,NA,NA,NA,NA,NA,"43","Femenino","$500.001 - $800.000","No",NA,NA,"Compartir con amigos/familia","Redes sociales",NA,"Bajo","Alto","Alto","Alto","Bajo",NA,NA,NA,NA,NA,"Consumo poco (1-2 veces)","Consumo poco (1-2 veces)","Consumo mucho (3-4 veces)","Consumo diariamente","Consumo diariamente",0
2025-12-06 15:31:22.634,"Sí","Constitución","Sí","Todos los días","Sí","3 veces por semana","Cerca de mi hogar","Instantáneo",NA,"$ 10.000","Sí","No","Indiferente",NA,"Sí","Bebidas frías (Frappés, smothies, jugos naturales)","Servicio con mesas dentro y fuera del local",NA,NA,"44","Femenino","$500.001 - $800.000","Sí","3 veces",NA,"Compartir con amigos/familia","Redes sociales",NA,"Bajo","Alto","Alto","Alto","Bajo",NA,NA,NA,NA,NA,"Consumo diariamente","Consumo mucho (3-4 veces)","Consumo poco (1-2 veces)","Consumo diariamente","Consumo diariamente",0
2025-12-06 15:31:57.054,"Sí","Visitantes","No",NA,"Sí","2 veces por semana","Cerca de mi hogar",NA,NA,"$ 10.000","Sí","Sí","Sí",NA,"No",NA,NA,NA,NA,"37","Masculino","Menos de $500.000","Sí","2 veces",NA,"Compartir con amigos/familia","Redes sociales",NA,"Alto","Alto","Alto","Alto","Bajo","Indiferente","No me interesa","No me interesa","Me interesa","Me interesa","Consumo diariamente","No consumo","Consumo mucho (3-4 veces)","Consumo diariamente","No consumo",0
2025-12-06 15:31:57.375,"Sí","Constitución","No",NA,"Sí","2 veces por semana","Al centro",NA,NA,"$ 10.000",NA,NA,NA,NA,NA,NA,NA,NA,NA,"27","Femenino","$1.000.001 - $1.999.990","No",NA,NA,"Compartir con amigos/familia","Recomendaciones",NA,"Alto","Alto","Alto","Alto","Bajo",NA,NA,NA,NA,NA,"Consumo diariamente","Consumo poco (1-2 veces)","Consumo diariamente","Consumo diariamente","Consumo diariamente",0
2025-12-06 15:31:57.641,"Sí","Constitución","Sí","1 vez por semana","Sí","2 veces por semana","Al centro","Instantáneo",NA,"Más de $20.000","Sí","No","No",NA,"Sí","Helados y postres fríos","Ambos formatos",NA,NA,"38","Masculino","$800.001 - $1.000.000","Sí","2 veces",NA,"Relajarse/disfrutar del ambiente","Redes sociales",NA,"Muy alto","Alto","Alto","Alto","Medio",NA,NA,NA,NA,NA,"Consumo diariamente","Consumo mucho (3-4 veces)","No consumo","Consumo diariamente","Consumo diariamente",0
2025-12-06 15:31:57.962,"Sí","Constitución","Sí","3 veces por semana","No",NA,NA,"Espresso",NA,NA,"Sí","Indiferente","Sí",NA,"Sí","Pizza y Sándwich","Ambos formatos",NA,NA,"22","Masculino","$1.000.001 - $1.999.990","Sí","2 veces",NA,"Relajarse/disfrutar del ambiente","Redes sociales",NA,"Muy alto","Muy alto","Alto","Alto","Medio","Indiferente","No me interesa","Me interesa","No me interesa","Me interesa","Consumo diariamente","No consumo","No consumo","Consumo mucho (3-4 veces)","Consumo diariamente",0
2025-12-06 15:31:58.255,"Sí","Visitantes","No",NA,"Sí","3 veces por semana","Cerca de mi hogar",NA,NA,"$15.000","Sí","Sí","Sí",NA,"No",NA,NA,NA,NA,"24","Masculino","$500.001 - $800.000","Sí","2 veces",NA,"Relajarse/disfrutar del ambiente","Precios y promociones",NA,"Medio","Alto","Alto","Alto","Medio","Me interesa","Me interesa","Me interesa","Me interesa","Me interesa","Consumo diariamente","Consumo mucho (3-4 veces)","No consumo","Consumo diariamente","Consumo poco (1-2 veces)",0
2025-12-06 15:31:58.551,"Sí","Constitución","Sí","3 veces por semana","Sí","3 veces por semana","Al centro","Instantáneo",NA,"$ 10.000","Sí","Indiferente","Sí",NA,"Sí","Bebidas frías (Frappés, smothies, jugos naturales)","Ambos formatos",NA,NA,"27","Masculino","$1.000.001 - $1.999.990","Sí","3 veces",NA,"Relajarse/disfrutar del ambiente","Redes sociales",NA,"Medio","Alto","Alto","Muy alto","Bajo","Me interesa","Indiferente","Me interesa","No me interesa","Indiferente","Consumo diariamente","Consumo mucho (3-4 veces)","Consumo mucho (3-4 veces)","Consumo diariamente","No consumo",0
2025-12-06 15:31:58.884,"Sí","Constitución","Sí","Todos los días","Sí","2 veces por semana","Al centro","Espresso",NA,"Menos de $5.000","No","Indiferente","Indiferente",NA,"Sí","Bebidas frías (Frappés, smothies, jugos naturales), Helados y postres fríos, Pizza y Sándwich","Ambos formatos",NA,NA,"31","Femenino","$500.001 - $800.000","Sí","2 veces",NA,"Compartir con amigos/familia","Recomendaciones",NA,"Medio","Muy alto","Alto","Muy alto","Bajo",NA,NA,NA,NA,NA,"Consumo mucho (3-4 veces)","Consumo mucho (3-4 veces)","Consumo poco (1-2 veces)","Consumo diariamente","Consumo diariamente",0
2025-12-06 15:31:59.722,"Sí","Constitución","Sí","Todos los días","Sí","1 vez por semana","Al centro","Capuccino",NA,"$ 10.000",NA,NA,NA,NA,NA,NA,NA,NA,NA,"24","Masculino","$500.001 - $800.000","No",NA,NA,"Trabajar o Estudiar","Redes sociales",NA,"Alto","Alto","Alto","Alto","Bajo",NA,NA,NA,NA,NA,"No consumo","Consumo diariamente","Consumo poco (1-2 veces)","Consumo poco (1-2 veces)","Consumo diariamente",0
2025-12-06 15:31:59.388,"Sí","Constitución","Sí","Todos los días","No",NA,NA,"Capuccino",NA,NA,NA,NA,NA,NA,NA,NA,NA,NA,NA,"42","Femenino","$500.001 - $800.000","No",NA,NA,"Trabajar o Estudiar","Recomendaciones",NA,"Alto","Alto","Muy alto","Alto","Bajo",NA,NA,NA,NA,NA,"Consumo poco (1-2 veces)","Consumo mucho (3-4 veces)","No consumo","No consumo","No consumo",0
2025-12-06 15:32:00.431,"Sí","Constitución","Sí","Todos los días","No",NA,NA,"Moca",NA,NA,"Sí","Sí","Sí",NA,"No",NA,NA,NA,NA,"45","Femenino","$500.001 - $800.000","Sí","2 veces",NA,"Relajarse/disfrutar del ambiente","Recomendaciones",NA,"Medio","Muy alto","Alto","Alto","Muy bajo","Me interesa","No me interesa","No me interesa","Me interesa","Me interesa","Consumo diariamente","No consumo","Consumo mucho (3-4 veces)","Consumo diariamente","No consumo",0
2025-12-06 15:32:00.679,"Sí","Constitución","Sí","3 veces por semana","No",NA,NA,"Espresso",NA,NA,NA,NA,NA,NA,NA,NA,NA,NA,NA,"47","Masculino","$500.001 - $800.000","No",NA,NA,"Trabajar o Estudiar","Redes sociales",NA,"Medio","Muy alto","Muy alto","Alto","Medio",NA,NA,NA,NA,NA,"Consumo diariamente","No consumo","No consumo","Consumo diariamente","No consumo",0
2025-12-06 15:32:00.972,"Sí","Constitución","Sí","Todos los días","Sí","2 veces por semana","Al centro","Descafeinado",NA,"$15.000",NA,NA,NA,NA,NA,NA,NA,NA,NA,"44","Femenino","$500.001 - $800.000","No",NA,NA,"Relajarse/disfrutar del ambiente","Redes sociales",NA,"Muy alto","Alto","Alto","Muy alto","Alto",NA,NA,NA,NA,NA,"Consumo diariamente","Consumo mucho (3-4 veces)","Consumo diariamente","No consumo","No consumo",0
2025-12-06 15:32:01.333,"Sí","Constitución","Sí","Todos los días","Sí","3 veces por semana","Al centro","Instantáneo",NA,"$15.000","Sí","Sí","Indiferente",NA,"Sí","Bebidas frías (Frappés, smothies, jugos naturales, Helados y postres fríos","Ambos formatos",NA,NA,"34","Masculino","$500.001 - $800.000","Sí","2 veces",NA,"Compartir con amigos/familia","Recomendaciones",NA,"Medio","Alto","Alto","Alto","Medio",NA,NA,NA,NA,NA,"Consumo diariamente","Consumo poco (1-2 veces)","Consumo poco (1-2 veces)","Consumo diariamente","Consumo diariamente",0
2025-12-06 15:32:01.637,"Sí","Constitución","Sí","3 veces por semana","No",NA,NA,"Capuccino",NA,NA,"Sí","No","Indiferente",NA,"No",NA,NA,NA,NA,"43","Masculino","Prefiero no decirlo","Sí","2 veces",NA,"Compartir con amigos/familia","Carcanía o ubicación",NA,"Alto","Alto","Alto","Alto","Bajo",NA,NA,NA,NA,NA,"Consumo diariamente","Consumo poco (1-2 veces)","No consumo","Consumo diariamente","Consumo diariamente",0
2025-12-06 15:32:01.944,"Sí","Visitantes","Sí","3 veces por semana","Sí","2 veces por semana","Cerca de mi hogar","Espresso",NA,"$ 10.000","Sí","Sí","Sí",NA,"Sí","Bebidas frías (Frappés, smothies, jugos naturales), Helados y postres fríos, Pizza y Sándwich","Ambos formatos",NA,NA,"29","Femenino","$500.001 - $800.000","Sí","2 veces",NA,"Relajarse/disfrutar del ambiente","Precios y promociones",NA,"Alto","Alto","Muy alto","Alto","Bajo","Me interesa","No me interesa","Indiferente","No me interesa","Me interesa","Consumo diariamente","No consumo","Consumo mucho (3-4 veces)","Consumo mucho (3-4 veces)","No consumo",0
2025-12-06 15:32:02.245,"Sí","Constitución","No",NA,"Sí","2 veces por semana","Al centro",NA,NA,"$ 10.000","Sí","Sí","Indiferente",NA,"Sí","Pizza y Sándwich","Servicio con mesas dentro y fuera del local",NA,NA,"41","Masculino","$500.001 - $800.000","Sí","2 veces",NA,"Trabajar o Estudiar","Recomendaciones",NA,"Alto","Muy alto","Alto","Muy alto","Medio",NA,NA,NA,NA,NA,"No consumo","Consumo mucho (3-4 veces)","No consumo","Consumo diariamente","Consumo diariamente",0
2025-12-06 15:32:02.555,"Sí","Constitución","Sí","Todos los días","No",NA,NA,"Espresso",NA,NA,"Sí","Indiferente","Sí",NA,"Indiferente",NA,NA,NA,NA,"50","Masculino","$1.000.001 - $1.999.990","Sí","2 veces",NA,"Compartir con amigos/familia","Redes sociales",NA,"Alto","Muy alto","Alto","Alto","Bajo","Me interesa","Indiferente","No me interesa","No me interesa","Indiferente","Consumo poco (1-2 veces)","Consumo poco (1-2 veces)","Consumo poco (1-2 veces)","Consumo poco (1-2 veces)","Consumo poco (1-2 veces)",0
2025-12-06 15:32:02.873,"Sí","Visitantes","Sí","3 veces por semana","Sí","3 veces por semana","Al centro","Moca",NA,"$15.000","No","Indiferente","Sí",NA,"Sí","Bebidas frías (Frappés, smothies, jugos naturales, Helados y postres fríos","Ambos formatos",NA,NA,"41","Femenino","$500.001 - $800.000","Sí","2 veces",NA,"Probar productos","Recomendaciones",NA,"Bajo","Alto","Alto","Alto","Alto","No me interesa","Me interesa","No me interesa","No me interesa","Me interesa","Consumo diariamente","Consumo mucho (3-4 veces)","No consumo","No consumo","Consumo poco (1-2 veces)",0
2025-12-06 15:32:03.194,"Sí","Visitantes","Sí","Todos los días","Sí","2 veces por semana","Cerca de mi hogar","Instantáneo",NA,"$15.000","Sí","Sí","No",NA,"Indiferente",NA,NA,NA,NA,"39","Femenino","$500.001 - $800.000","Sí","3 veces",NA,"Relajarse/disfrutar del ambiente","Recomendaciones",NA,"Medio","Alto","Alto","Alto","Medio",NA,NA,NA,NA,NA,"No consumo","Consumo mucho (3-4 veces)","Consumo mucho (3-4 veces)","Consumo mucho (3-4 veces)","Consumo mucho (3-4 veces)",0
2025-12-06 15:32:03.464,"Sí","Constitución","Sí","Todos los días","Sí","3 veces por semana","Al centro","Moca",NA,"Más de $20.000","Sí","Sí","Sí",NA,"Sí","Helados y postres fríos","Ambos formatos",NA,NA,"28","Femenino","$800.001 - $1.000.000","Sí","3 veces",NA,"Compartir con amigos/familia","Redes sociales",NA,"Medio","Muy alto","Alto","Alto","Medio","Me interesa","Indiferente","Me interesa","Indiferente","Me interesa","Consumo poco (1-2 veces)","Consumo poco (1-2 veces)","Consumo poco (1-2 veces)","Consumo diariamente","Consumo diariamente",0
2025-12-06 15:32:03.729,"Sí","Visitantes","Sí","1 vez por semana","Sí","2 veces por semana","Cerca de la paya","Instantáneo",NA,"Más de $20.000","Sí","Indiferente","Sí",NA,"Sí","Bebidas frías (Frappés, smothies, jugos naturales), Helados y postres fríos, Pizza y Sándwich","Ambos formatos",NA,NA,"28","Masculino","$800.001 - $1.000.000","Sí","2 veces",NA,"Probar productos","Recomendaciones",NA,"Alto","Alto","Alto","Alto","Muy bajo","Me interesa","Indiferente","Indiferente","Me interesa","Me interesa","Consumo diariamente","Consumo poco (1-2 veces)","Consumo diariamente","Consumo diariamente","Consumo diariamente",0
2025-12-06 15:32:04,"Sí","Visitantes","Sí","3 veces por semana","Sí","2 veces por semana","Al centro","Instantáneo",NA,"$ 10.000","Sí","Sí","No",NA,"Sí","Bebidas frías (Frappés, smothies, jugos naturales, Helados y postres fríos","Ambos formatos",NA,NA,"40","Femenino","$1.000.001 - $1.999.990","Sí","1 vez",NA,"Trabajar o Estudiar","Recomendaciones",NA,"Alto","Alto","Alto","Alto","Bajo",NA,NA,NA,NA,NA,"Consumo diariamente","Consumo mucho (3-4 veces)","Consumo poco (1-2 veces)","Consumo diariamente","Consumo diariamente",0
2025-12-06 15:32:04.614,"Sí","Constitución","Sí","3 veces por semana","Sí","3 veces por semana","Cerca de mi hogar","Moca",NA,"$15.000","Sí","No","Sí",NA,"Sí","Bebidas frías (Frappés, smothies, jugos naturales), Helados y postres fríos, Pizza y Sándwich","Servicio con mesas dentro y fuera del local",NA,NA,"36","Masculino","$800.001 - $1.000.000","Sí","3 veces",NA,"Probar productos","Redes sociales",NA,"Alto","Alto","Alto","Alto","Bajo","No me interesa","Indiferente","Me interesa","Me interesa","No me interesa","Consumo diariamente","Consumo poco (1-2 veces)","Consumo mucho (3-4 veces)","Consumo mucho (3-4 veces)","Consumo poco (1-2 veces)",0
2025-12-06 15:32:04.914,"Sí","Constitución","Sí","Todos los días","Sí","3 veces por semana","Cerca de mi hogar","Instantáneo",NA,"$ 10.000","Sí","Indiferente","Indiferente",NA,"No",NA,NA,NA,NA,"28","Masculino","Menos de $500.000","Sí","2 veces",NA,"Compartir con amigos/familia","Redes sociales",NA,"Medio","Muy alto","Alto","Muy alto","Medio",NA,NA,NA,NA,NA,"Consumo diariamente","Consumo poco (1-2 veces)","Consumo diariamente","Consumo diariamente","Consumo mucho (3-4 veces)",0
2025-12-06 15:32:05.35,"Sí","Constitución","Sí","2 veces por semana","Sí","2 veces por semana","Al centro","Instantáneo",NA,"$ 10.000",NA,NA,NA,NA,NA,NA,NA,NA,NA,"29","Masculino","Menos de $500.000","No",NA,NA,"Compartir con amigos/familia","Precios y promociones",NA,"Alto","Muy alto","Alto","Alto","Bajo",NA,NA,NA,NA,NA,"Consumo diariamente","Consumo diariamente","Consumo mucho (3-4 veces)","Consumo diariamente","No consumo",0
2025-12-06 15:52:19.51,"Sí","Constitución","Sí","3 veces por semana","Sí","3 veces por semana","Cerca de mi hogar","Descafeinado",NA,"$ 10.000","Sí","Sí","Sí",NA,"No",NA,NA,NA,NA,"43","Masculino","$500.001 - $800.000","Sí","2 veces",NA,"Compartir con amigos/familia","Precios y promociones",NA,"Alto","Muy alto","Alto","Alto","Bajo","No me interesa","No me interesa","No me interesa","Me interesa","Indiferente","Consumo mucho (3-4 veces)","Consumo diariamente","Consumo mucho (3-4 veces)","No consumo","No consumo",0
2025-12-06 15:52:19.944,"Sí","Constitución","No",NA,"Sí","2 veces por semana","Al centro",NA,NA,"$15.000","Sí","Sí","No",NA,"Sí","Bebidas frías (Frappés, smothies, jugos naturales, Helados y postres fríos","Ambos formatos",NA,NA,"24","Femenino","$800.001 - $1.000.000","Sí","3 veces",NA,"Compartir con amigos/familia","Redes sociales",NA,"Medio","Alto","Alto","Alto","Bajo",NA,NA,NA,NA,NA,"Consumo diariamente","Consumo diariamente","No consumo","Consumo diariamente","No consumo",0
2025-12-06 18:12:42.726,"Sí","Constitución","Sí","Todos los días","Sí","1 vez a la semana","Al centro","Instantáneo",NA,"$ 15.000","Sí","Sí","Sí",NA,"Sí","Bebidas frías (Frappés, smoothies, jugos naturales), Helados y postres fríos, Pizza y Sándwich","Ambos formatos",NA,NA,"37.0","Femenino","1.000.001 - $1.999.990","Sí","1 vez",NA,"Compartir con amigos/familia","Redes sociales",NA,"Bajo","Muy alto","Muy alto","Muy alto","Medio","Me interesa","No me interesa","No me interesa","Me interesa","Me interesa","Consumo diariamente","Consumo poco (1-2 veces)","Consumo mucho (3-4 veces)","No consumo","Consumo poco (1-2 veces)",0
2025-12-06 18:16:32.775,"Sí","Visitante","Sí","2 veces por semana","Sí","2 veces a la semana","Cerca de la playa","Instantáneo",NA,"$ 15.000","Sí","Sí","Sí",NA,"Sí","Bebidas frías (Frappés, smoothies, jugos naturales), Helados y postres fríos, Snacks para llevar, Pizza y Sándwich","Ambos formatos",NA,NA,"45.0","Masculino","1.000.001 - $1.999.990","Sí","1 vez",NA,"Trabajar o Estudiar","Redes sociales",NA,"Medio","Alto","Alto","Alto","Alto","No me interesa","Me interesa","No me interesa","No me interesa","Me interesa","Consumo poco (1-2 veces)","Consumo mucho (3-4 veces)","Consumo poco (1-2 veces)","Consumo diariamente","Consumo diariamente",0
2025-12-07 18:26:24.364,"Sí","Constitución","Sí","Todos los días","Sí","1 vez a la semana","Al centro","Instantáneo",NA,"$ 10.000","Sí","Sí","Sí",NA,"Sí","Bebidas frías (Frappés, smoothies, jugos naturales), Helados y postres fríos, Pizza y Sándwich","Ambos formatos",NA,NA,"49.0","Femenino","1.000.001 - $1.999.990","Sí","1 vez",NA,"Compartir con amigos/familia","Redes sociales",NA,"Medio","Muy alto","Muy alto","Muy alto","Medio","Me interesa","Me interesa","No me interesa","No me interesa","Me interesa","Consumo diariamente","No consumo","Consumo mucho (3-4 veces)","Consumo diariamente","No consumo",0
2025-12-08 02:35:26.982,"Sí","Constitución","Sí","Todos los días","Sí","2 vez a la semana","Al centro","Instantáneo",NA,"$ 10.000","Sí","Sí","Sí",NA,"Sí","Bebidas frías (Frappés, smoothies, jugos naturales), Helados y postres fríos, Pizza y Sándwich","Ambos formatos",NA,NA,"49.0","Femenino","1.000.001 - $1.999.991","Sí","2 vez",NA,"Compartir con amigos/familia","Redes sociales",NA,"Medio","Muy alto","Muy alto","Muy alto","Medio","Me interesa","Me interesa","No me interesa","No me interesa","Me interesa","Consumo diariamente","No consumo","Consumo mucho (3-4 veces)","Consumo diariamente","No consumo",0
2025-12-08 02:40:12.938,"Sí","Constitución","Sí","Todos los días","Sí","2 veces a la semana","Al centro","Espresso",NA,"$ 10.000","Sí","Sí","Sí",NA,"Sí","Bebidas frías (Frappés, smoothies, jugos naturales), Helados y postres fríos, Snacks para llevar, Pizza y Sándwich","Ambos formatos",NA,NA,"32.0","Femenino","$800.001 - $1.000.000","Sí","2 veces",NA,"Compartir con amigos/familia","Recomendaciones",NA,"Alto","Muy alto","Muy alto","Muy alto","Medio","Me interesa","Me interesa","Indiferente","Indiferente","Indiferente","Consumo diariamente","Consumo poco (1-2 veces)","Consumo mucho (3-4 veces)","Consumo mucho (3-4 veces)","Consumo diariamente",0
