edad,veces,esc,comuna,n_men5c,n_men15c,tiempo,pub,sex,c_pareja,dependency,sk_occ,ing_hog,vehiculo,numper_n,score1
60,5,12,13402,1,0,15,0,0,1,1,3,1.42,0,3,2.4639871
26,5,12,13108,1,0,60,1,0,0,3,2,1.635,1,4,1.7412165
49,5,17,13101,0,0,20,0,1,0,3,1,1.025583,0,1,2.4966855
33,5,17,13124,0,0,30,0,0,0,3,2,3.181417,0,3,1.4662199
59,6,9,13112,0,1,90,1,0,0,3,3,2.72,1,7,2.0008652
37,5,17,13120,1,0,40,1,0,1,3,1,3.602083,1,2,1.7004461
42,5,17,13501,0,0,60,0,0,1,3,1,2.646667,1,2,1.0840516
29,6,12,13106,0,0,60,1,1,1,3,4,.81475002,0,2,2.7890327
21,5,12,13110,0,1,60,1,0,1,3,2,1.1320831,0,3,3.0098562
33,5,17,13119,0,0,60,1,0,1,3,1,4.125,1,2,2.4251623
54,5,15,13122,0,0,40,1,1,1,3,1,5.9750009,1,4,1.6549324
42,5,8,13201,1,0,5,0,1,0,2,2,.67166698,1,3,2.94684
32,5,16,13605,1,0,90,1,1,1,3,2,1.360824,1,2,1.3182778
41,6,17,13107,0,0,30,0,0,1,1,1,2.5999999,1,3,1.4935879
27,5,16,13106,0,0,20,1,1,0,3,1,1.428334,1,4,1.7867303
40,6,12,13101,0,0,90,1,1,1,3,2,1.15,0,2,1.7867303
35,5,12,13106,0,1,60,0,0,1,3,1,1.105,1,2,2.6038573
43,6,12,13602,0,0,120,0,0,0,3,3,1.114171,1,2,2.137198
21,6,14,13122,0,0,30,0,0,0,3,3,1.5,1,4,2.8573792
23,5,14,13119,0,0,30,1,0,0,3,4,2.997292,1,4,1.9346724
40,10,12,13117,0,0,35,0,0,0,3,1,2.213362,1,3,1.0840516
24,5,12,13128,0,1,10,0,0,1,3,3,2.4287579,0,2,2.1681032
25,5,0,13124,1,0,30,1,0,1,3,4,.73367602,0,3,3.1268933
29,10,17,13120,0,0,10,0,1,0,3,1,1.151666,0,1,1.412634
61,5,8,13401,1,0,60,1,0,1,3,4,1.396667,0,4,3.1497264
24,6,12,13501,0,0,10,0,0,0,3,2,2.2966671,1,3,1.0840516
18,1,13,13122,0,0,20,0,0,0,3,2,2.311667,1,4,2.4023294
53,7,4,13112,0,0,5,0,1,1,2,2,1,1,2,4.2418499
30,6,5,13127,2,2,120,1,0,1,3,4,3.0339799,1,8,2.5457366
50,5,12,13127,0,0,25,1,0,0,3,2,.98533303,0,2,4.0531373
50,5,12,13201,0,0,120,1,0,1,3,3,1.316667,1,4,1.5605761
66,6,10,13112,0,0,15,1,0,1,3,4,.97299999,0,2,3.2521546
46,5,17,13604,0,2,45,0,1,0,3,1,1.940167,1,4,3.2521546
35,5,8,13110,0,0,10,0,0,0,3,4,.60833299,0,2,2.8345463
37,6,12,13109,0,0,60,1,0,0,3,4,.80000001,0,1,2.0201612
57,6,19,13120,0,0,40,1,0,1,3,1,3.955833,1,4,2.1373503
29,3,16,13106,1,1,5,0,1,1,2,3,1.399376,0,2,1.7004461
43,5,12,13603,0,2,120,0,0,1,3,3,1.419367,1,4,2.0201612
37,5,10,13401,1,1,120,1,0,1,3,4,.52773601,0,2,2.4330821
70,6,17,13108,0,0,75,1,1,1,3,1,3.6199999,0,4,3.216867
35,1,16,13101,0,0,30,0,0,1,3,1,6.1533332,1,2,1.9620403
52,6,12,13121,0,0,5,0,1,1,2,2,2.8,1,4,1.8529232
18,7,12,13101,0,0,25,1,0,0,3,4,1.885667,0,2,2.0563965
20,3,14,13101,0,0,45,1,0,0,3,4,1.8575,1,3,4.2418499
55,5,11,13125,1,1,120,1,0,1,3,1,1.73,1,5,2.0826144
28,5,12,13110,1,3,80,1,0,1,3,4,.92330402,1,2,2.6946764
27,3,21,13114,0,1,45,1,1,0,3,1,6.7750001,1,7,1.3182778
34,6,12,13119,0,2,60,1,1,0,3,4,2.404583,0,5,3.1904967
27,5,17,13120,0,0,15,0,1,0,3,1,5.0516658,1,2,1.1784078
21,5,12,13401,0,0,60,1,1,0,3,2,.913333,1,3,2.330806
65,5,10,13301,0,0,45,1,1,1,3,4,1.191785,0,2,2.7890327
52,5,12,13203,0,0,10,0,1,1,3,1,.5,1,2,2.9155002
35,5,12,13401,0,0,5,0,1,1,3,4,1.519333,1,3,1.0840516
26,5,10,13117,1,1,90,1,0,1,3,3,1.014746,0,2,3.8959172
27,3,17,13101,0,0,30,0,0,0,3,1,2.6902511,0,2,2.5467343
35,5,21,13123,0,0,30,0,0,0,3,1,7.2785001,1,3,1.0840516
18,5,12,13112,0,0,120,1,0,0,2,3,1.1,0,3,3.7072046
56,5,7,13201,0,0,90,1,0,0,3,3,1.025327,0,2,3.89238
52,6,8,13127,0,0,45,1,1,1,3,4,2.2228341,0,4,1.5525041
25,5,8,13126,1,0,10,0,0,0,3,3,2.306637,0,4,1.0840516
36,7,16,13111,0,4,180,0,0,1,3,3,2.4967501,1,4,2.9905605
47,5,16,13114,0,0,30,0,1,0,3,2,2.5787849,1,3,1.0840516
42,6,7,13131,0,0,60,1,0,0,1,2,.40000001,0,1,1.0840516
26,5,18,13104,0,0,25,0,0,0,3,1,.94599998,0,3,2.9870234
31,3,17,13113,0,0,45,1,1,1,3,1,1.2,1,2,1.1784078
28,5,0,13121,1,1,60,1,1,1,3,4,.60000002,0,2,2.6312251
54,5,5,13106,0,0,60,0,0,1,2,3,1.15,1,2,3.9051952
28,5,14,13110,0,0,100,1,0,0,3,1,2.719167,0,3,1.9486377
27,5,12,13116,0,1,45,1,1,0,3,2,.968472,0,2,1.4662199
30,5,12,13201,0,1,60,0,0,1,3,3,2.457515,1,5,1.5605761
31,2,11,13201,0,1,30,0,1,1,2,2,.70999998,1,2,2.7582798
61,4,8,13106,0,1,1,0,1,0,2,4,1.042778,0,3,3.2521546
48,6,7,13404,0,0,25,0,0,0,3,4,1.434,0,2,1.0840516
30,5,17,13101,0,0,30,1,1,0,3,1,1.608333,0,1,1.867684
63,5,15,13113,0,0,30,0,1,0,3,2,1.698917,1,1,1.0840516
29,4,12,13102,0,1,60,0,0,1,3,4,1.575,1,2,2.9369748
32,5,13,13114,0,2,45,1,1,0,3,2,1.920803,1,5,3.7572532
39,5,18,13123,1,1,40,1,1,1,3,1,4.6383338,1,2,2.3487434
52,5,12,13110,0,0,30,0,0,0,3,1,3.2705841,1,3,2.4966855
52,12,12,13301,0,0,80,1,0,0,3,3,.89999998,0,1,2.5140359
39,5,17,13201,0,1,50,0,1,0,3,1,2.5058329,1,1,1.0840516
40,2,12,13119,0,1,90,0,0,1,3,4,1.7,1,5,2.6266901
62,6,8,13401,0,0,15,0,0,1,3,3,1.844619,1,4,2.5368688
47,3,12,13105,0,0,60,1,0,0,2,3,.827667,0,1,1.412634
46,5,15,13112,0,1,60,0,0,1,2,3,.92000002,1,3,2.9155002
71,1,4,13401,0,1,20,1,0,1,2,2,1.373917,1,3,2.6946764
61,2,11,13602,0,0,45,0,0,1,2,1,1.595,1,4,2.7675581
56,5,17,13114,0,0,30,0,1,1,3,1,25.357166,1,4,1.412634
47,5,5,13603,0,0,30,0,0,1,3,4,2.1441669,1,4,1.3992316
55,5,12,13109,0,0,20,0,1,0,3,2,1.045584,0,2,1.2727641
53,5,12,13130,0,0,45,1,1,0,4,4,.87833297,1,1,1.5278777
24,5,13,13124,0,0,120,1,0,0,3,3,1.6745,0,3,2.8654513
33,5,10,13124,0,1,30,1,1,1,3,4,1.12,1,3,2.9596553
57,6,13,13125,0,0,30,1,1,1,3,4,1.515834,1,2,3.3772638
50,5,10,13131,1,1,90,1,0,1,3,4,.83425701,1,3,4.0531373
29,5,3,13128,0,1,60,0,0,0,2,3,1.765851,0,4,1.0840516
57,5,12,13202,2,0,35,0,0,1,3,4,1.9400409,1,5,1.3182778
30,5,12,13401,0,0,40,0,0,0,3,4,1.4275,0,3,2.1635683
23,7,3,13127,0,0,50,0,0,1,3,4,1.567,1,2,2.2898273
36,5,15,13124,0,1,75,1,0,1,3,1,2.385,1,2,1.1784078
46,5,8,13604,0,1,60,1,1,1,4,4,2.2278211,0,4,3.1268933
65,6,12,13201,0,0,60,1,1,0,3,2,2.326791,0,5,2.577487
55,5,17,13124,0,0,180,0,0,1,1,1,2.8599999,0,4,2.1681032
24,5,16,13123,2,0,15,0,0,0,3,3,3.008333,1,3,1.6334578
42,6,12,13101,0,1,10,0,1,0,3,2,.93333298,0,3,2.992506
40,5,17,13202,0,2,20,0,0,1,3,1,2.804167,1,2,1.0840516
64,4,12,13120,0,1,90,1,1,1,3,3,1.12108,1,2,1.412634
40,5,10,13501,0,1,90,1,0,1,2,2,1.758,1,4,1.3992316
22,6,13,13201,0,0,60,1,0,0,3,2,1.02,0,2,2.0737469
66,5,12,13103,0,0,60,0,0,1,1,3,1.2948329,1,2,4.1474938
52,5,17,13102,0,0,40,0,0,1,3,1,3.73,1,4,1.6415299
34,4,19,13120,0,0,30,1,1,1,3,1,5.8408332,0,2,1.9701124
49,5,8,13301,0,0,10,0,0,1,3,4,1.35,1,4,1.0840516
47,6,12,13604,0,2,180,0,1,1,3,2,2.1674509,1,2,1.9963303
21,7,12,13502,0,0,15,0,0,0,3,4,1.546667,1,3,1.0840516
37,7,14,13116,0,2,5,0,0,1,2,4,1.4,0,2,4.1474938
36,4,15,13605,1,1,120,1,0,1,3,1,4.1212511,1,3,1.6722827
42,5,8,13301,2,1,30,1,1,1,3,4,1.323187,0,4,2.0156262
35,7,17,13114,0,0,30,0,0,1,3,1,6.2966671,1,2,1.0840516
52,5,12,13403,0,0,5,0,0,0,2,4,2.2491109,0,4,3.1577983
24,2,12,13202,0,0,10,0,1,1,3,2,3.676667,1,6,1.1784078
27,3,17,13101,0,0,40,1,0,1,3,1,1.8794971,1,2,1.3182778
61,3,11,13120,0,0,25,1,1,0,2,2,.92000002,0,1,1.0840516
35,4,15,13121,1,1,60,1,1,1,3,1,1.914171,1,3,3.0634422
28,6,9,13110,0,2,60,1,1,1,3,4,1.316483,0,2,1.5525041
26,2,18,13119,0,0,90,1,0,0,3,1,7.4941678,1,4,1.0840516
55,6,13,13201,0,0,90,0,0,1,2,3,.83749998,1,2,3.0246172
56,5,12,13502,1,0,15,0,1,1,3,4,1.193333,0,3,1.5525041
29,5,15,13301,0,1,75,0,1,1,3,1,1.65,1,2,1.0840516
61,5,12,13122,0,0,40,1,0,1,3,2,1.483333,0,3,2.4023294
19,5,12,13127,0,0,60,0,0,0,3,4,1.138333,0,5,2.6637712
27,5,17,13201,0,0,60,0,1,1,3,1,5.006083,1,5,1.7278141
19,5,12,13109,0,0,45,1,1,0,3,1,1.98,0,4,1.7813998
40,5,7,13125,1,2,30,1,0,1,3,4,.87940598,0,2,1.2319936
30,5,17,13122,1,0,45,1,1,1,3,1,1.938334,1,3,3.3022034
54,4,25,13114,0,1,40,0,1,1,3,1,8.6441669,1,2,1.0840516
28,6,12,13112,0,0,5,0,1,0,3,4,.48666701,1,3,3.1532633
24,6,13,13108,0,0,60,0,0,0,3,1,1.132,0,4,3.6307857
39,4,15,13129,1,0,60,1,1,0,3,2,2.070416,0,2,3.3691916
42,5,17,13201,0,1,90,1,1,0,3,1,1.546159,0,2,2.8426185
44,6,12,13126,0,0,60,1,1,0,4,4,1.661667,0,4,2.4023294
54,4,16,13119,0,0,120,1,0,1,3,1,1.37,1,4,2.7890327
46,5,15,13401,0,0,45,0,1,1,3,1,1.501667,1,4,3.2941313
29,6,3,13106,1,0,40,0,0,1,2,4,.478333,1,3,2.6410906
58,5,16,13122,0,0,90,0,1,0,3,1,2.98,1,5,1.6549324
41,7,15,13603,0,0,120,1,0,0,3,3,1.739778,1,3,1.3763986
69,5,6,13402,0,0,45,0,0,1,3,4,1.47,1,4,1.1784078
36,3,19,13114,1,2,10,0,0,1,3,1,7.1158342,1,2,1.3182778
28,5,16,13101,0,0,20,1,1,0,3,1,1.515,0,1,2.3487434
29,5,17,13115,0,0,30,0,0,1,3,2,13.07,1,4,1.0840516
36,12,11,13121,0,0,30,1,0,0,3,2,.85000002,1,2,1.0840516
65,5,12,13302,0,0,5,0,1,0,2,3,1.2722501,1,2,3.6093111
50,4,22,13120,1,0,15,0,0,1,2,1,20.375,1,2,1.9392073
61,5,12,13202,0,1,10,1,0,1,3,3,1.058019,0,4,1.3182778
28,5,14,13124,0,0,60,1,1,0,3,1,.885333,0,1,3.1268933
27,5,15,13109,0,0,30,0,0,0,3,1,3.3139999,1,4,1.2319936
33,4,12,13118,0,0,120,1,1,1,3,2,1.113783,0,2,1.7004461
38,4,4,13303,0,2,15,0,1,1,3,4,.80141699,0,4,3.2521546
38,6,18,13101,1,0,45,0,0,1,3,2,2.8487501,1,2,2.5695672
33,6,15,13123,2,0,35,1,0,1,3,2,4.4108338,1,2,1.9258047
28,5,12,13121,1,1,120,0,1,1,1,1,3.2674999,0,2,2.3830335
63,2,4,13201,1,1,60,1,1,0,3,4,.55500001,0,2,2.1681032
42,5,15,13501,1,0,20,0,0,1,3,3,.85500002,1,4,1.0840516
28,5,15,13122,0,1,60,0,0,0,3,4,4.5541668,1,5,2.4104013
59,5,12,13605,0,0,90,0,0,1,3,4,.7705,1,2,1.0840516
49,10,17,13120,0,1,30,0,0,1,2,1,2.168,1,2,2.2315543
22,3,12,13115,0,0,30,0,0,0,3,4,1.85,0,4,2.2315543
52,6,12,13130,0,0,5,0,0,1,2,4,2.934721,1,4,2.3160453
47,6,13,13124,0,0,120,1,1,1,3,2,3.589942,1,5,3.2521546
54,5,19,13115,0,0,20,0,0,0,3,1,4.1500001,0,1,1.0840516
26,5,15,13122,1,1,20,0,1,1,3,1,2.995362,1,4,1.7813998
42,5,18,13119,0,2,30,0,0,1,3,1,4.0758328,1,2,1.6468602
21,6,12,13105,0,0,60,1,0,0,3,4,1.8263609,0,3,2.8390813
41,5,12,13111,0,2,10,0,1,0,2,2,1.463086,0,2,3.2883902
29,4,21,13123,0,0,60,1,1,0,2,1,4.6333332,1,4,2.6410906
23,5,13,13125,0,0,30,1,0,0,3,3,1.0866669,1,3,1.0840516
27,5,14,13115,0,0,20,0,1,0,3,1,3.4349999,1,2,1.4207062
54,5,11,13301,1,1,25,0,0,1,3,1,.95999998,1,4,1.7813998
47,5,12,13201,0,1,45,1,0,1,3,1,.98031002,1,2,1.867684
65,5,12,13301,0,0,30,0,0,1,3,3,.88833302,1,3,1.6013466
33,6,14,13131,0,0,90,1,0,0,3,1,2.1800001,1,3,1.2319936
57,5,12,13120,0,0,90,1,0,1,3,3,.88,0,3,2.5195186
20,5,9,13124,2,0,10,1,1,1,3,2,1.0882781,0,2,2.5949895
63,5,8,13603,0,0,5,0,0,1,3,4,1.21,1,3,1.0840516
38,6,17,13116,0,2,90,1,1,1,2,1,1.4,0,2,4.1474938
34,5,17,13132,0,0,30,0,1,1,3,1,1.8,1,2,1.0840516
30,6,13,13201,1,1,60,1,1,0,2,2,1.056561,0,3,2.1600311
33,6,16,13108,0,0,5,0,1,1,3,1,1.573,0,3,2.8802123
25,5,12,13121,0,0,30,1,1,1,3,2,2.9398329,1,5,2.0790772
29,5,19,13124,0,0,90,0,1,0,3,1,7.0241671,1,7,2.992506
36,6,14,13402,0,0,60,0,1,0,3,2,2.2933331,1,3,2.0563965
22,2,16,13102,0,1,5,0,0,0,3,1,1.633755,0,3,2.7322702
24,6,10,13121,0,0,15,0,0,0,3,3,1.7366641,0,5,3.2521546
47,10,11,13103,0,1,180,1,0,0,3,3,1.085,0,3,2.6584408
38,5,15,13121,0,0,70,1,0,0,3,3,1.415,0,2,2.0451727
23,6,10,13605,0,2,25,0,0,1,3,2,1.825869,1,5,2.9369748
49,5,14,13119,0,0,25,0,1,1,3,1,4.9066672,1,3,1.0840516
47,2,8,13104,0,0,10,1,0,0,2,4,.52899998,0,2,1.9927931
49,5,15,13125,0,0,90,0,0,1,3,1,1.604167,1,4,1.5525041
61,5,12,13119,0,2,60,0,0,1,3,2,1.4275,1,3,1.0840516
34,5,18,13122,0,2,60,1,0,0,3,1,11.305,1,3,1.1784078
35,5,12,13103,0,0,30,1,1,0,3,4,.85938299,0,2,1.6334578
41,2,12,13124,0,0,120,0,0,0,2,3,1.317861,1,3,3.4420733
18,7,12,13303,0,0,30,0,0,1,3,4,.46200001,0,2,1.4935879
21,1,13,13113,0,0,20,1,0,0,2,4,1.668334,1,3,2.5467343
46,5,12,13301,2,1,30,1,0,1,3,4,1.323187,0,4,2.0156262
29,5,15,13124,2,0,30,1,0,0,3,3,1.423333,0,4,3.4000967
55,5,17,13123,0,0,5,0,1,0,2,1,4,1,2,1.0840516
39,5,17,13120,0,0,40,0,1,1,3,1,4.4485002,1,2,2.2043386
58,5,8,13604,0,0,10,0,1,0,3,2,.54000002,0,1,2.8426185
41,5,12,13201,0,1,10,0,1,1,3,1,1.731667,1,3,2.6446276
49,4,10,13130,0,0,60,1,1,0,3,1,1.109167,0,5,2.4559152
34,2,17,13110,0,0,60,0,0,0,3,1,2.98,1,4,2.1681032
29,5,18,13105,0,0,60,1,0,0,3,1,1.094421,0,2,1.0840516
34,5,12,13122,0,2,60,1,1,0,3,4,1.504167,1,4,2.5650322
16,1,10,13125,0,0,15,0,0,0,2,4,1.373422,0,3,1.9472793
52,6,8,13201,2,1,30,0,0,1,3,4,2.625849,1,6,2.6003201
63,6,12,13119,0,0,150,1,1,1,3,2,.40000001,1,4,2.5548065
62,10,13,13119,0,0,10,0,0,0,3,4,1.6583329,1,3,2.5682089
53,5,8,13112,0,0,60,0,0,1,3,4,.75,1,2,4.1474938
37,5,21,13132,1,0,10,0,0,1,1,1,11.466666,1,2,1.0840516
37,6,9,13112,0,2,120,1,0,1,3,3,.58638602,0,2,3.2521546
41,5,12,13603,1,1,10,0,0,1,3,4,1.3423181,1,4,2.0737469
60,5,6,13201,0,2,60,1,0,1,3,3,1.707826,0,4,2.1681032
64,5,11,13129,0,0,10,0,0,1,3,4,1.92581,1,3,2.6003201
28,5,7,13602,0,0,15,0,0,0,2,3,.5,0,1,1.7867303
25,5,18,13113,0,0,45,0,1,0,3,1,5.9000001,1,4,1.0840516
34,5,16,13108,0,0,45,1,1,0,3,2,1.25,0,4,1.9346724
29,5,10,13112,1,1,20,0,0,1,3,3,1.126667,1,2,3.9051952
49,5,12,13119,0,0,60,1,0,0,3,3,.82999998,0,4,1.1784078
67,7,12,13201,0,0,30,1,0,0,3,2,.89999998,0,1,2.0201612
82,5,15,13127,0,0,30,0,0,0,3,1,1.922583,0,7,1.412634
61,6,12,13127,0,0,40,1,1,1,3,2,1.768584,1,3,3.0098562
54,5,12,13401,0,0,90,1,0,1,3,2,1.1,1,2,2.0737469
35,5,16,13125,2,0,30,1,1,1,3,4,.97500002,0,2,2.0818188
40,5,7,13302,1,1,20,0,1,0,3,4,1.04009,1,3,1.3182778
44,4,12,13123,0,0,10,0,1,0,3,1,1.3540829,0,2,2.452378
27,5,12,13119,0,0,90,1,0,0,3,2,.89999998,0,3,1.3182778
62,6,7,13503,0,0,5,0,0,0,2,4,.47999999,0,1,1.0840516
27,5,12,13114,0,0,20,0,0,0,1,1,3.9324999,1,3,1.0840516
50,5,12,13125,0,0,20,0,1,1,3,1,2.9000001,1,4,1.8221704
32,5,12,13104,0,0,20,0,0,1,3,2,1.640254,0,5,1.7004461
35,5,18,13123,0,0,45,1,1,0,3,1,1.472492,0,1,1.7278141
43,5,12,13201,0,0,60,1,1,1,3,2,1.262133,1,3,3.1577983
59,5,17,13120,0,0,45,1,1,1,3,1,3.398917,1,4,2.7309117
30,6,17,13126,0,0,90,1,1,0,3,1,.85491699,0,2,3.2521546
66,3,22,13114,0,0,45,0,0,1,3,1,5.9746671,1,3,1.412634
41,6,15,13601,0,0,30,0,0,1,3,2,2.3583331,1,4,1.3992316
52,5,19,13115,0,2,20,0,0,1,1,1,0,1,6,1.0840516
68,6,15,13101,0,0,60,1,0,0,3,2,.96700001,0,2,2.4023294
29,5,12,13104,0,2,40,0,0,1,3,4,1.321108,0,2,2.0156262
22,4,15,13201,1,0,60,1,1,1,3,1,1.398,1,2,4.1474938
37,5,12,13503,0,1,30,1,0,1,2,1,.46578199,1,3,1.0840516
35,5,16,13114,0,1,10,0,1,0,2,1,.80000001,1,1,1.6334578
37,5,15,13119,0,0,120,1,1,0,3,1,.85500002,1,2,2.7210464
38,6,12,13119,0,1,20,1,0,1,3,3,1.26,0,2,2.8426185
39,5,12,13113,0,1,120,1,1,1,3,2,1.188333,0,2,2.1600311
27,5,17,13119,0,0,90,1,0,0,3,4,.233,0,3,1.6334578
32,6,16,13130,0,3,40,1,1,0,3,1,2.2327361,1,4,4.3362064
39,5,12,13119,0,2,20,0,0,1,2,4,2.7333331,1,3,1.4662199
46,5,18,13107,0,0,45,1,0,0,3,1,4.0166669,0,1,1.7278141
73,1,7,13403,0,0,10,1,1,0,4,4,1.125083,0,3,1.0840516
37,5,12,13203,0,1,10,0,1,0,3,2,.95498401,1,2,1.3182778
23,5,12,13201,0,0,30,0,0,0,3,4,.709167,0,1,1.3182778
59,5,12,13105,0,0,80,1,0,1,3,1,1.536667,0,4,2.1090345
40,5,15,13501,1,1,90,0,0,1,3,1,3.956917,1,2,1.0840516
33,5,17,13114,1,0,30,0,1,1,3,1,5.75,1,3,1.0840516
50,5,12,13118,0,0,40,0,1,1,3,2,1.9400001,1,4,2.3079731
29,5,17,13128,1,0,20,0,1,1,1,1,1.38,0,2,1.9701124
55,5,17,13114,0,0,50,0,0,1,1,1,8.5500002,1,5,1.0840516
51,5,12,13121,0,1,60,1,1,1,4,4,1.883333,1,2,4.3362064
40,5,18,13120,0,0,90,1,0,0,3,1,2.655437,1,3,1.0840516
51,5,12,13125,0,0,10,0,1,1,3,3,3,1,5,2.6946764
54,5,12,13110,0,0,40,1,0,1,3,3,1.2833329,1,3,4.3362064
40,5,19,13123,1,0,20,0,0,1,3,1,3.8783331,1,2,1.5525041
21,3,11,13106,2,0,10,1,1,0,2,4,.61000001,0,5,2.6866043
46,5,11,13126,0,0,40,1,0,0,3,3,.92552298,1,2,2.6946764
56,5,13,13109,0,0,5,0,0,0,3,2,.80000001,0,1,1.3992316
35,6,12,13201,1,0,60,0,0,1,3,2,1.121186,1,3,1.0840516
24,5,14,13106,0,0,5,0,1,0,3,2,1.343917,1,3,4.3362064
64,10,15,13101,0,0,60,1,1,0,3,1,.93475002,0,1,2.9235721
33,5,12,13110,0,2,15,0,0,0,2,4,1.1,0,3,1.3182778
45,5,11,13101,0,1,40,1,1,0,3,4,.56289297,0,1,3.0098562
69,1,17,13401,0,0,180,0,0,1,2,1,3.1391661,1,2,1.5150625
47,5,14,13130,0,1,20,1,1,1,3,1,2.7541659,1,3,1.867684
42,5,14,13401,1,0,60,0,0,1,3,3,3.2541671,1,3,1.2319936
49,6,15,13115,0,1,10,0,0,1,2,4,2.55,1,6,1.9258047
58,5,6,13403,0,1,5,0,1,0,2,4,1.553323,0,6,1.0840516
39,5,15,13127,0,0,90,1,1,1,4,4,2.0550001,0,2,1.0840516
71,6,12,13122,0,0,15,0,0,1,3,2,1.363,1,2,2.452378
46,5,17,13114,0,1,40,0,1,0,3,1,6.6125002,1,2,1.4207062
26,5,15,13102,0,0,15,0,1,1,3,3,2.5,1,4,4.3362064
23,5,12,13201,0,0,90,1,1,0,3,1,.93666703,0,4,2.1600311
36,6,12,13605,1,1,60,0,0,1,3,4,1.236069,1,2,1.7813998
29,5,12,13124,0,0,30,0,0,0,3,4,2.799999,1,4,3.2521546
24,6,15,13111,0,0,90,1,1,1,3,1,1.368,1,5,2.8152504
36,5,17,13114,0,0,45,1,0,1,3,1,7.400001,1,2,2.4023294
29,7,12,13112,0,1,15,0,1,1,3,2,1.475,1,2,2.1681032
68,5,8,13401,0,0,60,1,0,1,2,4,.46250001,0,4,4.0939078
51,5,16,13130,0,0,90,1,1,1,3,1,2.0650001,1,4,2.0236981
51,6,17,13107,0,0,30,0,0,1,3,1,4.5064998,1,3,1.1784078
23,5,12,13202,0,0,90,1,0,0,3,2,1.166667,0,2,1.0840516
26,5,17,13101,0,0,120,1,1,1,3,1,4.2108331,1,2,2.1099823
39,5,22,13120,0,2,30,0,0,1,3,1,4.8291669,1,2,2.2906227
35,2,16,13124,0,0,30,0,1,0,2,4,1.192414,1,3,1.5069903
35,5,23,13123,0,0,40,1,0,0,3,1,3.9825001,1,2,1.9258047
37,4,17,13124,0,0,60,0,0,1,3,1,4.8291001,0,2,1.0840516
63,3,8,13301,0,0,20,0,1,1,2,2,1.943785,1,2,1.0840516
57,5,9,13104,0,0,20,0,0,1,3,4,.94999999,0,3,1.0840516
20,5,12,13106,0,0,40,1,0,0,3,2,1.15,0,3,2.0156262
65,5,12,13501,0,0,20,0,1,0,3,2,1.261,0,2,1.3182778
42,5,16,13201,0,1,90,1,0,1,3,1,1.825678,1,4,3.4556282
31,6,12,13101,1,0,20,0,0,1,3,2,.5,0,2,1.7049811
72,6,3,13601,1,1,15,0,1,0,3,3,1.977221,1,4,1.3763986
35,5,10,13126,2,0,60,1,0,1,3,3,1.155,1,2,3.1577983
36,5,26,13113,0,1,35,1,0,1,3,1,3.2333331,1,2,1.0840516
26,5,17,13115,0,0,20,0,1,0,3,1,10,1,4,1.0840516
67,5,8,13119,0,0,60,1,0,1,1,3,1.131667,1,4,1.2319936
30,5,17,13119,1,1,60,1,0,1,3,3,1.165069,0,2,1.0840516
52,5,2,13101,0,0,40,1,0,1,3,1,3.3414171,0,2,2.0201612
42,5,12,13119,0,1,45,0,0,1,3,4,.91000003,0,2,1.8891586
55,4,14,13118,0,0,105,1,0,1,3,4,1.333333,1,3,1.6334578
26,6,10,13401,0,1,10,0,1,1,3,2,.64999998,1,2,2.2772202
25,10,15,13107,1,1,30,1,1,0,3,1,1.2912329,1,4,3.1497264
20,6,13,13105,0,0,60,0,1,0,3,4,1.2587529,1,3,3.0098562
50,3,9,13202,0,0,25,0,1,1,2,4,1.0599999,1,3,1.0840516
41,6,12,13112,1,1,40,1,1,1,3,2,1.057826,1,4,1.6334578
40,6,12,13130,0,0,90,1,1,0,3,2,1.4498709,1,3,1.7813998
26,5,12,13301,0,1,5,0,1,1,2,2,3.3005891,1,4,1.0840516
28,5,8,13112,1,1,40,0,0,1,3,3,1.79,1,2,3.4863808
32,5,12,13105,2,0,60,1,0,1,3,3,1.0812401,1,5,1.1784078
23,5,15,13301,0,0,45,1,1,0,3,1,.57999998,0,2,3.4863808
23,5,14,13118,0,0,40,1,0,0,3,2,1.92,0,4,2.6365557
64,6,14,13120,0,1,60,1,1,0,3,2,1.981167,0,2,2.9324398
33,5,13,13103,0,2,10,0,1,0,3,1,1.167158,1,1,2.9155002
41,5,12,13109,0,1,60,1,1,0,3,1,1.1114171,0,2,4.0531373
41,5,10,13110,1,1,60,1,0,1,3,3,1.131047,1,2,2.7255814
63,3,12,13104,0,0,30,0,0,1,3,4,1.833333,1,3,3.8516095
35,6,12,13105,0,0,30,0,1,1,3,4,2.38132,1,3,2.9369748
42,5,17,13201,0,2,15,0,1,1,3,1,4.856667,1,2,1.0840516
67,5,9,13201,0,0,60,1,1,1,3,4,1.524682,0,2,3.1304305
21,2,13,13123,0,0,45,1,0,0,3,2,5.1570001,1,3,1.7993373
38,5,15,13111,0,0,30,1,1,0,3,1,.146667,1,5,3.494453
68,5,17,13123,0,0,45,1,1,0,3,1,5.8325,1,3,1.0840516
54,2,8,13125,0,0,4,0,1,1,2,2,.52999997,0,2,3.3057404
41,6,12,13201,0,2,90,1,1,0,3,4,1.251104,0,3,2.623153
58,6,13,13201,0,1,30,1,0,1,3,1,4.7515831,1,4,2.3942573
47,5,8,13114,1,0,5,0,0,1,4,3,3.0748329,1,4,3.725142
26,5,18,13123,0,0,20,1,1,0,3,1,1.146667,0,1,1.3182778
64,5,17,13114,0,0,15,0,0,1,1,1,12.649999,1,4,1.0840516
27,5,22,13401,0,0,30,0,0,0,3,1,2.2124989,1,3,3.3156059
38,5,17,13125,0,0,40,1,0,1,3,2,1.0325,0,2,1.867684
33,4,16,13401,0,0,120,1,1,0,3,1,1.883333,0,3,3.2521546
37,5,12,13126,0,0,60,1,1,0,4,4,1.61,0,3,1.0840516
48,3,17,13120,0,0,45,1,0,0,3,1,2.0041671,0,1,1.412634
29,6,12,13119,0,0,120,1,1,1,3,2,.90282601,0,2,4.2418499
41,5,12,13113,0,1,60,0,1,0,3,2,1.474167,0,2,2.4023294
61,6,12,13201,0,0,20,0,0,1,3,4,1.1,1,4,1.5278777
28,3,16,13115,0,0,90,1,1,0,2,2,1.6,1,4,1.0840516
45,6,15,13110,0,0,30,1,0,0,3,2,1.235,0,2,1.0840516
59,6,8,13501,0,0,30,0,0,1,3,4,1.226667,1,3,1.0840516
35,6,10,13116,1,2,10,1,1,1,3,4,1.369681,0,4,1.6951157
50,6,8,13105,0,0,105,1,1,0,4,2,.90974998,0,1,1.5605761
51,5,19,13110,0,0,30,0,1,1,3,1,2.4108341,1,3,2.1180544
43,6,12,13201,0,0,60,1,0,0,3,4,.90499997,0,2,2.6312251
56,5,8,13202,0,0,15,0,0,1,3,4,2.6035831,1,3,1.0840516
49,16,14,13120,0,1,30,0,1,1,3,1,2.168,1,2,2.2315543
58,2,10,13111,0,0,60,0,0,0,1,3,.040833,0,1,2.0737469
44,5,12,13129,0,1,70,1,1,0,3,2,1.6639169,0,2,2.3160453
37,5,15,13119,0,1,20,0,1,1,3,1,2.419167,1,2,4.3362064
48,3,17,13109,0,2,15,0,0,1,3,1,4.247333,1,2,1.7049811
60,6,12,13119,0,1,150,1,0,1,2,3,1.007318,0,4,1.8757561
30,5,18,13132,0,0,30,0,1,1,3,1,5.59375,1,2,1.3182778
47,5,16,13301,0,1,60,0,0,1,3,1,2.4183331,1,2,1.9701124
70,4,12,13127,0,0,120,1,0,0,3,2,1.743917,0,2,1.7867303
26,5,17,13123,0,0,30,0,1,1,3,1,2.9380419,0,2,1.9620403
59,5,12,13108,0,0,60,0,0,1,3,2,1.0425,0,2,4.0531373
50,5,12,13126,0,0,60,1,1,0,2,4,1,0,3,2.1681032
63,5,11,13111,0,0,15,0,0,1,3,2,1.978,1,2,3.2249391
35,6,16,13118,1,0,30,0,0,1,3,2,.82999998,1,2,1.1784078
55,2,12,13119,0,0,10,0,1,0,2,2,.91666698,0,3,4.0076237
21,5,15,13119,0,0,15,0,0,1,3,1,1.04,1,2,1.412634
30,7,17,13110,0,0,3,0,1,1,3,2,1.1905,0,2,4.3362064
35,7,12,13111,0,1,25,0,1,0,3,2,.77499998,1,3,4.3362064
44,5,12,13108,1,2,30,0,0,1,3,2,.80000001,1,5,1.6630045
44,5,22,13110,0,0,90,0,0,1,1,1,3.0999999,1,3,1.7278141
19,5,12,13201,0,0,30,0,0,0,2,2,1.71,0,4,1.8087678
29,7,17,13101,0,0,50,0,0,0,3,2,1.37,0,4,1.0840516
54,5,10,13112,1,1,90,0,1,0,4,4,.62765199,1,3,2.9771578
53,5,8,13603,0,1,55,0,0,1,3,3,1.5,1,3,1.0840516
32,6,12,13401,0,0,30,1,1,0,3,2,1.45,1,4,1.3182778
39,5,12,13125,0,0,25,1,1,0,3,2,1.199778,0,5,1.0840516
73,5,12,13120,0,0,6,0,1,0,3,2,1.1058609,1,2,2.5650322
20,5,12,13201,0,3,5,0,0,0,3,4,.30000001,0,4,3.0634422
44,3,11,13126,0,1,10,0,1,1,2,2,1.0779999,1,3,2.3160453
26,5,15,13123,0,0,20,1,1,1,3,1,4.5,0,2,1.3992316
40,5,11,13125,0,0,60,0,0,1,3,2,3.1099999,1,3,1.0840516
35,5,12,13201,0,1,40,1,0,1,3,2,1.6799999,0,3,1.5525041
57,3,18,13122,0,1,60,0,0,1,2,1,4.5541668,1,5,2.4104013
56,6,10,13402,0,0,40,1,1,0,3,4,1.048,0,3,2.1600311
23,3,12,13124,1,0,10,1,1,1,1,2,.78600502,1,5,2.330806
54,6,12,13105,0,0,30,0,0,0,3,4,1.687722,1,2,1.3182778
62,5,12,13128,0,0,45,1,1,1,3,1,1.3,1,2,1.8810865
20,6,12,13103,0,0,15,0,0,1,2,2,.96888202,1,4,2.6848109
43,5,17,13130,1,0,45,1,1,1,3,1,.96574998,1,2,1.0840516
32,2,13,13114,0,1,10,0,1,0,3,2,2.49,0,3,2.28514
26,5,12,13119,0,0,60,1,0,0,3,2,1.273333,1,3,1.0840516
55,5,12,13119,0,2,60,1,0,1,3,1,3.6863329,1,4,2.221689
57,5,9,13604,0,1,30,0,0,1,3,4,1.2898999,0,4,2.6637712
55,5,17,13122,0,0,10,0,0,1,2,1,4.04,1,4,2.2124107
22,4,12,13401,0,0,90,0,0,0,3,2,.5,1,2,3.1577983
33,6,14,13201,0,0,20,0,0,0,3,3,1.27,0,2,1.0840516
60,5,16,13114,0,0,45,0,0,1,2,2,6.4749999,1,3,1.3182778
45,6,15,13504,0,0,15,0,0,0,1,3,1.063,1,2,1.0840516
42,5,12,13302,0,1,75,1,1,0,3,2,1.674403,1,2,4.0531373
41,6,16,13110,0,0,50,0,0,0,3,4,1.3049999,1,1,3.89238
35,1,17,13113,1,0,30,0,1,1,4,2,.75333297,1,2,1.0840516
50,6,12,13111,0,0,90,1,0,0,3,2,.64248103,0,2,2.2579243
53,3,11,13113,0,0,60,0,0,0,2,3,.68000001,1,2,1.1784078
39,5,16,13127,0,0,40,1,0,0,3,1,1.380772,0,1,2.4787481
65,5,10,13111,0,0,15,0,1,1,2,4,1.612735,1,3,3.2521546
39,5,12,13119,0,0,40,1,0,0,3,4,.900226,0,3,2.3294477
45,5,17,13132,0,2,30,0,0,1,3,1,17.299999,1,3,1.0840516
50,6,12,13106,0,0,25,1,1,0,3,4,.90000403,0,2,2.6637712
34,3,17,13123,1,0,10,0,1,1,1,1,5.3916659,1,2,1.0840516
37,5,17,13123,0,0,12,1,1,1,3,1,10.967333,1,2,1.7278141
46,5,17,13114,0,0,45,0,1,1,3,1,3.75,1,2,1.0840516
51,5,8,13119,0,0,120,1,1,0,4,4,2.472501,0,5,3.0541639
39,5,15,13401,0,1,40,1,1,1,3,1,2.692333,0,4,1.1784078
15,1,10,13110,2,0,60,1,0,0,2,4,1.288084,0,5,2.182864
37,3,16,13120,1,0,30,1,1,1,1,1,7.3343329,1,2,1.0840516
44,3,17,13113,0,0,25,0,1,1,3,1,6.763,1,2,1.0840516
26,5,13,13110,0,0,90,1,0,0,3,4,2.039999,0,4,1.0840516
31,5,14,13132,1,0,30,0,0,1,2,2,3.7,1,2,1.0840516
59,6,14,13101,0,0,50,1,0,0,3,2,.79474998,0,1,2.9562705
61,4,11,13129,0,0,20,1,1,0,3,2,1.266834,0,2,1.7492887
33,6,18,13126,0,0,90,1,1,1,3,1,3.5,0,2,2.8654513
39,5,17,13201,0,0,75,1,0,0,3,1,1.433333,1,2,1.7412165
72,5,7,13118,0,0,20,0,0,0,2,4,1.882,1,4,2.28514
27,5,12,13129,0,1,60,0,1,0,3,3,2.5284171,1,3,3.7379575
56,3,6,13503,0,0,10,0,1,0,4,4,1.564393,1,3,1.0840516
44,7,12,13501,0,1,10,0,0,1,3,1,1.810833,1,3,1.3182778
22,5,15,13115,0,0,45,1,1,0,3,4,8.8458328,1,4,1.0840516
26,6,12,13503,0,1,30,0,0,0,3,4,1.45,1,4,1.0840516
54,5,14,13101,0,0,5,0,1,1,4,2,4.0716672,1,3,3.7152767
24,3,16,13103,0,0,90,1,1,0,3,2,1.767,1,4,3.2521546
57,5,8,13131,0,0,20,0,0,1,2,3,.33000001,0,3,1.3799356
47,5,9,13501,0,1,3,0,1,1,2,2,.556611,1,2,4.2418499
73,5,12,13112,0,1,5,0,0,0,2,2,1.080652,0,2,2.1681032
30,6,12,13127,1,1,45,1,1,1,3,2,.89999998,0,2,2.4604502
45,5,17,13122,0,0,5,0,1,0,3,1,1.45,1,2,1.0840516
35,10,12,13120,0,1,100,1,0,0,3,3,1.313713,0,4,2.2543874
33,5,12,13121,0,0,30,1,0,0,3,4,.73000002,0,4,2.3160453
32,3,12,13302,1,0,15,1,1,0,3,4,.64377898,0,1,1.0840516
54,5,12,13201,0,0,120,1,0,1,3,4,1.068333,0,2,3.3112233
48,5,12,13401,0,1,30,0,1,0,4,4,1.52,0,3,2.2772202
60,5,17,13123,0,0,30,0,1,1,3,1,4.9949999,1,3,1.7412165
30,5,17,13120,0,0,20,0,1,0,3,1,2.8099999,1,3,2.7675581
56,5,6,13126,0,0,60,1,1,1,4,4,.87,0,2,1.867684
25,5,17,13115,0,0,30,0,0,0,3,1,15.03,1,5,1.0840516
70,5,11,13119,0,0,60,1,0,1,3,2,1.593333,0,2,1.5605761
55,5,12,13119,0,0,60,1,1,1,3,2,3.271666,1,4,2.7675581
69,4,6,13602,0,0,120,1,0,1,2,2,.59061098,0,2,3.0017843
34,2,16,13122,0,1,40,1,0,1,3,1,1.9587851,1,2,4.1474938
31,5,12,13125,0,0,60,1,0,0,3,4,.60250002,0,1,2.1681032
31,6,19,13101,0,1,15,0,1,0,3,2,1,0,2,1.7278141
24,4,15,13201,0,0,45,1,1,1,3,1,1.010667,0,2,1.3671204
59,6,12,13125,0,0,40,0,0,1,3,3,1.068,0,3,1.6334578
47,3,19,13132,0,2,10,0,1,0,3,1,3.4333329,1,1,1.0840516
49,5,16,13114,0,0,30,1,0,1,3,1,8.3745012,1,3,1.7278141
63,5,8,13401,0,0,30,0,1,0,2,2,.37,0,1,3.1577983
57,6,7,13111,0,0,120,1,0,1,3,4,1.1,0,6,2.3160453
38,6,12,13104,0,1,20,0,0,1,2,2,.821087,1,4,3.2212496
52,5,7,13110,0,0,75,1,1,0,3,3,.46000001,0,2,1.0840516
58,4,8,13112,0,0,120,0,0,1,3,4,2.25,1,5,2.1681032
60,5,6,13126,0,0,60,1,0,1,3,3,2.7,1,5,2.1407351
58,5,12,13401,0,0,60,1,1,1,3,4,.78833401,0,3,3.2521546
37,6,13,13119,0,1,30,1,1,0,3,2,2.5722499,0,5,2.2624593
25,5,16,13115,0,0,10,0,1,0,3,1,2.842037,0,5,1.0840516
19,6,12,13124,0,0,90,1,1,0,3,4,1.831666,0,5,1.0840516
35,5,12,13108,0,1,60,1,1,0,3,2,.72399998,0,2,2.6637712
21,5,12,13130,1,2,15,1,0,0,3,4,2.5759809,1,7,1.9701124
38,5,13,13129,0,0,60,1,1,1,3,2,2.231333,0,4,2.2043386
23,5,12,13501,0,0,15,0,0,0,2,2,1.29,1,2,1.6106248
57,6,12,13302,0,1,20,0,0,1,2,2,.80000001,0,4,1.0840516
49,5,15,13110,0,1,20,0,0,1,2,1,1.15,1,3,3.0634422
22,3,16,13101,0,0,90,1,1,0,3,2,.46666601,0,1,4.1882644
39,5,12,13129,0,0,90,0,0,0,2,1,.213333,0,3,2.6003201
26,5,21,13119,0,0,30,1,0,0,3,2,.97125,1,2,2.4430997
28,5,16,13106,0,1,40,1,1,0,3,1,.75641698,0,1,2.8426185
36,5,14,13605,0,2,10,0,0,1,3,4,1.255736,1,5,1.1784078
45,5,15,13103,0,1,60,1,1,1,3,1,2.30475,1,3,3.1577983
52,6,14,13129,0,0,30,1,1,0,3,2,2.1680839,1,4,1.4207062
29,4,14,13124,0,0,30,0,0,0,2,4,2.8599999,0,4,2.1681032
28,6,15,13403,0,0,25,0,0,0,3,1,2.0358031,1,2,1.6106248
24,6,8,13111,0,0,45,1,0,0,2,4,1.1,0,2,3.1577983
48,5,12,13110,0,0,90,1,0,1,3,2,.95689303,0,3,1.8529232
61,2,8,13503,0,1,90,1,0,1,2,3,2.64625,1,2,3.2212496
58,6,7,13501,0,0,10,0,0,1,3,3,.69142097,1,2,1.0840516
58,5,15,13114,0,0,5,0,1,1,3,1,3.379667,1,4,1.3182778
59,5,8,13603,0,1,30,0,1,1,3,2,4.1500001,1,5,1.0840516
36,5,13,13119,1,0,30,0,0,1,3,2,3.3301661,1,2,3.3112233
74,5,2,13502,1,1,15,0,0,1,3,3,5.8350902,1,8,2.28514
52,5,17,13105,0,0,60,0,0,0,3,1,.80252802,1,2,2.6946764
58,5,12,13203,0,0,90,0,0,1,2,3,.228084,1,2,1.3763986
39,5,17,13113,0,0,40,0,0,1,3,1,2.25,1,2,1.7004461
35,2,17,13605,0,1,120,1,1,0,3,1,2.2249999,0,2,2.2043386
43,6,12,13301,0,0,120,1,1,0,3,4,1.130416,0,3,4.3362064
41,3,21,13132,0,0,30,0,0,0,3,1,4.5500002,1,1,1.0840516
42,6,5,13105,0,1,10,0,0,1,3,4,1.241993,1,4,3.1577983
34,5,15,13129,0,2,60,1,1,1,3,2,1.385,1,3,2.0236981
50,5,8,13201,0,2,60,1,1,1,3,4,1.608686,0,6,1.0840516
32,6,17,13101,1,0,30,0,0,1,2,1,5.085,1,2,2.6003201
49,5,16,13118,0,0,80,0,0,0,2,3,5.6399999,1,3,2.0335636
34,4,19,13123,0,2,40,0,1,1,3,1,6,1,2,1.5525041
60,5,18,13114,0,0,10,1,0,1,1,1,10.3,1,5,2.5467343
59,5,12,13105,0,0,120,1,0,1,3,4,.90080303,0,3,2.3160453
60,5,17,13110,0,0,45,0,0,1,3,1,1.76,1,2,1.3799356
64,5,7,13117,0,1,40,1,1,1,4,2,1.211475,0,3,4.0403223
68,7,11,13117,0,0,45,0,0,1,3,4,2.8299999,1,3,2.5002227
35,5,14,13201,1,0,80,0,0,1,3,1,3.703568,1,2,1.4207062
29,5,17,13114,0,0,15,0,0,0,3,1,3.386667,1,1,1.0840516
70,2,12,13115,0,1,60,1,1,0,4,4,7.1999998,1,3,1.3182778
53,4,12,13122,0,1,90,1,1,0,2,4,.783333,0,2,2.330806
52,5,8,13108,0,0,45,1,1,0,2,4,.56,0,3,1.0840516
48,5,12,13104,0,0,40,1,0,0,3,3,1.22,0,6,1.1784078
16,2,11,13503,0,1,5,0,1,0,3,2,2.4952531,0,3,2.1600311
61,5,12,13201,0,0,90,1,0,1,3,2,1.9539731,1,4,1.0840516
25,5,17,13124,0,0,105,1,1,0,3,1,1.95,0,3,1.7813998
56,5,16,13127,0,0,40,0,1,0,3,1,4.1515012,1,4,2.6182575
36,5,21,13120,0,0,25,1,0,0,3,1,3.4633329,1,2,1.9620403
47,3,7,13102,0,0,25,1,1,0,2,2,1.063333,1,3,1.8483882
60,2,12,13106,0,0,60,1,1,0,2,1,.69599998,0,2,2.3079731
64,3,8,13119,0,0,120,1,1,0,4,4,.49474999,0,1,1.9346724
23,5,12,13604,0,0,30,1,0,0,3,3,.58600003,1,2,1.4935879
43,6,12,13125,0,0,20,0,1,1,3,4,1.12,0,2,1.5525041
42,5,20,13122,0,1,5,0,1,1,3,1,1.314167,1,2,3.3465109
57,5,12,13102,0,0,60,1,0,1,3,1,1.405221,0,4,1.0840516
50,3,12,13118,0,0,10,0,1,0,4,4,.991808,0,2,3.1532633
19,1,12,13122,0,0,15,0,1,0,2,2,4.04,1,4,2.2124107
26,5,16,13117,0,1,120,1,0,1,3,1,2.2051671,0,4,2.9209828
29,5,12,13201,0,0,60,0,0,0,3,3,1.2075,1,4,3.4227774
35,5,17,13124,0,3,90,1,0,1,3,1,3.1270001,1,4,1.0840516
79,3,12,13122,1,1,60,1,1,0,2,4,2.995362,1,4,1.7813998
36,5,17,13301,0,2,10,0,0,1,3,1,2.196666,1,2,3.2521546
53,6,8,13401,0,0,60,1,0,1,2,3,.99333298,0,3,3.5445015
29,1,17,13114,0,0,110,0,1,0,3,1,3.1952679,1,4,2.0737469
32,5,12,13127,1,1,30,1,0,1,3,3,2.3026919,0,5,1.0840516
38,6,16,13102,0,1,30,0,0,1,2,1,.89999998,1,2,1.7492887
51,5,13,13117,0,2,80,1,0,1,3,4,.97950202,1,3,2.0201612
44,3,17,13120,0,0,30,1,0,0,3,1,4,1,1,1.0840516
40,5,12,13125,0,0,50,1,1,1,3,3,2.158833,0,5,3.7572532
47,5,16,13201,0,0,120,1,1,1,2,4,1.268333,1,2,1.9346724
25,6,16,13106,0,0,30,0,0,0,2,4,.89999998,0,2,1.4662199
19,5,13,13129,0,0,30,1,1,0,3,4,.399721,0,3,2.3522806
55,5,8,13202,0,0,10,0,0,1,4,4,1.551159,1,3,1.3182778
55,5,6,13201,1,2,90,1,1,1,4,4,2.875334,1,4,4.1474938
31,5,20,13114,0,0,35,1,0,0,3,1,8.2883329,1,3,1.6334578
21,5,10,13119,0,0,120,0,0,1,3,2,1.0599999,0,2,2.0737469
27,6,11,13107,0,1,30,0,0,1,3,2,1.21,0,3,1.7278141
53,3,8,13110,0,1,90,1,1,0,4,4,.454166,0,2,3.2113843
46,5,15,13601,0,3,120,0,0,1,3,1,1.217357,1,2,2.6410906
30,5,6,13115,0,0,60,0,0,0,3,4,.94999999,0,2,3.1577983
73,5,3,13404,0,0,30,0,0,1,3,2,1.168111,0,2,4.3362064
22,5,12,13115,1,1,60,1,1,0,3,2,1.040826,0,4,1.2319936
25,6,12,13116,0,0,60,1,0,0,3,4,1.8,0,4,2.4023294
58,5,12,13112,0,0,90,1,1,0,4,4,1.52,0,2,2.0826144
42,6,8,13604,1,2,5,0,0,1,3,4,.574449,1,2,1.0840516
34,6,12,13107,0,0,40,1,0,0,3,1,1.897,0,4,2.9598076
20,3,14,13101,0,0,10,0,0,0,3,2,1.385861,0,4,4.3362064
42,6,12,13103,0,0,45,1,0,1,3,4,1.565679,0,3,1.9293419
48,7,12,13403,0,0,5,0,0,0,2,2,1.831439,1,3,1.4662199
38,5,12,13101,0,0,30,1,1,0,4,4,.56999999,0,1,1.0840516
71,5,6,13103,0,0,10,0,0,0,2,3,.68275398,0,1,3.7058463
44,5,8,13124,0,0,20,0,0,1,3,3,.5,0,4,3.0634422
32,6,12,13604,1,1,60,1,0,1,3,4,2.398417,1,2,1.6415299
20,6,14,13504,0,0,90,1,0,0,3,2,1.6,1,4,1.6334578
39,6,12,13122,1,0,45,1,0,1,3,3,.56999999,1,2,2.1600311
27,6,10,13126,0,0,90,1,0,0,3,2,1.198333,0,2,1.9258047
37,5,16,13115,1,2,90,1,1,1,3,1,2.1021099,1,2,1.9346724
22,5,12,13124,0,0,30,0,1,0,3,4,1.209583,0,3,3.2521546
60,6,6,13116,0,0,30,1,1,0,3,4,1.153834,0,2,2.4559152
62,5,10,13119,0,0,70,1,0,0,3,2,.85799998,0,2,1.7813998
39,2,17,13119,0,1,40,1,1,1,1,1,3.2,1,2,2.1681032
53,5,15,13110,1,0,60,1,1,0,3,1,2.3499999,1,3,1.6334578
67,5,9,13402,0,0,30,1,0,1,3,4,2.5429161,1,4,1.7049811
41,5,12,13125,0,1,60,1,0,1,3,2,1.116307,0,2,2.1909361
26,4,12,13122,0,0,75,1,0,0,3,4,.966667,0,4,2.6637712
48,5,13,13501,0,0,20,0,0,1,3,3,.86504197,0,4,4.2418499
28,5,12,13110,0,0,15,1,0,0,3,3,1.25225,0,2,2.2498524
49,5,15,13124,0,0,45,0,0,1,3,2,2.01,1,5,1.7049811
50,5,12,13401,0,0,30,0,0,1,3,1,1.793571,1,3,1.8757561
46,2,12,13501,0,0,25,0,0,1,2,1,6.5072498,1,4,1.0840516
37,5,12,13129,0,0,30,0,1,0,3,1,.88481599,1,1,4.1474938
37,5,11,13101,0,0,90,1,0,1,3,4,1.130183,0,2,3.3022034
28,3,12,13401,0,1,20,0,1,0,2,2,1.550617,0,4,3.0634422
26,5,9,13404,0,0,30,0,0,0,2,4,.89891702,0,4,2.6003201
64,5,12,13101,0,0,30,0,0,1,2,4,1.98,1,3,2.0965798
28,5,13,13122,1,1,30,1,1,1,3,2,.95817,1,4,2.7890327
46,5,11,13115,0,0,30,1,1,0,2,4,1.14,0,3,4.1882644
45,4,12,13110,0,0,120,0,0,1,2,4,1.3150001,1,3,2.2798097
52,5,11,13127,0,2,30,1,1,1,1,3,1.46,1,2,1.9065089
27,2,17,13115,0,0,30,0,1,0,3,1,2.7349999,1,2,1.0840516
58,3,10,13102,0,0,5,0,1,0,2,4,1.665522,0,4,3.1075974
27,5,12,13105,0,1,15,0,1,0,3,2,.65239298,0,1,2.3160453
37,5,17,13605,0,0,25,0,1,1,3,1,2.46,1,2,1.5471736
46,6,15,13119,0,0,30,1,0,1,2,2,1.1,0,2,4.0403223
27,5,17,13128,2,0,120,1,0,1,3,1,1.681935,0,4,3.1577983
31,5,10,13111,0,1,120,1,0,0,3,4,.44999999,0,1,1.5278777
60,5,8,13119,0,0,150,0,0,1,3,3,.81999999,0,2,1.0840516
52,2,4,13402,0,0,30,0,0,0,2,3,.56586099,0,2,1.0840516
31,3,15,13402,1,1,30,1,1,0,3,1,2.6439171,0,6,2.3160453
44,6,13,13120,0,5,30,0,0,1,3,4,6.0971251,1,7,1.3182778
53,5,12,13201,0,0,120,1,0,1,3,4,1.27,1,2,1.7278141
48,6,7,13127,0,0,60,1,0,0,3,3,.95192099,0,4,1.8757561
54,6,9,13119,2,0,20,1,1,0,3,2,1.8567539,1,6,4.3362064
33,5,15,13111,1,1,105,0,1,1,3,2,2.832499,1,3,2.1099823
39,4,9,13102,0,1,30,0,1,1,2,2,.68569702,1,3,4.1474938
64,5,9,13119,0,0,90,1,0,1,3,3,1.36075,1,2,2.9155002
36,6,14,13106,0,0,10,0,0,1,3,4,1.0389169,0,2,1.9258047
33,3,12,13602,0,1,5,0,1,1,4,4,.885575,0,2,3.7379575
26,5,17,13118,0,0,60,1,1,0,3,1,7.916667,1,5,1.6334578
54,6,12,13604,0,1,35,0,0,1,3,2,1.511785,1,4,1.0840516
41,5,15,13119,0,0,30,1,1,0,3,4,1.193074,0,4,2.6312251
54,6,8,13112,1,1,10,0,0,1,2,2,1.257589,0,4,3.0634422
47,5,20,13113,0,1,20,0,1,1,3,1,3.4000001,1,3,1.0840516
27,4,12,13119,0,1,60,1,1,0,3,2,1.22,1,3,1.0840516
35,2,15,13602,1,0,10,0,0,1,2,2,1.718333,1,2,1.0840516
64,5,8,13110,0,0,80,1,1,0,3,4,1.48,0,2,4.1474938
37,5,12,13119,0,1,45,1,0,1,3,4,1.032284,0,2,2.1019104
24,1,16,13601,0,0,60,1,0,0,2,1,2.4888611,1,4,1.7867303
54,6,10,13122,0,0,60,1,1,1,3,4,1.25,0,3,3.2976685
36,5,19,13120,0,1,40,0,0,1,3,1,7.1491661,1,2,2.0236981
31,5,3,13125,2,0,60,1,1,1,3,4,1.807305,0,4,1.1784078
34,5,17,13109,2,0,60,0,1,1,3,1,2.8499999,1,2,2.483283
55,6,12,13102,0,0,30,1,0,1,3,4,2.881053,1,3,2.3160453
28,5,16,13126,0,1,45,1,1,0,3,2,.75999999,1,2,2.4604502
60,6,12,13119,0,0,90,1,0,1,3,2,1.465416,1,2,1.3263499
41,6,12,13112,1,3,40,1,0,1,3,2,.80000001,0,3,2.7129743
58,6,9,13122,0,1,30,1,0,1,3,4,2.4508359,1,3,1.7412165
24,5,15,13107,2,0,90,0,0,1,3,3,3.1689999,1,10,3.2521546
38,5,12,13501,0,1,60,0,0,1,2,3,.75,0,3,1.2319936
65,5,10,13111,0,0,40,0,0,1,3,4,2.183167,1,2,4.1474938
59,5,13,13201,0,0,30,0,1,0,3,1,.69499999,1,2,1.6106248
36,5,11,13125,1,0,40,0,0,1,3,4,1.183,0,2,2.1019104
33,6,14,13108,0,0,60,1,0,0,3,1,1.26557,0,3,3.2521546
28,5,12,13106,0,1,60,1,0,1,3,3,2.477726,0,5,1.6334578
33,5,12,13103,0,0,90,1,1,1,3,4,1.083177,0,2,3.0634422
64,3,9,13201,0,0,15,0,1,0,2,2,.853333,1,3,2.8619142
45,5,18,13115,0,3,20,0,0,1,3,1,16.780416,1,3,1.0840516
39,3,16,13101,0,0,60,1,1,0,3,1,.73166698,0,1,1.3182778
24,5,12,13124,0,1,30,0,1,0,3,2,.94014698,0,4,3.1760964
36,6,12,13108,0,2,60,1,1,0,3,2,.68933302,0,1,1.3182778
34,5,17,13130,0,0,40,1,0,1,3,1,5.8466659,1,2,1.0840516
68,7,2,13108,0,0,5,0,0,0,2,2,1.52,1,3,2.2043386
57,5,12,13105,0,0,15,0,1,1,3,2,1.4,1,2,2.1681032
50,2,12,13118,0,0,30,0,0,1,2,4,3.2,1,4,2.4966855
28,3,17,13601,0,0,60,0,1,0,3,2,3.6199999,1,5,2.8524837
48,6,10,13112,0,0,120,1,0,1,3,3,1.2,1,3,2.8654513
40,5,12,13401,1,0,90,1,1,0,3,2,.98816198,0,4,4.1474938
51,5,19,13132,0,0,15,0,1,1,3,1,5.1833329,1,4,1.0840516
52,5,13,13107,0,0,60,1,1,0,3,1,1.636584,1,2,3.2212496
17,6,12,13101,2,0,60,1,0,0,3,4,1.98,0,4,3.1676638
46,5,19,13114,0,1,40,1,0,1,3,1,3,0,2,1.0840516
55,6,8,13402,0,0,30,0,0,1,3,4,1.71,0,4,1.6415299
51,2,18,13114,0,1,17,0,1,1,3,1,11.34,1,4,1.3182778
36,5,12,13104,0,0,30,1,0,1,2,3,.80000001,0,2,4.3362064
32,10,17,13130,0,0,15,0,1,1,3,1,4.1525002,0,2,2.0644686
48,5,15,13110,0,0,15,0,1,1,3,1,4.5163341,1,4,2.2579243
61,2,16,13203,0,0,5,0,1,0,2,2,1.698667,0,4,1.6334578
48,5,12,13112,0,0,60,1,1,0,3,2,2.6800001,1,4,1.8028744
25,5,12,13119,0,0,120,1,0,0,3,1,.95890898,0,3,2.1681032
40,5,16,13125,0,1,5,0,1,0,3,1,1.454167,1,1,1.789472
56,6,12,13128,0,1,30,1,0,0,3,4,.94099998,0,6,2.954325
50,5,12,13604,0,0,10,0,0,1,3,4,1.7811691,1,3,2.5502715
59,5,17,13119,0,0,15,1,1,0,3,1,2.4549999,0,2,2.5002227
54,7,12,13106,0,0,5,0,1,1,2,2,1.603917,1,2,2.8426185
33,5,12,13605,1,2,20,1,1,1,3,2,1.4663351,1,3,1.3992316
43,5,18,13110,0,2,90,0,0,1,3,1,6.1350002,1,2,1.8891586
31,5,17,13401,0,0,90,1,0,1,3,1,4.169333,0,2,1.5605761
41,2,16,13112,0,1,90,0,0,1,3,1,3.0756669,1,3,2.5329211
25,5,14,13127,1,2,15,1,1,1,3,2,2.3733339,1,4,2.1019104
58,6,13,13101,0,0,15,0,0,1,3,3,1.0237499,0,3,4.3362064
44,5,16,13110,0,1,50,1,0,1,3,2,1.7,1,2,1.6334578
31,5,11,13112,0,2,120,1,0,0,2,3,.95999998,1,7,3.9051952
31,5,17,13301,0,0,30,0,1,0,3,1,1.65,0,1,2.1681032
46,1,17,13109,0,1,90,1,0,1,3,1,1.199999,1,3,3.4227774
59,3,8,13401,0,0,15,0,1,0,2,2,.41999999,0,1,3.2521546
38,5,20,13114,0,0,90,1,0,1,3,1,1.9125,0,2,1.9620403
31,5,18,13110,0,0,20,0,0,0,3,1,1.261667,0,1,1.6334578
64,5,14,13119,0,0,60,0,0,1,3,1,1.3664171,1,3,1.2319936
32,7,12,13501,1,1,15,0,1,1,3,4,1.6613179,1,2,1.0840516
25,5,17,13122,0,0,60,0,0,0,3,4,.97808403,0,2,1.6106248
24,4,12,13101,0,0,60,1,0,0,3,2,1.88,0,5,3.1904967
24,5,12,13105,0,1,90,1,0,0,3,3,1.241993,1,4,3.1577983
25,6,12,13110,0,1,60,1,0,0,3,4,1.084865,1,3,3.5445015
53,6,8,13131,0,0,80,1,1,1,3,4,1.124778,0,4,1.0840516
42,12,10,13120,0,0,15,1,0,1,3,4,1.29475,0,4,1.0840516
59,6,12,13115,0,0,20,0,0,0,3,4,1.4349999,0,3,3.1577983
31,2,20,13113,0,1,30,1,1,0,3,1,17.448336,1,5,1.1784078
55,5,12,13201,0,0,90,1,1,0,3,4,1.184167,0,2,2.2305565
60,5,19,13120,0,0,30,1,0,1,3,1,4.8483329,1,2,1.7278141
43,4,23,13120,0,2,15,0,1,1,3,1,7.1291671,1,2,1.0840516
28,5,10,13603,0,0,40,1,1,1,3,4,.65903097,0,2,1.0840516
51,6,12,13402,0,0,120,0,0,1,3,4,1.0787849,1,5,2.5140359
32,5,12,13119,0,1,60,1,1,0,3,2,1.24,0,3,1.5471736
40,5,18,13130,0,0,60,1,0,0,3,1,1.808333,1,1,3.364809
37,3,10,13201,0,1,30,0,1,0,2,2,.36000001,0,3,3.8189111
31,5,15,13201,0,3,40,0,1,0,3,1,.89833301,1,1,1.867684
35,5,15,13124,1,1,60,1,0,1,3,1,.99000001,1,2,2.4787481
26,6,13,13402,0,0,6,1,1,1,3,1,.023917001,0,2,3.2521546
46,6,7,13124,0,0,30,0,0,0,2,2,1.41,1,3,2.8573792
32,5,17,13402,0,0,90,0,1,1,3,1,2.4015,1,2,1.412634
25,5,16,13129,0,0,90,1,0,0,3,4,2.9250259,0,3,1.0840516
24,5,17,13404,0,0,30,0,0,0,3,1,1.693917,1,3,1.0840516
23,6,14,13301,0,1,60,1,0,0,3,4,2.163152,1,4,2.4752109
33,5,12,13401,0,1,15,0,1,0,3,1,.87004298,0,1,3.6343229
45,5,12,13202,0,1,15,1,1,1,3,4,1.96,1,3,1.3182778
45,6,9,13401,0,0,60,0,1,0,3,4,1.5200599,1,3,3.2113843
20,6,15,13112,0,0,60,1,1,0,3,4,1.1,0,3,3.7072046
68,5,10,13601,0,0,20,0,1,1,3,2,1.886167,1,3,1.7867303
29,4,17,13123,0,0,30,0,1,0,3,1,1.7,1,2,1.0840516
27,5,17,13129,0,0,45,1,0,1,3,1,2.2217081,0,3,2.0335636
51,2,16,13130,0,1,30,0,0,1,3,1,8.7476673,1,2,1.0840516
34,5,16,13119,0,0,60,0,0,0,3,1,3.8514161,1,4,1.412634
54,5,17,13113,0,0,60,0,0,1,3,1,1.636,1,5,2.1962664
25,6,15,13302,0,0,30,0,1,0,3,1,.76821101,1,3,4.2418499
33,6,17,13114,0,0,20,0,0,1,2,4,.029167,0,2,1.412634
56,5,12,13101,0,0,40,1,1,1,3,1,3.272501,1,5,1.5069903
73,5,8,13118,0,0,10,0,0,1,2,4,1.199556,1,3,1.5605761
42,2,12,13102,0,0,30,0,0,1,2,2,.94999999,0,3,1.7948023
56,5,16,13128,0,0,20,0,1,1,3,1,1.25,0,2,3.3906662
28,7,12,13106,0,1,20,0,0,1,2,4,.93000001,0,4,2.2677898
42,6,3,13110,0,3,10,0,1,0,2,2,.51161098,0,2,1.2319936
54,1,8,13103,0,1,90,1,1,1,4,4,1.096447,1,3,3.0634422
35,6,15,13110,0,1,90,1,0,1,3,2,4.0733328,1,2,1.412634
29,5,17,13120,0,0,50,1,1,1,3,1,2.0666671,1,2,1.412634
46,5,17,13131,0,2,25,1,0,1,3,1,3.323333,1,2,2.7844977
54,3,12,13105,1,0,120,1,1,0,4,4,.79877299,0,4,2.2305565
22,6,12,13119,0,0,60,0,0,0,3,1,.95869499,1,4,1.1784078
22,4,14,13101,0,0,105,1,0,0,3,2,2.042501,0,3,1.9927931
30,5,4,13111,1,1,60,1,1,1,3,4,.98333299,1,2,1.2319936
52,5,4,13115,0,0,10,0,1,1,2,4,.5,0,2,1.3799356
48,5,17,13123,0,0,15,0,0,1,3,1,2.7,1,4,1.7278141
62,5,12,13201,0,0,60,0,0,1,3,1,3.1500001,1,4,1.2319936
59,2,8,13103,0,0,120,1,1,1,4,4,2.2037511,1,4,2.3079731
53,5,12,13401,0,2,25,0,0,1,3,4,4.5583329,1,3,1.0840516
44,5,18,13113,1,2,45,0,0,1,3,1,3.383333,1,2,1.0840516
34,5,17,13116,0,0,45,0,0,0,3,1,.94999999,1,2,2.1769707
70,4,12,13122,0,0,45,1,1,1,3,4,1.568333,0,4,1.867684
42,5,17,13130,0,1,30,0,1,0,3,2,.91439301,1,4,3.2521546
26,5,17,13122,0,0,30,1,0,0,3,1,.350584,0,3,1.1784078
46,6,12,13124,0,0,20,1,1,0,3,4,.69999999,0,1,2.7482622
27,5,17,13113,0,0,45,1,1,0,3,1,2.3,1,3,1.3182778
19,1,12,13113,0,0,30,1,1,0,3,2,5.1833329,1,3,1.1784078
62,6,10,13121,0,0,30,1,0,1,2,4,.50391698,0,2,2.9905605
51,6,12,13119,0,0,90,1,0,1,3,2,1.6599081,0,3,1.867684
25,6,12,13108,0,0,30,1,1,1,3,4,2.1300001,0,4,1.0840516
55,7,12,13502,0,0,30,0,0,0,3,1,3.1961579,1,6,2.6003201
31,6,17,13119,0,0,20,0,0,1,2,1,5.1541662,1,2,3.2521546
35,6,12,13106,0,0,90,1,0,1,3,1,1.191318,0,2,2.9789512
49,3,12,13107,0,0,10,0,0,0,1,3,.85000002,1,3,4.0531373
79,5,12,13402,1,1,20,0,0,1,3,1,1.870393,1,5,4.0531373
38,6,12,13108,0,0,30,1,1,0,3,4,.39475,0,1,2.0201612
44,5,12,13110,0,0,100,1,0,0,3,2,.63975,0,3,2.6866043
57,5,10,13105,0,0,80,0,0,1,3,3,.85000002,1,4,1.3182778
31,4,12,13103,0,1,30,0,0,1,2,4,.78736299,1,2,1.0840516
37,4,12,13201,0,1,60,1,1,1,1,2,.037500001,0,4,2.1681032
47,5,15,13126,0,0,40,1,1,1,3,2,1.708333,0,2,1.0840516
30,5,14,13120,0,0,30,1,1,0,3,1,2.978334,1,3,2.0201612
42,6,12,13118,0,0,15,0,0,0,3,2,1.759501,1,3,2.6812737
30,5,16,13108,0,0,45,1,1,0,4,4,1.2,0,3,1.0840516
35,5,12,13102,2,0,120,1,1,1,3,2,1.254442,0,4,2.0201612
63,3,8,13126,0,0,30,0,1,0,4,4,.42475,0,1,4.1474938
47,5,16,13124,0,0,30,0,0,0,3,2,0,1,3,2.1681032
40,12,17,13110,1,0,60,1,0,1,3,1,3.664166,0,2,2.4886136
27,5,11,13201,0,0,15,0,1,1,3,3,.83749998,1,2,3.0246172
25,6,12,13501,0,0,5,0,0,0,2,3,.97959399,1,3,2.4295449
40,12,16,13404,1,2,20,0,0,1,3,3,2.5,1,2,1.0840516
62,5,11,13114,0,0,45,1,0,1,2,3,.77593499,0,3,2.9789512
55,6,12,13401,0,0,60,1,0,1,2,3,1.0204999,1,3,4.0531373
60,5,13,13110,0,0,90,0,0,1,3,1,2.820833,1,4,1.0840516
58,5,15,13114,0,0,30,1,1,1,3,1,5.5119171,1,4,3.0179284
68,5,22,13113,0,0,60,1,0,1,3,1,9.0249996,1,3,1.6106248
37,5,16,13120,0,0,5,0,1,0,3,1,1.454167,0,1,1.6334578
33,4,8,13201,1,2,60,1,1,0,3,2,.63448203,0,1,3.0634422
39,5,13,13119,1,0,120,1,1,0,3,2,1.041667,0,2,1.0840516
50,5,12,13101,0,0,90,1,1,1,4,4,.829166,1,3,3.5592625
35,3,16,13402,1,0,120,0,0,1,3,1,2.416667,1,2,1.0840516
46,4,14,13101,0,0,30,0,0,0,2,1,.466667,0,1,2.0201612
55,5,11,13202,0,0,45,0,0,1,3,3,1.0599999,1,3,1.0840516
28,4,17,13103,0,0,20,0,1,1,3,1,1.6739171,1,2,2.9155002
43,5,15,13201,0,0,90,1,1,0,3,1,1.0904191,0,3,1.0840516
51,6,12,13604,0,0,60,0,0,1,3,4,1.177736,1,5,2.1019104
72,4,4,13119,0,0,10,0,0,1,1,2,.41,0,3,3.1042125
42,2,22,13120,1,1,120,0,0,1,3,1,19.067333,1,2,1.1784078
21,1,14,13119,0,0,60,1,0,0,3,1,7.4000001,1,3,3.3112233
51,5,18,13118,0,0,45,1,0,0,3,1,2.5625,1,2,1.614162
28,3,12,13201,0,0,120,1,1,1,1,2,1.15,1,2,2.3160453
61,5,8,13126,0,0,20,0,1,1,3,3,.59500003,0,2,2.6946764
69,6,12,13127,0,0,20,1,1,0,2,2,1.919371,0,2,3.1225107
32,6,8,13114,0,1,30,0,0,0,3,4,2.116864,0,7,3.0153391
32,5,17,13116,1,1,30,1,1,0,3,1,.91328502,0,2,2.8426185
62,5,4,13102,0,0,120,0,0,0,2,3,2.6500001,1,4,3.2521546
74,5,6,13105,0,0,30,1,0,1,3,3,1.298619,0,2,1.3992316
34,7,15,13110,0,1,60,1,1,1,2,2,2.2166669,1,2,1.0840516
62,2,7,13111,0,0,120,1,1,1,4,4,1.978,1,2,3.2249391
44,5,19,13120,0,2,30,0,1,1,3,1,3.73225,1,2,2.4966855
42,2,12,13111,0,1,60,0,0,1,2,4,.93953001,1,4,3.7058463
47,6,8,13109,0,0,45,1,0,0,3,2,1.680179,0,3,1.412634
21,6,12,13131,0,0,50,1,1,1,3,2,3.6010001,1,5,3.0634422
52,5,16,13120,0,0,45,0,0,1,3,1,5.3706679,0,3,2.1681032
35,5,16,13101,0,0,15,0,0,0,3,2,5.7466669,1,4,3.0098562
39,5,12,13602,0,0,30,0,0,0,2,2,.56999999,1,3,3.4456105
30,5,17,13127,0,0,105,1,1,0,3,2,.987445,0,2,2.7844977
28,2,17,13125,0,0,60,1,0,1,3,1,1.708334,0,2,4.1474938
44,7,12,13125,0,1,60,0,0,1,3,4,.989393,1,2,2.137198
44,6,12,13201,0,1,30,1,1,1,3,1,2.2402539,1,4,1.7993373
34,5,17,13106,0,0,40,0,1,0,3,1,6.5366669,1,3,1.412634
63,5,12,13110,0,0,120,0,0,0,3,1,2.9580829,1,5,2.2986948
42,5,15,13119,1,1,30,0,1,1,3,1,.96066701,1,2,1.5471736
38,5,17,13101,0,0,10,1,1,1,2,2,.74000001,0,3,4.0403223
24,6,12,13127,0,1,30,0,1,0,3,2,1.336177,0,6,3.1760964
30,7,13,13117,0,0,15,0,1,0,2,2,1.5880001,1,4,3.7572532
47,6,15,13124,0,0,60,0,1,0,3,1,1.26,0,2,1.9927931
67,5,8,13301,0,0,45,1,0,1,2,3,1.475722,0,3,3.0634422
16,1,10,13111,1,1,10,0,1,0,2,2,1.402351,1,3,2.2579243
39,5,15,13121,0,2,60,1,1,0,3,1,1.25,0,5,2.3696311
60,5,18,13126,0,0,60,1,1,0,3,1,2.9043331,1,3,1.0840516
49,5,12,13201,0,1,30,0,1,0,2,4,.23,0,1,4.3362064
37,5,12,13302,0,2,30,0,0,0,3,4,2.7402539,1,3,4.0531373
31,5,17,13101,0,0,9,1,0,0,1,1,.89999998,0,1,1.0840516
54,3,14,13401,0,0,60,1,1,0,3,2,1.123917,0,4,2.1635683
32,12,9,13119,0,0,30,1,0,1,3,4,.90282601,0,2,4.2418499
45,5,12,13112,0,0,120,1,0,0,3,3,1.95,1,5,2.4277518
32,6,15,13125,2,0,30,1,1,1,3,4,1.807305,0,4,1.1784078
27,5,16,13120,0,0,50,1,1,0,3,1,.69999999,1,2,1.4935879
58,5,8,13116,0,0,90,1,1,1,3,4,.69999999,0,2,3.0634422
65,3,12,13110,0,0,120,1,1,0,4,4,1.69225,1,4,1.3182778
65,3,19,13120,0,0,25,1,0,0,3,1,7.103334,1,2,1.6106248
28,5,12,13112,0,0,75,1,0,1,3,2,.70391703,0,3,3.2521546
74,6,10,13104,0,0,15,1,0,1,3,2,1.35,1,2,1.0840516
24,6,12,13126,0,0,15,0,0,0,2,4,2.0699999,1,4,2.9870234
34,6,10,13605,1,1,60,0,0,1,3,2,1.660193,0,5,1.0840516
31,5,17,13201,0,0,60,0,0,1,3,1,2.3050001,1,2,3.2521546
38,5,19,13120,0,0,60,0,0,1,3,1,7.0526681,1,2,1.0840516
68,1,5,13301,1,1,60,0,1,0,4,4,1.981841,0,5,2.452378
29,6,15,13124,0,0,60,1,1,0,3,2,1.806667,1,2,2.2579243
52,5,11,13201,0,0,60,1,1,0,3,4,1.02,0,2,2.0737469
59,5,19,13101,0,0,5,0,0,0,3,1,2.0558331,0,1,3.2521546
33,5,12,13119,0,0,75,1,1,1,3,2,2.1199999,1,3,3.2521546
42,6,9,13503,0,1,60,0,0,1,3,4,1.274137,1,2,1.2319936
56,1,10,13105,1,1,60,1,0,0,2,3,1.674606,0,6,2.1635683
27,5,17,13119,0,0,20,0,1,0,3,1,1.11,1,1,1.2319936
29,6,12,13605,0,1,20,0,0,1,3,2,1.6683379,0,4,1.7813998
23,6,8,13201,2,1,90,1,1,0,3,3,2.009053,0,4,3.2247868
46,5,12,13128,0,0,40,0,0,1,3,4,1.1789171,0,5,2.1019104
49,5,14,13115,0,0,60,1,1,1,3,4,.53500003,0,2,2.1681032
65,5,11,13119,0,0,40,1,0,1,3,3,.99586099,0,2,1.3182778
60,5,3,13401,0,0,10,0,0,1,3,3,1.502269,0,3,2.0826144
43,5,15,13501,0,0,30,0,1,0,3,1,.8125,0,1,1.0840516
62,5,12,13124,0,0,45,1,1,1,3,2,7.0241671,1,7,2.992506
24,5,15,13120,0,0,40,0,0,1,3,2,2.0666671,1,2,1.412634
56,5,19,13131,0,1,45,1,0,1,3,1,2.9974999,0,2,3.2212496
31,5,12,13115,0,0,15,0,0,0,3,2,1.3941669,0,2,2.7890327
19,5,12,13119,1,1,15,0,0,0,3,4,1.465,1,3,1.0840516
45,6,6,13604,1,0,45,0,0,1,1,3,1.5,1,6,1.6106248
48,7,12,13302,0,0,5,0,1,1,2,2,1.023917,1,2,3.4591653
69,5,3,13503,0,0,10,0,1,0,3,4,1.4597059,0,2,2.1600311
33,5,12,13302,1,0,15,0,1,0,3,2,1.377736,1,3,3.0634422
41,6,12,13201,0,1,30,0,0,1,3,3,1.275,1,2,1.0840516
38,5,17,13132,2,0,15,0,1,1,3,1,7.166667,1,2,1.0840516
57,2,15,13201,0,3,30,0,0,1,3,2,.30000001,0,4,3.0634422
52,5,12,13121,0,0,50,0,0,1,3,1,2.9398329,1,5,2.0790772
31,5,15,13605,1,1,40,0,0,1,3,1,1.35,1,2,1.0840516
45,6,9,13501,0,1,30,0,0,1,3,3,.80713302,1,3,4.1474938
34,2,11,13401,0,1,60,1,1,1,2,4,1.268569,0,4,3.2521546
61,3,8,13103,0,0,120,1,1,0,2,4,1.344167,0,2,2.4330821
62,5,12,13107,0,0,90,1,0,1,3,3,1.314167,0,3,3.0634422
67,6,8,13114,0,1,45,1,1,0,3,4,1.2927999,0,4,3.6307857
65,5,9,13117,0,0,120,1,0,1,2,3,1.71,0,5,4.3362064
31,5,12,13402,0,1,45,0,0,1,3,4,.51720899,0,2,3.2748353
59,5,4,13401,0,0,120,1,0,0,3,4,.84500003,0,3,2.9964538
36,5,15,13129,1,0,20,1,1,1,3,1,2.0966671,0,2,1.9258047
46,5,10,13401,0,0,75,1,1,1,3,4,1.6,1,2,3.4635479
26,2,17,13105,0,1,45,1,0,0,3,4,1.0974669,0,3,3.9995515
49,6,12,13122,0,0,60,0,0,1,3,1,3.5558331,1,5,3.8189111
34,5,16,13119,1,1,90,1,0,1,3,1,1.116667,1,2,1.6468602
57,2,9,13103,0,0,10,0,1,1,2,2,1.3,1,3,3.1268933
56,6,15,13122,0,0,45,1,1,1,3,1,.78474998,1,2,2.5829697
65,5,12,13124,0,0,120,1,1,0,3,1,.66886097,0,2,1.7278141
27,6,12,13108,0,1,15,0,1,1,3,1,1.2,1,2,3.2521546
38,6,14,13126,0,1,20,1,0,1,3,4,1.838903,0,3,2.9155002
32,6,12,13106,0,0,40,1,1,1,3,2,.792916,1,2,2.182864
47,5,17,13123,0,0,35,1,0,1,3,1,1.276666,1,2,1.0840516
47,5,13,13113,1,0,30,0,0,1,3,2,1.776667,1,2,1.9293419
62,6,7,13203,1,0,60,0,0,1,2,2,1.668944,1,4,1.0840516
30,5,16,13119,0,1,30,1,1,1,3,1,2.522758,1,2,1.3799356
37,5,19,13110,0,0,45,0,0,0,3,1,1.108333,1,1,2.2579243
60,5,15,13119,0,0,75,1,1,0,3,2,1.515584,0,1,2.1635683
29,5,1,13113,1,0,10,0,0,1,3,3,.930834,1,2,1.0840516
26,7,15,13120,0,0,30,1,0,0,3,1,1.4,1,5,1.0840516
41,5,12,13107,0,1,80,1,1,1,3,4,2.0004759,1,5,3.9459658
56,5,17,13130,0,0,30,0,1,1,3,1,6.7119932,1,4,1.3182778
53,10,13,13117,0,1,50,0,0,1,3,3,1.393333,0,5,1.5471736
24,5,17,13119,0,2,15,0,0,0,3,1,2.75,1,3,1.3182778
21,5,9,13201,0,0,20,0,0,0,3,2,1.0904191,0,3,1.0840516
29,5,12,13122,0,0,60,1,0,1,3,3,1.6875,0,2,2.5502715
55,6,12,13106,1,1,20,1,1,0,3,3,1.641737,0,3,1.8483882
23,6,13,13122,0,2,25,0,0,0,3,2,2.8,1,3,1.7278141
58,3,12,13117,0,0,5,0,1,0,2,4,.798334,0,2,1.5525041
40,5,17,13123,0,0,40,1,1,1,3,1,5.2754169,0,2,1.9258047
33,5,12,13101,0,2,20,1,1,1,3,4,1.018917,0,2,2.3079731
32,6,12,13124,1,0,120,1,1,0,3,1,1.825667,0,5,1.614162
54,6,17,13109,0,0,60,0,0,0,2,3,1.2,1,1,3.2212496
36,7,12,13303,0,0,10,0,0,0,3,4,1.199726,1,3,2.137198
68,5,6,13603,0,1,20,0,0,1,3,4,2.1655779,1,4,2.9789512
35,5,15,13114,0,0,60,1,1,0,3,1,2.1500001,0,2,2.5368688
43,2,17,13109,0,0,20,0,1,1,2,2,4.9433331,1,3,1.4935879
44,4,13,13119,1,0,30,0,1,0,2,2,.98772699,1,2,2.3581741
62,5,17,13401,0,0,30,1,1,1,3,1,2.9000001,0,4,2.1681032
46,5,18,13401,0,0,60,0,0,0,3,2,2.121861,1,3,2.4559152
71,4,12,13127,0,0,40,0,0,1,3,2,1.598,0,3,2.6083922
61,5,21,13123,0,0,60,0,0,0,3,1,4.8558331,1,3,1.0840516
66,4,13,13129,0,0,10,0,0,0,2,3,.46000001,0,1,1.7004461
37,2,18,13114,0,0,40,0,0,1,3,1,7.1689992,1,2,1.5069903
43,1,18,13120,1,1,60,0,0,1,3,1,6.6083331,1,2,1.6468602
48,7,12,13502,0,1,10,0,0,1,3,4,1.7659,1,4,1.0840516
63,3,3,13116,0,0,30,0,0,0,2,2,.75,1,2,3.0098562
62,6,12,13201,0,0,30,1,1,1,1,1,6.4754162,1,4,1.844851
21,6,12,13122,0,0,40,1,1,0,3,4,1.073,0,3,3.2620201
60,5,9,13119,0,0,60,0,0,1,2,3,1.103917,1,2,3.117615
48,5,17,13201,0,0,15,0,1,1,3,1,6.6965008,1,3,1.0840516
37,6,14,13130,0,3,25,1,1,0,3,2,2.2327361,1,4,4.3362064
54,5,15,13119,0,0,80,1,1,0,3,1,.465,0,2,1.3182778
24,5,8,13201,0,0,60,1,0,0,3,2,1.9014961,1,5,1.9029717
53,5,19,13115,0,0,30,0,0,1,1,1,5.46,1,6,1.7004461
60,5,3,13403,0,3,5,0,0,1,3,4,.81705999,1,3,3.6093111
35,5,1,13501,0,0,20,0,0,1,3,3,1.6,0,3,4.3362064
56,5,16,13110,0,0,90,0,1,1,3,1,6.6816659,1,4,1.7278141
25,5,12,13101,0,0,90,1,0,0,3,3,2.2641671,0,3,1.1784078
50,3,8,13130,1,1,60,1,1,0,4,4,.68032598,0,2,1.614162
58,5,12,13605,0,1,40,0,0,1,3,4,4.3000002,1,3,1.0840516
29,3,12,13114,0,2,60,1,1,0,3,2,1.920803,1,5,3.7572532
32,6,15,13501,0,1,90,0,1,0,3,3,1.394575,1,2,2.4787481
42,5,18,13101,0,0,45,1,0,0,3,1,1.816667,1,1,2.335341
50,6,15,13201,1,0,120,1,1,0,3,1,.73517799,0,3,2.4559152
34,5,18,13126,0,0,30,1,0,0,3,2,2.9043331,1,3,1.0840516
71,3,12,13128,0,0,10,0,1,1,2,2,.73299998,1,2,4.3362064
44,2,18,13114,0,2,50,1,1,1,3,1,10.4,1,2,1.0840516
21,3,13,13401,0,0,30,1,1,0,3,2,.35699999,0,2,2.5421994
49,5,17,13101,0,0,40,0,0,0,3,1,1.7,1,1,2.0201612
67,4,6,13107,0,2,20,0,0,1,2,3,2.8343561,1,4,3.0768447
29,5,19,13132,0,0,15,0,0,0,3,1,1.735,1,1,1.0840516
28,5,12,13101,0,0,30,0,0,0,3,3,.55000001,0,1,2.6946764
45,1,17,13114,0,2,20,0,0,0,3,1,13.2,1,3,1.6468602
49,5,17,13114,0,2,10,0,1,1,2,1,1.825,1,2,1.6106248
64,5,16,13114,0,0,60,0,1,1,2,4,2.3929999,1,2,1.6334578
54,2,10,13203,0,0,90,1,1,0,3,2,1.0539171,0,2,2.9562705
54,5,11,13401,0,0,90,1,1,1,3,1,2.2041669,0,2,3.89238
22,5,12,13105,0,1,90,0,0,0,3,3,1.4400001,1,2,2.0008652
38,5,20,13119,0,2,70,0,1,1,3,1,3.4849999,1,2,1.9701124
33,4,17,13130,0,0,40,1,1,1,3,1,5.6100001,1,2,1.8757561
49,5,19,13113,0,1,45,1,1,1,3,1,7.5310292,1,4,1.4935879
57,5,17,13502,0,0,40,0,1,0,3,1,3.1961579,1,6,2.6003201
25,5,16,13119,0,2,45,1,0,0,3,1,2.404583,0,5,3.1904967
29,5,17,13201,0,1,45,0,1,1,3,1,1.275,1,2,1.0840516
45,5,12,13401,0,1,10,0,1,1,3,1,1.380221,1,3,2.4693177
58,6,12,13119,0,0,60,0,0,0,3,2,1.558833,1,2,3.5807371
52,6,12,13404,0,0,3,0,1,0,4,2,1.082958,0,2,2.1099823
21,5,12,13201,0,0,60,1,0,0,3,2,1.27,1,2,1.2319936
45,5,12,13121,0,0,60,0,0,0,2,4,1.9400001,1,2,2.0737469
29,5,16,13126,0,0,60,1,0,0,3,1,3.2075,1,5,1.0840516
56,6,12,13202,0,0,10,0,0,0,3,4,.80416602,1,1,1.9346724
44,6,15,13117,0,1,2,0,1,0,3,2,1.462157,1,3,2.2270193
47,6,11,13302,0,0,90,0,0,1,3,2,1.876667,1,5,4.0531373
58,5,12,13119,0,0,120,1,1,0,3,2,2.1199999,1,3,3.2521546
54,5,12,13201,0,1,10,0,1,0,2,4,1.313695,0,5,2.483283
20,5,12,13605,0,0,30,0,0,0,3,3,.48883399,0,4,1.0840516
41,1,12,13124,1,0,10,0,0,0,2,2,1.42475,0,3,2.7890327
21,1,15,13501,0,0,20,0,1,0,3,4,1.261,0,2,1.3182778
30,6,12,13401,1,1,45,0,0,1,2,4,2.2611721,1,7,1.3182778
49,5,17,13130,0,0,30,0,1,1,3,1,5.4000001,1,4,1.0840516
21,5,15,13201,0,0,60,1,1,0,3,2,1.270833,1,5,3.2521546
41,5,12,13404,0,2,30,0,1,1,3,4,1.924449,1,3,1.7813998
30,5,12,13116,0,0,90,1,0,0,3,1,1.357528,1,4,3.7379575
73,7,18,13130,0,0,60,0,0,0,1,1,1.991197,1,1,2.0697989
64,3,7,13119,0,0,40,1,1,1,4,4,.89999998,0,2,3.7572532
47,5,12,13115,0,1,110,1,0,1,3,1,1.216544,0,4,2.3079731
47,5,14,13401,0,1,30,1,0,0,3,2,1.70008,0,4,3.0634422
25,5,15,13201,0,0,60,0,0,0,3,1,.99809998,1,2,1.3799356
68,3,13,13116,0,0,120,1,0,1,2,3,1.29276,0,3,1.762104
69,2,12,13201,0,0,60,1,1,0,4,2,.76036102,0,1,1.7948023
32,5,15,13201,0,0,90,1,1,0,3,1,7.4000001,1,6,1.0840516
57,1,12,13122,0,0,15,0,1,1,3,4,1,1,4,1.4662199
32,5,12,13108,0,2,40,0,0,0,3,3,2.7860701,1,4,1.9874626
24,5,16,13101,0,0,15,1,0,0,3,1,1.5,0,1,2.7482622
54,5,12,13110,0,0,60,0,0,1,3,1,2.3587501,1,4,2.5695672
36,5,12,13602,0,1,45,0,0,1,3,4,.885575,0,2,3.7379575
63,6,10,13501,0,0,120,0,0,1,3,4,1.926167,1,2,1.3799356
36,6,15,13119,0,1,60,0,1,0,2,3,.77499998,1,3,1.7358861
41,5,21,13401,0,1,60,0,1,0,3,1,6.5500011,1,2,1.0840516
24,6,17,13115,0,0,10,0,0,0,3,4,5.46,1,6,1.7004461
46,5,10,13111,0,1,60,1,1,0,4,4,1.155214,0,2,1.8529232
31,5,12,13116,0,0,20,1,0,1,3,3,1.265667,0,2,3.0634422
48,1,15,13118,0,0,60,0,1,0,2,2,5.6399999,1,3,2.0335636
56,5,16,13118,0,0,75,1,1,0,1,1,1.75,0,3,1.5605761
20,5,13,13131,0,0,90,1,1,0,3,1,1.926084,0,3,2.77563
46,6,17,13110,0,0,5,0,0,0,3,2,.50333297,1,1,1.0840516
44,5,15,13107,1,0,90,1,1,0,3,1,.68783402,0,6,1.0840516
29,5,19,13120,0,0,60,0,0,0,3,1,3.9233329,0,1,2.5695672
40,5,17,13121,0,0,30,0,0,0,3,2,1.415,0,2,2.0451727
32,7,15,13126,0,0,60,1,0,1,2,4,1.55,0,5,2.4657805
55,5,19,13115,0,0,20,0,1,0,3,1,0,1,4,1.0840516
72,6,12,13112,0,0,90,1,0,1,3,4,1.559194,0,3,2.221689
49,2,7,13110,0,0,30,1,1,0,4,4,.414408,0,2,2.9369748
51,5,8,13401,0,1,120,1,0,1,3,4,1.1900001,1,5,3.2521546
35,5,19,13101,1,0,35,1,1,1,3,1,2.675,1,2,2.4466369
23,5,12,13404,1,0,10,0,1,0,3,1,1.540834,1,3,1.3182778
22,5,12,13106,0,0,60,1,1,0,3,2,1.488333,0,4,2.9369748
50,6,12,13202,0,0,30,1,0,0,3,4,.59317797,1,3,1.3182778
57,6,15,13122,1,0,40,0,1,1,3,2,2.0041671,1,5,2.1681032
66,3,4,13202,1,0,60,1,1,0,4,4,1.543222,0,3,4.0939078
32,7,11,13103,0,2,45,1,1,0,3,2,.60000002,0,2,1.5525041
42,5,17,13122,1,1,45,0,1,1,3,3,2.964999,1,3,1.0840516
55,6,8,13111,0,0,45,1,0,1,3,4,1.603333,0,3,2.7482622
49,5,12,13115,0,0,40,0,1,1,3,2,3.624167,1,5,1.0840516
24,5,11,13104,1,4,60,1,1,0,3,4,1.7846971,1,3,2.6982136
69,6,6,13107,0,1,20,0,0,1,3,2,2.108139,1,4,2.0737469
45,5,6,13112,0,1,90,1,0,1,3,4,2.1800001,0,4,2.1681032
50,5,18,13132,0,0,30,0,1,1,3,1,7.3800001,1,4,1.0840516
20,2,14,13119,1,1,90,1,1,0,3,2,.16,0,5,3.2521546
28,1,15,13401,0,2,20,0,1,1,2,2,2.070564,1,4,1.9620403
45,5,14,13122,0,0,40,1,0,1,3,1,2.2763331,1,4,2.9789512
37,5,14,13114,0,0,15,0,1,1,3,1,11.95,1,2,2.384979
57,5,17,13130,0,0,25,1,1,0,3,1,3.0799999,1,2,2.1681032
45,3,16,13201,0,1,90,1,1,1,3,1,3.158993,1,5,1.7867303
22,3,17,13124,0,1,50,1,1,0,3,1,1.695833,0,3,2.0737469
26,3,13,13108,0,0,15,0,1,0,3,4,1.678334,1,5,1.5525041
60,5,16,13118,0,0,60,0,0,1,3,1,4.1916671,1,3,2.0697989
34,5,17,13119,0,0,90,1,0,0,3,1,1.60225,1,3,1.3182778
48,7,15,13201,0,0,80,0,0,1,3,3,1.5,1,4,3.0961404
28,5,13,13125,0,0,45,1,0,0,3,3,.5,0,1,1.6951157
38,6,15,13119,1,0,120,1,0,1,3,2,1.60895,0,2,2.1681032
42,4,12,13114,0,2,90,1,1,0,3,2,2.5297501,0,4,2.8833888
49,2,20,13113,0,1,15,0,0,1,3,1,9.2824993,1,3,1.5069903
20,3,14,13101,0,0,10,0,1,0,3,2,1.468393,0,3,4.2418499
52,5,8,13118,0,0,60,1,1,1,4,4,3.9458339,1,4,3.9051952
39,5,16,13119,1,1,60,1,0,1,3,1,3.183259,0,6,2.6946764
59,5,12,13201,0,0,90,1,1,0,3,2,.83080298,1,2,2.1099823
32,6,6,13106,0,3,90,1,1,1,3,2,.80000001,0,2,1.7412165
42,5,12,13110,0,0,45,1,0,0,3,1,1.512861,1,2,1.3992316
27,6,12,13605,0,1,30,0,1,0,3,4,1.16,0,1,1.1784078
32,6,13,13201,0,2,90,0,0,1,3,3,1.372784,1,2,3.1632812
42,6,15,13605,0,0,60,0,0,1,3,2,2.0999999,1,4,1.7278141
30,5,16,13126,0,0,20,1,0,0,3,1,2.53,1,4,1.867684
26,5,12,13402,1,1,60,0,0,0,2,3,1.465736,0,4,4.1474938
54,7,16,13115,0,0,50,0,1,0,2,2,4,1,2,1.3992316
67,5,2,13107,0,0,90,1,0,0,3,3,1.932055,0,3,1.614162
58,5,19,13125,0,0,40,1,1,1,3,1,2.3499999,1,4,3.9995515
32,3,19,13114,1,0,15,0,1,1,3,1,3.5966671,1,2,2.3388782
28,5,17,13114,0,0,30,0,0,1,3,1,5.1957502,1,2,1.0840516
43,5,17,13401,0,1,40,0,0,1,3,1,2.45,1,3,1.867684
46,5,16,13119,0,0,25,0,0,0,3,3,1.796667,1,1,3.0634422
53,10,13,13109,0,0,25,0,0,1,2,3,1.704442,1,4,2.4023294
27,5,15,13109,0,0,90,1,0,0,3,1,2.5999999,0,4,1.9620403
46,5,12,13125,0,2,45,0,1,1,3,2,.94999999,1,3,3.1268933
49,5,6,13125,0,0,60,1,0,1,3,2,1.093785,0,4,2.771095
45,5,11,13127,0,0,45,0,0,0,3,4,2.536922,1,6,2.3160453
45,5,15,13109,0,1,30,0,0,1,3,1,.5,1,2,1.5605761
55,4,9,13115,0,0,120,1,1,1,4,4,2.2222011,0,4,3.2113843
45,5,12,13403,0,1,90,0,0,1,3,2,2.3907371,1,4,1.0840516
27,6,12,13401,1,0,20,1,1,1,2,2,1.0599999,0,2,3.1349654
26,5,18,13126,0,0,35,1,0,0,3,1,1.72,0,1,2.0871494
51,5,12,13127,0,0,2,0,0,1,3,3,5.722836,1,4,1.9427444
35,6,12,13201,0,2,25,1,1,1,1,2,.60000002,0,3,1.7049811
28,5,17,13119,0,0,45,1,0,1,3,2,1.664167,0,2,1.3182778
61,2,11,13118,0,2,40,0,0,1,3,4,1.8633339,1,5,1.7867303
52,6,11,13108,0,0,45,0,1,0,3,4,1.1096669,1,4,1.9472793
21,2,16,13201,0,0,120,1,0,0,3,4,1.297083,1,2,2.2793989
28,6,9,13110,0,0,90,0,0,0,3,3,.94,0,2,4.1882644
21,7,12,13201,0,0,80,0,1,1,2,2,1.5,1,4,3.0961404
38,5,12,13127,0,1,20,1,1,0,3,1,1.585583,1,4,1.7585669
30,6,12,13122,0,2,60,1,0,1,3,1,1.870008,1,4,2.3794963
58,5,6,13401,0,1,10,0,1,1,3,3,1.9566669,1,4,1.5525041
45,5,18,13115,0,1,20,0,0,1,3,1,5.0300002,1,3,1.0840516
35,4,19,13130,0,0,40,0,1,1,3,1,5.1133342,1,2,1.4662199
50,5,9,13128,0,0,30,0,1,1,3,2,2.3166659,1,2,1.0840516
42,5,11,13106,0,3,5,0,1,0,2,2,1.804442,0,4,4.3362064
41,3,12,13119,1,1,30,0,0,1,2,2,1.630226,1,2,1.3182778
53,5,17,13106,0,1,150,1,0,1,3,1,3.7958331,0,3,2.5195186
64,5,12,13605,0,1,30,1,0,1,2,3,1.39,0,4,1.0840516
23,6,13,13601,0,0,60,0,0,0,3,2,1.97975,1,3,1.7813998
37,10,15,13101,0,0,40,1,0,0,3,2,.70475,0,1,3.0098562
47,5,12,13120,0,0,30,1,0,1,3,1,1.173334,1,4,1.9620403
57,5,12,13120,0,0,40,0,0,1,3,4,.86000001,1,3,1.7867303
52,1,16,13120,0,1,10,0,0,1,3,1,4.2449999,1,2,1.1784078
52,5,17,13119,0,0,40,0,1,1,1,1,1.2666661,1,2,2.1681032
46,2,4,13122,0,0,15,1,1,1,4,4,.89506,1,3,2.3079731
53,5,18,13132,0,0,40,0,0,1,3,1,7.1999998,1,5,1.0840516
25,6,17,13106,0,0,40,1,1,0,3,2,2.5999999,0,5,2.7809606
32,5,14,13106,0,0,50,1,0,1,3,1,1.120833,0,5,1.0840516
20,1,12,13116,0,0,60,1,1,0,2,2,.85833299,0,3,2.77563
42,6,15,13101,0,1,60,0,0,1,3,4,.58265299,1,4,4.0403223
37,5,12,13605,0,1,30,0,0,1,3,4,.80498898,1,3,4.1474938
42,5,12,13110,0,0,50,1,0,0,3,2,.79000002,0,2,1.3799356
52,5,12,13202,0,0,10,0,0,0,3,3,1.12,1,1,1.5525041
22,2,17,13101,0,0,90,1,1,0,3,1,.15000001,0,1,3.0634422
28,5,12,13129,0,1,60,1,0,0,3,1,2.0883329,1,4,4.1474938
70,5,6,13122,0,0,90,1,0,1,3,4,1.393,0,3,4.2418499
47,5,17,13114,0,2,60,0,1,0,3,1,3.1083331,1,2,1.0840516
44,3,10,13128,0,3,5,0,1,0,2,2,1.124243,0,4,2.1681032
43,4,8,13121,1,1,6,0,1,1,3,2,.87273598,0,3,1.7867303
31,5,15,13106,0,0,60,1,1,1,3,2,1.809167,0,2,3.3384387
34,6,17,13106,1,0,12,0,0,1,3,2,2.0175829,0,2,2.8345463
38,5,12,13401,0,0,80,0,0,0,3,3,.87650001,1,1,1.8757561
26,5,12,13107,1,0,30,1,0,1,3,3,.95349997,0,2,1.0840516
62,5,17,13101,0,0,40,1,1,0,3,1,1.722085,0,3,2.7890327
23,5,16,13110,0,0,90,1,0,0,3,1,1.88,0,3,1.2319936
31,5,15,13401,0,0,45,1,1,0,3,2,2.2843931,1,3,2.8619142
27,5,12,13106,0,1,90,1,1,1,4,4,2.477726,0,5,1.6334578
29,5,17,13128,1,1,30,0,1,0,3,1,1.9625,0,3,1.6468602
34,5,12,13111,1,1,60,1,0,1,2,4,1.402351,1,3,2.2579243
60,5,12,13602,0,0,60,0,0,0,2,2,1.331167,1,4,1.7585669
36,5,16,13201,1,0,30,0,1,1,3,1,2.1075001,1,2,1.0840516
59,5,17,13113,0,0,45,0,1,1,3,3,5.9000001,1,4,1.0840516
56,5,11,13602,0,0,2,0,1,1,2,2,1.2,1,3,2.7675581
40,5,12,13111,0,1,45,0,1,0,3,4,.783333,0,2,3.1483679
33,5,12,13302,0,0,80,0,0,0,3,1,1.763,1,3,1.762104
44,6,13,13201,0,1,30,0,0,1,3,2,1.52,1,4,1.2319936
18,5,12,13201,0,0,90,1,0,0,3,1,1.262133,1,3,3.1577983
33,5,15,13203,1,0,30,1,1,0,3,1,1.578333,0,2,1.412634
30,3,16,13201,0,1,90,1,1,1,3,1,2.4849999,0,2,2.4023294
44,6,12,13107,0,0,60,0,0,0,3,3,.95933402,0,5,3.7572532
69,5,12,13201,0,0,30,0,0,1,1,4,.77200001,0,3,1.0840516
31,6,12,13129,1,2,35,0,0,1,3,4,.78024101,1,4,3.2521546
50,5,22,13132,0,0,30,0,1,1,3,1,6,1,3,1.0840516
44,3,19,13114,1,3,15,0,0,1,3,1,13.178333,1,2,1.0840516
32,5,15,13123,0,0,40,0,1,1,3,1,3.71,1,2,1.4935879
27,6,12,13501,0,1,10,0,0,1,3,2,1.295833,1,2,1.0840516
60,5,11,13119,0,0,60,1,1,0,3,2,1.039083,1,2,4.0403223
50,6,12,13108,0,0,120,1,1,0,3,2,1.11,0,2,3.2941313
42,6,11,13201,1,0,90,1,1,1,3,4,1.204393,1,5,1.7585669
65,1,10,13116,0,0,15,0,1,0,4,4,1.211133,1,4,3.5980875
44,7,12,13116,0,1,10,1,1,0,3,2,.78405601,0,2,3.4000967
47,5,16,13101,0,1,40,1,1,0,3,1,1.962,0,1,2.2124107
61,2,12,13130,0,0,30,0,1,1,2,2,2.0523331,0,4,3.5364296
52,3,8,13112,0,0,90,1,0,0,2,4,.47,0,1,2.5457366
52,5,12,13121,0,0,10,0,1,1,3,4,1.295,0,2,2.8926671
43,5,17,13114,0,1,30,0,1,0,3,1,4.1999998,1,1,1.0840516
28,5,16,13101,0,0,60,1,1,1,3,2,.84299999,1,2,2.9562705
59,5,12,13106,1,2,45,1,0,1,3,2,3.341094,0,9,2.5502715
30,6,17,13130,0,1,75,1,0,1,3,1,1.62,0,2,2.0201612
58,5,17,13113,0,1,30,1,0,1,2,2,1.5,1,3,1.412634
25,5,15,13125,0,2,15,0,1,0,3,2,2.3983331,1,4,2.5467343
42,6,8,13111,0,1,5,0,1,1,2,2,1.7688299,1,3,4.3362064
38,5,9,13116,1,1,120,1,1,1,3,4,.81,0,2,2.4868202
25,5,12,13106,0,1,2,0,0,0,2,4,2.6949999,0,3,3.4828436
50,2,11,13127,0,0,60,1,1,0,4,4,1.149039,0,4,2.2624593
40,4,8,13119,0,0,60,0,0,0,2,2,1.029071,0,3,2.7890327
70,4,8,13402,0,0,40,0,0,1,2,3,1.2197779,0,4,2.221689
27,5,17,13119,0,0,60,1,0,0,2,1,2.1125,1,4,1.7085181
61,5,14,13602,0,0,5,0,1,1,3,1,1.431667,1,3,1.1784078
35,6,12,13129,0,0,40,0,0,0,3,4,1.1,0,4,1.0840516
51,5,12,13132,0,1,20,0,1,0,2,1,2,1,3,1.0840516
33,2,12,13402,0,1,30,0,1,1,2,2,1.323315,1,4,2.4023294
29,5,17,13106,0,0,25,1,1,0,3,1,3.3583331,1,3,2.2772202
64,5,12,13106,0,0,15,1,0,1,2,2,3.3583331,1,3,2.2772202
28,7,12,13201,1,0,60,0,1,1,2,2,2.6500001,0,2,4.3362064
75,5,10,13201,0,0,30,0,0,1,3,4,1.337834,1,2,1.2727641
39,5,12,13127,0,1,60,0,0,1,3,4,.85150599,0,4,2.0236981
40,5,18,13501,0,0,20,1,1,0,3,1,.83499998,0,3,1.6468602
45,5,5,13127,0,1,60,1,0,1,3,4,.847736,0,3,1.5525041
55,6,15,13302,0,1,90,0,0,1,3,4,2.241667,1,3,1.9754428
35,5,12,13106,0,0,45,1,0,0,3,2,1.995167,0,2,2.5695672
53,5,13,13129,0,0,60,0,0,1,3,3,2.693917,1,5,2.1681032
35,5,12,13119,0,0,60,1,0,0,2,3,2.1211669,1,3,3.2521546
31,7,20,13114,0,0,15,0,0,0,3,1,4.929667,1,1,1.6334578
37,5,17,13120,1,0,60,0,0,1,3,1,3,1,2,1.6334578
21,2,16,13107,0,0,8,0,1,0,3,2,2.6312499,1,5,1.7004461
30,5,12,13131,0,1,10,0,0,1,3,4,2.586,1,5,2.5421994
58,5,14,13110,0,0,90,1,1,0,3,2,.79000002,0,2,2.1681032
24,5,17,13111,0,0,60,1,1,0,3,1,2.262167,1,5,2.7697368
48,6,12,13112,0,1,45,1,0,1,3,4,1.5997781,0,5,2.1099823
38,6,8,13101,0,0,20,1,1,0,3,2,.5,0,1,1.867684
25,6,10,13603,1,0,45,0,0,1,3,4,1.023917,0,2,1.0840516
27,6,12,13122,1,1,90,0,0,1,3,3,.95817,1,4,2.7890327
60,5,15,13110,0,0,45,1,1,0,3,1,2.682833,0,2,1.0840516
50,7,12,13119,0,0,40,1,0,1,3,4,2.1299989,1,5,1.1784078
30,6,11,13106,2,0,60,1,0,1,3,2,3.625833,1,6,2.0156262
29,5,16,13119,0,1,60,1,1,0,3,1,.918917,1,1,1.1784078
39,5,16,13126,0,1,120,1,0,1,3,3,.82222098,1,3,2.1681032
65,5,18,13122,0,0,45,0,0,1,3,1,8.3008327,1,2,1.1784078
64,6,3,13119,1,0,7,0,0,1,2,2,6.958333,1,3,2.2677898
53,5,17,13114,0,0,20,0,0,1,3,1,8.8183327,1,5,2.0201612
32,5,6,13105,0,1,80,1,0,1,3,4,.83773601,0,2,3.1577983
58,6,11,13201,0,1,60,1,0,1,3,3,.78047198,1,2,2.9369748
29,3,16,13114,0,0,45,1,0,1,3,1,1.5575,0,2,1.0840516
50,5,11,13126,0,0,35,1,0,0,3,4,2.6913891,0,4,2.8654513
27,5,14,13122,0,0,60,1,1,0,3,2,1.46,0,6,4.1474938
34,5,12,13103,0,0,25,1,0,0,3,4,3.141499,0,5,1.8529232
60,5,8,13201,0,0,60,1,1,1,2,4,.73750001,1,3,1.8757561
52,5,13,13122,0,0,10,0,1,1,3,1,4.04,1,4,2.2124107
61,6,12,13110,0,0,30,0,0,1,3,4,1.1689169,1,2,2.0156262
48,6,12,13102,0,0,40,0,0,0,3,3,2.208333,1,1,2.9598076
41,5,12,13106,0,1,25,1,1,1,3,4,1.218333,0,3,1.1784078
67,6,13,13111,0,0,40,1,0,1,3,3,2.101167,1,4,3.6924436
42,5,18,13123,0,1,20,1,0,1,3,1,6.7114739,1,2,1.1784078
44,10,12,13302,0,0,10,0,0,1,2,3,1.1825,1,3,2.3115103
67,3,15,13401,0,0,90,1,0,1,3,1,1.8200001,1,2,1.5525041
30,5,17,13123,0,0,30,1,1,0,3,1,2.4549999,0,2,1.3182778
29,3,17,13118,0,0,60,1,0,0,3,1,8.8450012,1,4,1.3182778
22,5,13,13302,0,1,90,1,1,0,3,2,1.652796,0,5,4.0531373
21,3,15,13115,0,0,30,1,0,0,3,2,3.95,1,4,1.5525041
54,5,13,13127,0,0,60,1,1,0,3,2,.93926698,0,2,4.0531373
37,5,17,13127,0,1,10,0,0,1,3,4,1.4042701,1,2,3.1760964
43,5,12,13124,0,0,20,0,0,0,2,3,.5,1,2,1.5525041
44,6,12,13113,0,1,180,1,0,1,3,3,1.188333,0,2,2.1600311
27,5,16,13114,0,0,30,1,0,0,3,1,11.101667,1,4,1.412634
34,4,12,13401,0,1,5,0,0,1,3,2,.88583302,1,4,3.4684434
32,2,18,13120,0,0,60,1,1,1,3,1,2.4184999,1,2,1.0840516
67,5,9,13110,0,0,15,0,0,0,3,4,1.753,1,4,1.6468602
64,5,12,13103,0,0,15,0,0,0,3,4,1.353333,1,1,1.2319936
43,6,12,13101,0,1,20,0,1,1,3,3,1,1,3,1.412634
44,2,15,13119,0,2,90,1,1,1,3,2,4.2666669,1,4,1.8891586
51,2,14,13404,0,1,25,0,1,1,3,2,1.0958509,1,4,2.3487434
53,6,6,13601,0,0,60,1,1,1,3,2,1.564176,1,2,1.2319936
55,7,12,13604,0,0,120,0,0,1,3,4,2.2736671,1,3,1.7585669
32,5,15,13403,0,1,20,0,1,0,3,2,1.137834,0,3,1.6106248
25,5,9,13130,0,1,20,1,1,1,2,2,.55000001,0,3,4.0531373
47,2,16,13120,0,0,15,0,0,0,2,1,1.22,0,2,2.8619142
54,5,17,13103,0,0,10,0,1,0,3,1,1.157667,1,2,3.0634422
43,5,12,13402,0,0,90,1,1,1,3,2,.78200001,0,2,2.3942573
49,5,17,13114,0,0,45,1,1,1,3,1,8.5216665,1,2,1.0840516
32,5,12,13401,0,0,60,1,0,0,3,1,1.0433331,1,2,1.0840516
41,5,17,13102,0,2,60,0,1,1,3,1,3.4833169,1,2,1.4662199
53,5,19,13120,0,1,60,0,1,1,3,1,3.4124999,1,3,1.0840516
31,5,15,13201,0,1,90,1,1,1,1,1,2.8768761,0,4,2.3160453
41,6,12,13110,0,1,60,1,1,0,3,2,1.69831,0,3,1.0840516
44,5,7,13401,0,2,90,1,0,1,3,4,1.244449,0,3,1.3182778
23,2,15,13201,0,1,90,1,1,0,3,2,.88333303,0,2,1.3763986
65,5,17,13122,0,0,45,0,0,0,3,1,2.2,0,2,1.0840516
30,6,12,13119,0,1,30,1,0,0,3,4,1.562826,0,3,3.1577983
39,6,12,13201,0,0,120,1,1,0,4,4,1.405833,1,3,3.725142
23,6,12,13110,0,0,60,1,0,1,3,2,2.3709099,1,2,1.6334578
40,5,14,13101,0,1,30,1,1,0,3,2,1.51,1,3,2.3621461
36,6,7,13201,0,2,30,0,0,0,1,3,1.209707,1,2,2.3160453
29,6,17,13127,1,2,20,1,1,1,3,2,.69999999,1,2,3.89238
61,2,7,13201,0,0,90,1,1,1,4,4,1.128917,1,2,2.2270193
53,5,5,13110,0,1,60,1,0,1,3,4,.5025,0,2,1.1784078
45,5,12,13113,1,0,30,1,1,0,2,4,1.748,0,6,1.0840516
32,5,12,13105,0,0,45,0,0,0,3,1,2.992667,1,4,3.2521546
28,5,1,13501,1,1,120,0,1,0,3,4,.57999998,1,1,4.0531373
70,3,8,13131,0,0,60,1,1,0,3,2,.27391699,0,2,1.1784078
51,6,12,13119,0,0,75,1,0,0,3,4,.77999997,0,1,1.8529232
34,5,13,13114,1,1,10,0,1,1,3,4,3.922519,1,6,1.4662199
34,6,12,13104,0,0,60,1,0,1,3,2,1.5,0,2,1.7278141
27,3,17,13118,0,0,60,0,0,0,3,1,2.7341671,1,2,2.0371008
66,1,12,13104,0,0,15,0,1,1,2,2,.93891698,1,2,1.3182778
47,5,17,13132,0,0,9,0,0,0,3,1,6.5783329,1,2,1.4935879
65,5,10,13119,0,0,60,1,1,1,2,2,1.60225,1,3,1.3182778
52,6,17,13114,0,0,10,0,1,1,1,2,4.6216669,1,4,1.412634
28,5,12,13604,0,1,120,1,0,1,3,3,1.126884,0,5,2.3715765
45,5,12,13104,0,0,30,1,1,0,3,2,.80000001,0,3,2.1681032
64,6,0,13501,0,0,5,0,0,0,3,4,.80650002,0,1,1.0840516
58,5,15,13501,0,1,15,1,1,0,3,1,1.815861,0,3,1.0840516
40,7,12,13201,0,0,20,0,0,1,2,4,1.880833,0,3,4.0076237
46,5,21,13123,0,0,15,0,0,0,3,1,2.8375001,0,1,1.7278141
48,3,12,13130,0,2,90,1,1,0,3,2,1.389492,0,2,1.8483882
32,5,19,13123,0,0,15,0,1,0,3,1,1.106667,0,1,1.6334578
33,5,12,13125,0,1,20,0,0,1,3,2,2.440716,1,5,3.8551466
50,5,12,13120,0,0,20,1,1,0,4,4,3.2278521,1,10,2.2543874
58,5,14,13110,0,0,60,1,0,1,3,2,2.213834,0,4,2.1681032
34,5,11,13504,1,2,15,0,0,1,3,1,1.9,1,2,1.1784078
49,6,8,13201,0,1,120,1,0,1,1,3,1.4299999,0,2,1.8529232
58,5,15,13105,0,0,60,1,0,1,3,1,2.992667,1,4,3.2521546
51,6,13,13131,0,0,60,0,0,1,3,3,1.1900001,1,3,1.3182778
52,5,10,13125,0,0,60,1,0,1,3,4,1.71,1,5,1.4662199
44,5,17,13115,1,1,30,0,0,1,3,1,8.2700005,1,3,1.0840516
50,5,9,13401,0,0,15,0,0,1,3,3,.78500003,1,3,2.3079731
36,5,15,13129,1,1,75,1,1,1,3,1,1.703651,1,2,1.8564602
47,6,12,13201,0,0,90,0,0,1,3,3,.9095,1,3,2.6003201
19,6,12,13501,0,2,30,0,0,0,3,2,6.2666669,1,3,1.0840516
71,4,8,13110,0,0,120,1,0,1,2,4,1.573333,0,3,3.7867999
61,5,17,13115,0,0,60,0,1,1,2,1,2.49,1,3,1.0840516
40,4,12,13127,0,1,30,1,0,1,2,3,1.15,0,2,2.6003201
45,5,11,13125,1,0,40,1,1,1,3,4,.86816698,0,2,1.3799356
31,5,15,13301,0,0,15,1,1,0,3,4,2.2075,1,3,2.3487434
57,5,12,13110,0,0,120,1,1,0,4,4,1.88,0,3,1.2319936
51,5,7,13401,1,0,120,1,0,1,3,4,1.888334,1,5,4.0403223
38,5,15,13122,0,3,60,0,0,1,3,1,4.6700001,1,2,1.3182778
37,6,12,13129,0,3,20,1,1,0,2,2,.72887403,0,1,4.2418499
45,6,8,13201,0,0,75,1,0,1,3,4,1.48,0,4,4.3362064
33,3,17,13120,0,0,45,0,0,1,3,1,2.895834,1,2,1.412634
42,5,15,13129,0,0,60,1,1,1,4,2,1.085833,1,2,1.6468602
56,5,12,13201,1,0,60,1,0,1,3,4,1.696916,1,4,2.6674607
32,5,18,13123,0,0,40,0,0,1,3,1,4.9363332,1,2,1.412634
48,4,17,13501,0,1,10,0,1,0,3,1,2.0666671,1,2,2.1681032
53,5,11,13117,1,0,45,1,0,0,3,4,1.465,1,4,2.6312251
45,5,12,13118,0,0,60,1,0,0,3,3,1.759501,1,3,2.6812737
41,7,16,13130,0,1,5,0,1,0,2,2,1.781666,0,2,3.2521546
36,5,17,13123,1,0,15,1,0,1,3,1,4.3493328,1,2,1.3182778
23,2,16,13123,0,0,30,0,0,0,3,2,4.0466661,1,3,2.1099823
42,5,16,13110,0,0,25,0,0,0,3,2,2.2573249,1,4,1.4662199
40,3,15,13119,0,1,10,0,1,0,2,2,.76443702,0,2,1.5605761
52,5,9,13131,0,0,30,0,0,1,3,3,.94999999,1,2,2.3160453
36,5,16,13101,0,0,20,1,1,0,3,1,4.4000001,1,5,2.2088735
35,6,14,13302,0,1,60,0,0,1,3,4,.60166699,0,2,2.4023294
64,4,12,13404,0,0,120,1,1,1,3,1,.75,0,3,1.0840516
45,6,17,13123,0,3,5,0,0,1,2,1,.50416702,1,3,2.0563965
67,5,12,13604,0,0,15,0,0,1,3,4,2.7184999,0,4,1.3182778
27,5,9,13302,1,0,60,1,1,1,4,2,1.051188,0,2,4.0210261
36,4,12,13102,1,3,120,1,1,0,3,1,2.5866671,0,7,1.7412165
69,4,19,13120,0,0,60,1,0,1,3,1,4.73,1,2,1.0840516
27,5,10,13101,1,0,40,1,1,1,3,4,.69999999,0,2,1.0840516
52,2,17,13132,0,0,20,1,0,1,3,2,3.753916,1,4,1.9620403
48,6,12,13505,0,1,120,0,0,1,3,4,1.2,1,4,1.2727641
63,2,8,13103,0,2,30,0,0,1,2,2,1.171424,1,3,3.0634422
57,6,12,13119,0,0,60,0,0,1,3,4,1.0274169,1,2,1.0840516
25,5,17,13114,0,0,45,0,1,0,3,1,4.48,1,3,1.5525041
55,6,13,13127,0,0,20,0,1,1,3,2,2.52,1,4,2.8426185
67,3,6,13106,0,0,20,0,0,1,2,2,2.1624169,1,3,2.8426185
66,5,14,13114,0,0,12,0,0,0,3,1,5.7133341,1,1,1.2319936
32,5,17,13129,1,1,30,1,1,1,3,1,4.8466659,1,2,4.3362064
23,5,14,13605,0,1,30,0,0,0,3,3,4.0366659,1,5,1.7867303
50,6,12,13604,0,0,2,0,1,1,2,2,.90230501,0,3,4.0403223
72,5,12,13118,1,0,40,1,0,1,3,2,2.1425011,1,4,2.9235721
20,3,15,13604,0,0,120,1,1,0,3,1,1.574,1,4,2.0201612
40,5,13,13119,0,0,15,0,0,0,3,4,.71666598,1,1,2.1099823
52,5,8,13201,0,0,120,1,0,1,3,3,1.2075,1,4,3.4227774
46,2,15,13203,0,2,120,1,1,0,3,1,1.703334,1,3,1.0840516
58,3,12,13121,0,0,20,0,0,1,2,2,.70986098,0,3,3.0098562
49,5,13,13201,0,1,135,0,0,1,3,3,1.948861,0,4,2.2624593
53,1,7,13119,0,0,30,0,1,1,4,4,1.131667,1,4,1.2319936
54,5,12,13202,0,1,10,0,0,1,3,4,2.2883329,1,3,1.3182778
26,5,17,13404,0,1,20,1,1,0,3,1,1.088208,1,3,1.3182778
58,5,12,13114,0,0,20,1,1,1,3,1,3.0899999,1,3,1.3182778
53,4,12,13401,0,1,40,0,1,0,3,2,.88583302,1,4,3.4684434
57,4,11,13108,0,0,90,1,1,0,4,3,.40545201,0,2,1.9346724
48,5,12,13201,0,0,30,1,1,0,3,4,1.31375,0,2,3.1577983
40,5,21,13120,1,1,30,1,1,0,3,1,4.4833331,1,1,2.4170902
36,5,17,13119,0,0,20,0,1,1,3,1,1.3054169,0,2,1.3992316
50,5,12,13102,0,1,60,1,0,0,3,3,.58175099,0,2,3.0179284
53,2,15,13106,0,0,40,1,1,1,2,1,.74000001,1,2,1.9927931
45,4,15,13605,0,1,60,1,1,1,2,1,1.3892339,1,2,2.1681032
34,3,15,13107,0,0,45,0,0,0,2,1,.801117,0,4,1.2319936
46,6,14,13119,0,0,20,1,1,0,3,2,2.686167,1,5,2.3522806
19,4,12,13106,0,1,40,1,0,1,2,4,.93000001,0,4,2.2677898
27,5,17,13108,0,0,60,0,0,0,3,2,2.5249989,1,1,2.3568156
56,4,14,13101,0,0,60,1,0,0,3,2,1.017917,0,1,1.9754428
27,5,12,13104,0,0,15,0,0,0,3,2,.91474998,0,4,1.8221704
65,1,8,13104,0,0,20,0,0,1,2,3,.60483402,1,2,3.0634422
28,5,15,13110,3,2,2,0,1,1,3,1,3.5499451,1,7,2.8345463
19,5,11,13105,0,0,80,1,1,0,3,2,1.898597,1,6,3.1577983
36,4,17,13110,0,0,60,1,1,1,2,1,2,1,4,2.0102956
66,5,8,13601,0,0,120,0,0,1,3,4,1.073861,1,2,3.4591653
45,5,12,13112,0,0,60,0,0,1,3,3,1.1799999,1,3,2.6946764
50,5,12,13119,0,0,120,1,1,1,3,2,1.848417,1,2,3.432795
50,4,13,13201,0,0,30,1,1,0,3,2,.75333297,0,2,1.2727641
30,5,12,13110,0,1,30,0,1,0,2,2,1.4400001,0,1,1.0840516
45,5,12,13124,0,0,45,0,0,1,3,4,2.1833341,1,4,1.7813998
53,5,8,13505,1,1,20,0,0,1,3,4,.53650397,1,4,1.0840516
57,5,8,13603,0,1,30,1,1,1,4,4,4.1500001,1,5,1.0840516
53,5,17,13125,0,0,20,0,1,1,3,4,.98400003,0,2,1.7278141
28,4,15,13105,0,0,60,1,1,1,3,1,2.1500001,1,3,2.3522806
56,5,12,13125,0,0,30,1,1,0,3,4,.96249998,0,3,4.3362064
66,5,8,13108,0,0,35,0,0,1,2,2,.92783397,1,2,2.4604502
24,4,20,13114,0,0,15,0,1,0,3,1,2.6583331,0,1,1.3182778
28,6,12,13111,0,1,90,1,0,1,3,4,1.4666671,0,4,3.2521546
36,6,12,13119,0,0,20,0,0,0,2,4,.88,1,1,1.5605761
42,5,8,13106,0,1,60,0,1,0,3,4,.80000001,1,2,1.9338769
35,5,20,13402,0,0,10,0,0,0,3,1,2.437222,1,3,1.412634
30,7,15,13605,0,2,90,0,0,0,3,1,1.825869,1,5,2.9369748
34,5,14,13201,0,2,45,0,0,1,3,1,2.8351109,1,2,3.1760964
35,6,22,13401,1,1,5,0,1,0,1,1,1.8,1,3,1.3182778
59,6,1,13504,0,0,5,0,0,1,3,3,.875,0,4,1.0840516
63,5,3,13302,0,0,75,0,0,1,3,4,.91743499,0,2,1.5278777
52,5,9,13131,0,1,45,1,1,0,3,2,.70595998,1,3,2.8292158
50,2,13,13112,0,0,120,1,0,1,2,1,.69999999,1,5,3.1577983
58,7,12,13119,0,0,30,0,0,1,3,4,.70725,1,3,2.6544931
27,6,16,13105,0,0,75,1,1,0,3,2,1.054167,0,3,1.789472
37,1,19,13119,0,1,60,0,0,1,3,1,4.9044762,1,5,2.3621461
63,6,10,13202,0,1,5,0,0,1,3,3,1.154393,1,2,2.9155002
30,5,12,13107,0,1,30,1,0,1,3,4,2.212501,1,3,2.1681032
36,5,16,13402,1,0,20,0,1,1,3,2,2.416667,1,2,1.0840516
35,5,15,13117,1,2,40,1,1,0,3,1,.95499998,0,1,1.9472793
34,3,20,13123,1,0,30,0,1,1,3,1,6.7803321,0,2,2.1681032
30,6,12,13112,1,1,75,1,1,0,3,4,.85706002,0,1,2.8654513
27,5,16,13120,0,0,25,1,1,0,3,1,4.541666,1,4,2.3487434
30,5,15,13101,0,0,60,1,1,0,3,1,1.014667,0,3,1.7278141
46,5,8,13604,0,1,20,0,0,0,2,3,1.569167,1,3,1.0840516
63,5,12,13201,0,0,30,0,0,0,3,2,.523,0,3,3.4635479
56,5,9,13107,0,1,20,0,0,1,1,1,3.3499999,1,3,1.1784078
44,7,9,13124,0,1,10,0,0,1,2,3,2.748323,0,5,2.0737469
40,5,9,13110,0,0,180,0,0,0,2,3,1.152964,0,5,2.4023294
18,5,12,13128,1,0,60,1,1,1,3,4,.80000001,1,2,2.4604502
34,5,15,13115,0,2,60,0,1,0,3,1,1.54,1,1,1.0840516
32,5,12,13404,1,0,45,0,0,0,3,1,.40916699,1,5,1.0840516
24,5,12,13401,0,0,80,1,0,0,3,4,1.681667,1,4,1.3182778
24,3,16,13129,0,0,40,1,0,1,3,2,.970415,0,3,2.7309117
37,3,16,13201,0,1,90,0,1,1,3,1,2.4819031,1,2,1.8221704
62,5,15,13129,0,0,60,0,0,0,3,1,1.15,1,1,1.614162
30,4,18,13201,0,0,90,1,1,0,3,1,1.388587,0,2,2.7309117
44,5,12,13121,0,1,90,1,1,0,3,4,1.13,0,1,4.3362064
48,10,12,13129,0,0,20,1,1,1,2,2,.88391697,0,2,1.3182778
42,5,10,13124,0,0,60,0,0,0,3,3,.961667,1,1,1.0840516
63,5,12,13105,0,0,90,0,0,1,3,3,3.4200001,1,4,1.4742919
47,5,10,13107,0,0,20,0,0,0,2,2,1.405861,1,4,2.2305565
28,4,12,13105,0,1,60,1,1,1,3,2,.83773601,0,2,3.1577983
38,5,14,13119,0,2,10,0,0,1,3,3,2.554167,1,2,2.0236981
29,5,18,13120,0,0,60,0,1,0,3,1,10.61,1,4,2.6639235
43,7,12,13605,0,3,10,0,0,1,3,4,.47347799,0,2,1.0840516
30,7,12,13101,1,0,30,1,1,1,2,2,.2,0,2,2.7354467
32,6,8,13115,0,0,5,0,0,1,3,3,1.371393,1,2,2.452378
39,5,12,13401,0,1,40,1,1,1,3,2,1.4294029,1,2,1.6106248
49,5,16,13132,0,0,60,0,0,0,3,1,2.4000001,1,1,1.0840516
21,6,11,13103,0,0,30,1,0,0,3,4,.80416697,0,2,2.6946764
69,5,12,13201,0,0,30,1,0,1,3,2,1.917245,0,2,2.1681032
20,5,12,13130,1,1,20,0,1,0,3,2,1.870999,0,3,1.3182778
31,5,16,13119,0,0,120,1,1,0,3,1,1.3,1,5,2.9562705
48,7,15,13127,0,2,10,0,0,1,1,1,13.67,1,2,2.7482622
28,5,15,13110,0,0,30,1,1,0,3,1,.81571102,1,2,2.4787481
55,5,15,13124,0,0,55,0,0,1,3,1,1.108333,1,3,3.6093111
35,5,12,13110,0,1,60,1,1,0,3,4,1.746654,1,3,1.3182778
58,3,8,13126,0,0,3,0,0,1,2,4,.41,1,2,2.2305565
54,5,12,13103,0,1,60,1,1,0,3,1,1.267084,0,4,4.0531373
58,10,16,13130,0,0,60,0,0,1,3,1,2.0650001,1,4,2.0236981
54,5,11,13102,0,0,90,1,1,1,4,4,1.765,1,3,4.3362064
38,6,10,13501,1,1,30,1,0,1,2,4,1.194,0,4,2.3714242
26,5,16,13119,0,0,120,1,1,1,3,2,.93575001,1,2,4.3362064
74,5,6,13302,0,0,10,0,0,1,1,3,1.42,1,4,1.6687455
40,6,12,13131,1,0,4,1,1,1,3,2,1.804167,0,7,3.1268933
26,6,11,13122,0,0,15,0,1,1,2,2,1.083333,1,3,3.7036674
27,5,16,13124,0,0,70,1,0,0,3,1,5.0124998,1,5,1.5605761
48,5,11,13114,0,0,60,1,0,1,2,1,4,1,2,1.412634
27,5,13,13118,0,0,40,0,0,0,3,1,1.500332,1,4,2.623153
47,5,17,13119,0,1,60,0,0,1,3,1,2.7508609,1,4,2.2315543
36,6,12,13119,0,2,30,0,1,0,2,2,.85000002,1,1,1.0840516
65,6,10,13110,0,0,60,1,1,0,3,1,2.00403,1,1,1.1784078
22,5,8,13103,0,0,60,1,1,0,3,4,1.634284,0,4,2.2350914
45,5,14,13128,0,2,5,0,1,0,3,1,.882254,0,2,1.8221704
50,10,11,13605,0,0,60,1,1,0,3,3,.84461802,1,2,1.6334578
29,6,16,13105,0,0,5,0,0,0,3,2,2.388,1,5,2.1600311
39,5,17,13127,0,0,20,1,0,0,1,1,1.52,0,2,1.9620403
58,5,17,13101,0,0,25,1,0,1,3,1,5.7466669,1,4,3.0098562
34,5,17,13121,1,1,50,0,1,1,3,1,1.316667,1,2,1.0840516
42,6,12,13124,0,0,90,1,0,1,3,4,1.4616669,1,4,2.7482622
19,2,12,13401,0,1,40,1,0,0,3,4,2.692333,0,4,1.1784078
32,5,15,13101,0,0,30,0,1,1,3,2,.97416699,0,2,3.89238
27,5,17,13101,0,0,30,1,1,0,3,1,1.446334,0,1,1.412634
25,5,10,13114,0,0,30,1,0,0,3,2,1.6495,1,3,1.0840516
36,6,12,13501,1,0,30,0,0,0,3,2,3.609138,1,5,1.0840516
26,5,17,13604,0,1,10,0,1,0,3,1,1.511785,1,4,1.0840516
69,7,11,13129,2,0,20,0,0,0,2,2,.49391699,1,1,3.0634422
30,5,8,13303,0,2,15,0,0,1,3,4,.80141699,0,4,3.2521546
53,2,16,13604,0,0,60,0,1,1,3,1,6.0529242,1,4,1.0840516
50,5,15,13404,1,0,10,0,0,1,3,1,1.15,0,2,2.4117599
27,5,15,13112,0,0,60,0,0,0,2,3,2.6800001,1,4,1.8028744
80,5,12,13120,0,0,90,1,0,1,3,3,1.9392509,0,3,1.0840516
40,5,18,13132,0,0,27,0,0,1,3,1,4.3000002,1,2,1.0840516
58,5,12,13106,0,0,15,0,0,0,2,3,1.391445,0,4,3.0849168
31,5,17,13302,0,0,90,0,0,0,2,1,2.742666,1,3,4.0531373
33,6,12,13111,0,0,60,1,0,0,3,3,1.772167,0,5,3.3156059
60,4,6,13119,0,0,30,0,0,1,3,3,.584167,0,2,1.0840516
36,5,15,13112,0,0,30,1,0,0,3,4,.60500002,0,1,3.1577983
32,5,12,13122,0,0,15,0,0,0,3,2,2.23456,1,3,3.3920245
50,5,10,13110,0,0,60,1,0,0,3,3,.800834,0,2,2.330806
32,6,16,13125,2,0,30,0,0,1,3,1,.67880303,0,2,2.4058664
19,5,14,13401,0,0,60,1,0,0,3,3,2.1835001,1,4,3.0634422
48,5,17,13119,0,0,30,0,1,1,3,1,.86500001,1,2,2.1019104
71,5,12,13402,0,0,40,1,1,1,3,4,1.237834,0,3,2.9771578
38,5,12,13201,0,1,40,0,0,1,3,4,2.4819031,1,2,1.8221704
42,5,17,13110,0,0,20,0,0,0,3,2,1.67,1,3,1.0840516
47,5,12,13404,0,0,20,0,0,0,3,3,1.935524,0,4,1.3182778
74,3,6,13501,0,0,10,0,0,0,1,3,.97959399,1,3,2.4295449
37,6,8,13103,0,1,90,1,0,0,3,2,1.0804909,0,1,1.6334578
61,10,12,13605,0,0,10,0,0,1,3,4,1.152241,1,2,2.1681032
27,5,16,13112,0,0,90,1,0,0,1,1,2.723,1,5,1.8529232
23,4,12,13108,0,0,60,0,0,0,3,2,.98916698,0,2,1.2319936
48,5,9,13112,0,2,150,1,0,1,3,3,.66703498,0,2,2.9369748
34,5,17,13114,0,1,45,1,1,0,3,1,1.027,0,1,1.0840516
48,5,12,13302,0,0,5,0,1,1,2,2,3.4016671,1,4,1.0840516
33,8,15,13103,0,0,180,1,1,0,3,2,.861,1,1,2.623153
23,5,14,13110,0,0,60,0,0,0,3,3,3.1053331,0,3,3.4227774
35,5,20,13115,2,0,20,0,0,1,3,1,10.724999,1,2,1.0840516
75,5,18,13113,0,0,45,0,0,1,1,1,3,1,2,1.0840516
60,5,17,13201,0,0,45,1,1,0,3,1,1.80725,0,1,1.6106248
50,5,12,13108,0,1,45,1,1,0,3,2,1.413527,0,3,1.0840516
62,6,16,13201,0,0,60,1,0,1,2,1,6.4754162,1,4,1.844851
21,3,12,13125,0,0,90,1,1,0,3,4,1.423414,0,3,2.2772202
39,5,16,13126,1,1,60,1,1,1,3,2,1.4,0,6,1.5525041
48,5,12,13402,0,0,20,0,0,0,3,2,1.877835,1,3,1.4662199
38,6,12,13102,0,0,30,1,1,1,3,4,1.027,0,2,2.0737469
61,7,11,13121,1,1,5,0,0,1,2,3,1.23,1,6,4.2418499
60,5,12,13125,0,0,60,1,1,0,3,2,.904167,0,1,4.2418499
56,6,21,13115,0,0,45,0,1,1,2,1,8.8458328,1,4,1.0840516
31,6,18,13118,0,1,120,1,1,0,3,1,1.993333,0,1,1.1784078
32,7,18,13201,0,0,80,0,0,1,2,2,1.5,1,4,3.0961404
41,5,17,13114,0,3,25,0,0,1,3,1,11.85,1,2,1.412634
47,5,12,13125,0,0,60,1,1,0,2,4,.44999999,0,1,4.3362064
61,5,12,13110,0,0,120,1,1,1,4,4,2.2750001,1,4,2.2624593
43,5,17,13130,1,0,10,0,0,1,3,1,2.5225,1,2,2.4202669
55,5,3,13104,0,0,15,1,1,1,3,2,.94999999,0,3,1.0840516
34,6,12,13104,0,0,45,0,0,0,3,3,1.828861,1,3,2.9155002
19,1,12,13110,0,0,10,0,1,0,2,2,1.882018,1,5,2.6003201
47,6,12,13201,0,1,30,0,0,1,2,3,.48953399,1,3,2.1681032
41,5,12,13101,0,0,35,1,1,0,3,4,.50833303,0,1,1.3799356
28,5,12,13402,1,0,30,1,0,1,3,2,.5025,0,2,3.9051952
49,6,8,13127,0,1,45,1,1,1,3,4,1.336177,0,6,3.1760964
67,5,12,13115,0,0,60,0,0,1,1,1,7.2988329,1,8,1.0840516
26,5,12,13126,1,1,10,1,1,0,3,4,1.4299999,0,3,1.7278141
62,6,10,13111,0,0,30,1,1,0,3,4,2.2750001,0,4,3.2521546
56,6,12,13103,1,0,15,0,1,0,3,2,1.445081,1,2,3.2521546
62,3,11,13129,0,0,90,1,1,1,4,2,1.510833,1,2,3.1075974
44,6,12,13115,0,0,30,1,1,0,3,2,.90466702,0,2,1.6334578
68,4,5,13125,0,0,90,1,1,0,4,4,.84452802,0,1,4.2418499
29,5,12,13125,1,1,20,0,1,1,3,4,.82517099,0,2,3.3057404
41,4,17,13118,0,1,15,0,1,1,3,1,3.9133339,1,2,2.0236981
58,5,18,13114,0,0,90,0,1,1,3,1,8.2883329,1,3,1.6334578
36,5,17,13119,0,2,30,0,1,1,3,1,4.0758328,1,2,1.6468602
45,5,17,13108,0,0,35,1,0,0,2,1,3.6199999,0,4,3.216867
54,6,12,13201,0,1,90,1,1,1,3,4,1.583917,1,3,1.0840516
62,5,17,13123,0,0,60,0,0,1,2,1,3.6416669,1,3,1.5605761
71,3,4,13402,0,0,20,1,1,1,2,4,2.3499999,0,4,1.0840516
75,5,12,13106,0,0,20,0,0,1,3,3,1.343917,1,3,4.3362064
60,5,5,13401,0,0,30,0,0,0,2,3,.673917,0,2,2.3714242
53,6,12,13119,0,0,60,0,0,1,3,3,1.186667,0,3,3.2521546
33,5,17,13114,0,0,30,1,0,0,3,1,3.2633331,1,3,2.4639871
42,5,15,13602,0,0,40,0,0,1,2,3,1.7,1,3,1.0840516
50,7,12,13501,0,2,30,0,0,1,1,1,6.2666669,1,3,1.0840516
29,5,10,13501,0,1,20,0,0,1,2,3,.6825,1,2,2.1953187
65,7,19,13114,0,0,30,0,0,1,2,2,3.990833,1,3,1.6468602
29,3,12,13105,0,0,75,0,1,0,2,2,1.302268,1,3,2.2543874
60,5,8,13604,0,1,120,1,0,1,3,3,1.0944721,1,3,2.452378
53,5,8,13105,0,0,45,0,0,0,2,3,.84391701,1,2,2.7890327
56,5,20,13114,0,0,60,0,0,1,3,1,11.101667,1,4,1.412634
35,5,12,13122,0,1,60,1,1,0,3,2,1.622509,1,3,3.0460918
57,5,12,13121,0,0,60,1,0,1,3,3,1.2424999,0,3,2.2852924
22,6,12,13401,0,1,120,0,0,0,3,3,.708785,1,3,3.1760964
29,10,12,13605,0,1,60,1,0,0,3,4,1.4627351,0,6,2.1099823
25,6,13,13110,0,1,90,1,1,1,3,3,.95700002,0,2,1.0840516
32,5,14,13201,0,0,90,1,0,1,3,3,2.0925851,0,5,2.0644686
27,6,12,13112,0,2,75,0,0,0,3,3,2.1924369,1,5,3.2521546
72,5,8,13130,3,0,40,1,0,1,3,2,2.502779,1,6,2.1019104
42,3,22,13123,0,0,60,0,0,1,3,1,10.95,1,2,1.0840516
62,5,14,13114,0,0,25,0,1,1,3,1,10.53,1,3,1.0840516
29,3,16,13120,0,1,60,1,0,1,2,1,1.5,0,5,1.0840516
39,7,15,13502,1,1,10,0,0,1,3,1,2.46,1,2,1.0840516
27,2,9,13112,0,2,120,1,1,1,3,4,1.651841,0,6,2.3160453
28,6,17,13110,0,0,30,0,1,1,3,1,1.2,1,2,2.0563965
58,5,17,13115,0,0,30,0,0,1,1,1,15.03,1,5,1.0840516
58,4,13,13121,0,0,25,1,1,0,3,2,.79750001,0,1,1.6334578
26,5,15,13108,1,0,30,0,1,1,3,2,.80000001,0,2,2.1019104
35,6,12,13401,0,0,90,0,0,0,3,3,1.133333,1,3,1.3799356
37,5,9,13127,0,1,60,1,1,1,3,4,.847736,0,3,1.5525041
39,5,12,13101,0,2,40,1,0,1,3,4,.55000001,0,2,1.0840516
35,5,15,13107,0,0,30,0,0,0,3,1,.95933402,0,5,3.7572532
58,3,18,13114,0,0,10,0,1,0,3,1,7.8929172,1,4,1.0840516
66,5,16,13203,0,0,30,0,0,1,3,1,4.2266669,1,3,1.3182778
33,4,5,13119,2,0,60,0,0,1,2,2,1.8567539,1,6,4.3362064
62,5,8,13119,0,0,90,1,1,0,3,2,2.9676659,0,3,3.7515123
66,2,10,13124,1,0,90,1,0,1,2,3,1.367047,1,3,3.0232589
33,6,9,13501,1,1,30,0,0,1,3,3,4.1669931,1,4,1.3182778
47,5,15,13601,0,3,120,0,1,1,3,4,1.217357,1,2,2.6410906
62,3,0,13302,0,0,15,0,0,1,3,4,1.38757,1,4,1.2319936
39,5,12,13115,0,0,60,0,0,0,3,2,7.2988329,1,8,1.0840516
34,5,15,13122,0,3,20,0,1,1,3,1,4.6700001,1,2,1.3182778
55,2,13,13122,0,0,30,0,1,0,3,2,1.101132,0,2,1.0840516
63,5,3,13501,1,1,30,1,0,0,3,3,1.5881391,0,3,3.0246172
41,6,10,13127,0,0,10,0,0,0,3,4,1.2158329,0,3,2.1681032
50,5,17,13131,0,0,120,1,1,0,3,1,1.624089,0,4,1.9927931
33,5,17,13401,0,0,45,0,0,0,3,1,2.4000001,1,5,1.3992316
65,5,9,13112,0,0,80,1,0,0,3,2,1.359702,0,2,3.4420733
38,6,12,13102,0,1,90,0,0,1,1,2,1.9,1,3,2.3160453
39,2,10,13401,0,0,30,1,1,0,3,1,.27228901,0,2,3.0634422
36,6,12,13603,0,0,30,1,1,0,4,4,3.3647499,0,5,1.0840516
46,2,14,13124,0,1,40,1,1,0,3,2,1.31107,0,3,1.4662199
44,1,17,13114,0,2,15,0,0,1,2,1,5.3375001,1,2,1.3182778
65,1,15,13114,0,0,15,0,1,1,3,2,10.1,1,4,1.0840516
24,5,17,13123,0,0,45,1,0,0,3,1,7.3583341,1,3,1.6334578
39,5,12,13202,0,0,120,0,0,1,2,3,1.014393,1,4,1.4662199
60,5,13,13120,0,0,40,0,1,0,3,1,2.0899999,0,1,1.0840516
17,4,10,13106,2,1,30,1,0,0,2,3,2.8104441,1,9,2.8426185
72,5,17,13114,0,0,15,0,0,1,1,1,19.049999,1,2,1.0840516
52,5,17,13101,1,1,30,1,0,1,3,1,2.043334,0,2,2.1019104
56,5,8,13603,0,0,15,0,1,1,3,2,3.3647499,0,5,1.0840516
64,5,12,13127,0,0,60,1,0,1,3,1,1.348719,0,3,2.6003201
36,5,12,13127,0,1,10,1,1,0,3,2,2.611562,1,4,2.0697989
47,6,15,13401,0,0,10,0,0,1,3,1,2.210001,1,3,1.0840516
32,5,17,13126,0,0,45,1,1,1,2,1,3.7249999,1,2,2.94684
42,5,12,13117,0,1,30,0,1,0,3,2,1.110833,0,2,1.8529232
19,5,12,13110,0,0,50,1,1,0,3,1,.84500003,0,3,3.5807371
55,6,12,13403,0,0,120,1,1,1,3,3,.399234,0,4,1.0840516
26,5,8,13102,0,2,60,1,1,0,3,4,.87002599,0,3,1.3182778
39,5,15,13402,0,0,120,1,0,1,3,1,2.862834,1,2,1.7867303
63,2,8,13110,0,0,60,1,0,0,2,3,.71391702,1,2,1.6106248
60,5,12,13128,0,3,120,0,0,1,2,3,1.4213181,1,3,3.4099622
30,5,16,13114,0,0,20,0,1,0,3,1,15.237499,1,3,1.0840516
39,5,12,13121,0,0,90,1,0,0,3,4,1.657068,0,3,2.5368688
37,5,17,13401,0,0,45,0,1,0,3,3,2.4000001,1,5,1.3992316
59,5,4,13102,0,0,20,0,1,1,3,4,1.074888,0,3,1.0840516
44,5,17,13302,0,1,45,0,1,1,3,1,2.020833,1,2,1.0840516
61,2,13,13104,0,0,40,1,1,0,3,2,.81966698,0,1,4.0939078
35,6,15,13401,0,0,90,1,0,0,3,2,.92214298,1,4,1.7585669
60,6,7,13302,0,0,60,0,0,0,3,4,.83733302,1,1,1.6687455
41,3,12,13119,0,1,60,0,1,1,2,2,2.1500001,1,2,2.1600311
50,6,16,13115,0,0,60,1,0,0,3,2,.793917,0,2,1.7867303
48,5,12,13118,0,0,45,1,1,1,1,2,1.300833,0,2,1.6334578
32,5,17,13120,0,1,40,1,1,1,3,1,1.3724999,0,2,1.7867303
58,6,10,13105,0,0,40,1,0,0,3,3,.93393499,0,2,2.7482622
40,5,15,13201,0,1,30,0,1,0,3,2,.63972598,0,2,2.3487434
26,5,17,13123,0,0,40,1,1,0,3,1,1.5,0,3,1.9620403
34,6,12,13108,0,0,60,1,1,0,3,2,1.9,0,2,2.182864
43,6,13,13201,0,1,30,1,1,0,3,4,1.029943,0,2,1.6334578
62,3,15,13132,0,0,30,1,1,0,1,1,3.178333,1,1,1.0840516
36,4,17,13131,0,0,120,1,1,0,3,1,1.47548,1,3,4.1474938
29,10,15,13110,0,0,45,1,1,0,3,1,1.50201,0,2,1.6549324
24,5,17,13115,0,0,40,1,0,0,3,1,16.698334,1,4,1.0840516
41,4,17,13119,1,1,25,0,1,1,3,1,2.6491671,1,2,1.0840516
47,5,10,13201,0,0,80,0,0,1,3,4,1.8,1,2,1.8395206
52,5,12,13104,0,0,85,1,0,1,3,4,1.328817,1,4,1.0840516
25,5,17,13122,0,0,60,1,1,0,3,1,4.6539998,1,6,1.614162
49,5,17,13114,0,0,40,0,1,1,3,1,12.688417,1,4,1.6106248
66,3,15,13114,0,0,30,1,0,1,2,3,5.1799998,1,4,1.6334578
28,5,17,13108,0,0,60,1,1,0,3,1,1.065833,0,3,2.330806
30,5,14,13125,0,0,90,1,0,1,3,3,.81924999,0,2,2.3442085
47,6,11,13602,0,2,20,0,0,1,3,4,.68320799,0,3,1.3182778
30,5,12,13301,0,1,25,0,0,1,2,4,1.1644371,0,2,1.6334578
55,5,17,13110,0,0,90,1,1,0,3,1,2.1997781,1,3,2.94684
59,4,12,13129,0,0,60,0,0,1,3,2,.90586102,1,3,1.7585669
34,5,17,13118,1,2,60,1,1,1,3,1,5.0799999,1,3,1.9701124
22,5,12,13202,0,1,120,0,0,0,3,3,3.3785281,1,5,1.2319936
54,6,17,13132,0,0,30,0,0,0,2,1,18.860352,1,3,2.335341
59,6,12,13118,0,2,30,0,1,1,3,4,1.8633339,1,5,1.7867303
54,5,12,13101,0,0,45,0,0,1,2,3,.829166,1,3,3.5592625
35,5,15,13129,0,1,60,0,0,1,3,1,1.67,1,2,2.825268
23,4,12,13123,0,0,15,1,0,0,3,2,6.0840001,1,2,1.1784078
31,5,15,13114,0,0,35,0,1,1,3,1,7.1689992,1,2,1.5069903
42,6,17,13130,0,1,20,0,0,1,3,2,1.8881021,1,4,1.9392073
58,5,12,13119,0,0,90,1,0,0,3,2,1.39,0,3,4.0210261
24,5,12,13129,0,1,30,1,0,0,2,2,1.63,0,4,2.6982136
32,5,17,13120,0,0,40,0,1,1,3,1,2.78,1,2,1.7585669
28,6,15,13103,0,2,45,0,0,1,3,2,1.584394,1,4,2.9598076
23,3,6,13128,1,0,75,1,1,1,3,4,.40000001,0,2,3.2521546
43,5,15,13501,0,0,7,0,1,1,1,1,2.7833331,1,4,1.0840516
36,6,11,13101,0,0,60,0,0,1,3,2,1.155,0,2,1.867684
35,5,8,13117,1,1,45,1,0,1,3,3,1.305666,1,2,3.2521546
58,5,16,13118,0,0,25,0,0,1,3,1,7.916667,1,5,1.6334578
65,6,12,13110,0,0,50,0,0,1,2,2,2.844167,1,3,2.4466369
26,1,18,13120,0,0,45,1,1,1,3,1,6.4258342,1,2,1.7278141
29,1,22,13114,0,0,40,0,0,0,3,1,1.861083,1,2,1.6334578
46,5,17,13118,0,0,90,1,1,1,3,2,2.039001,0,3,1.0840516
28,2,12,13402,0,0,90,0,0,0,3,3,.52499998,1,2,1.8757561
48,5,18,13124,1,1,30,0,0,0,3,1,2.5787849,1,4,1.7004461
22,6,12,13303,0,0,90,1,0,0,3,2,1.760285,1,4,2.5910418
21,5,12,13301,0,0,30,0,0,1,3,3,1.35,1,4,1.0840516
49,2,17,13122,0,0,45,0,1,0,3,1,5.2350001,1,2,1.0840516
30,5,12,13202,1,1,60,0,0,1,3,4,1.3545671,1,3,1.0840516
33,2,17,13118,0,0,40,1,0,1,3,1,4.8499999,1,2,1.0840516
28,5,17,13403,0,0,30,0,0,0,3,1,1.95,1,3,1.0840516
44,5,15,13119,0,2,90,0,0,1,3,1,1.1,1,2,1.1784078
69,5,16,13201,0,0,90,1,1,0,3,1,1.98,0,2,1.0840516
58,5,12,13114,0,0,60,1,0,1,2,3,.94999999,0,3,2.137198
43,5,12,13602,0,1,60,1,0,1,2,3,1.249234,1,3,1.3182778
37,4,20,13110,0,2,15,0,1,1,2,4,1.1,0,3,1.3182778
33,5,17,13123,0,0,45,0,1,1,3,1,6.0676661,1,2,1.5525041
45,5,15,13120,0,0,40,0,0,1,2,4,1.327826,1,3,2.0201612
35,5,12,13106,0,0,20,0,0,0,3,4,.56475002,0,2,1.0840516
48,5,8,13128,0,0,10,0,0,0,3,4,1.276667,0,2,1.0840516
56,4,12,13201,0,2,15,1,0,0,3,2,1.378238,1,7,4.0531373
41,6,12,13119,0,0,60,1,1,0,3,2,1.223917,0,4,3.1577983
79,5,8,13201,0,0,90,1,0,1,3,4,1.677722,0,2,1.1784078
63,5,9,13501,0,0,30,1,0,1,3,2,.80000001,0,3,1.6106248
46,5,12,13403,0,1,30,0,1,0,4,4,.85500002,1,4,2.7322702
33,5,17,13105,0,0,60,1,1,1,3,1,1.855583,0,2,3.2521546
60,5,21,13503,0,0,75,0,1,1,3,1,11.141744,1,4,1.0840516
48,5,15,13302,0,0,30,0,1,0,3,1,.87339002,1,2,4.0531373
37,6,12,13101,1,1,20,0,0,1,1,1,.80000001,0,2,2.217741
58,5,12,13127,0,0,120,1,1,0,4,4,.77200001,0,1,1.7867303
40,5,14,13121,1,2,90,1,1,1,4,4,5.2303262,0,7,1.3182778
46,4,12,13111,0,0,30,0,1,1,2,3,2.262167,1,5,2.7697368
58,5,13,13123,0,0,90,1,1,0,3,1,2.6008329,0,3,2.2409847
27,6,14,13118,1,1,40,1,1,1,3,2,.69999999,1,2,2.4738526
47,5,17,13114,0,0,30,0,1,1,3,1,4.27,1,4,1.3182778
29,5,20,13112,0,1,60,1,0,1,1,1,1.65,0,2,1.412634
38,3,17,13123,1,1,15,0,1,1,3,1,8.6000004,1,2,1.1784078
60,5,12,13121,1,0,30,1,0,1,3,2,1.701318,1,5,2.9155002
52,6,12,13104,0,0,120,1,1,1,4,4,1.375,0,2,2.2305565
48,5,10,13402,0,1,90,0,0,1,3,4,.976538,1,2,1.5605761
29,5,16,13119,0,1,90,1,1,0,3,1,.78878498,0,4,2.1681032
44,4,17,13101,0,0,60,0,0,1,2,2,4.8000002,1,4,1.9486377
37,6,12,13103,1,0,90,1,0,1,3,4,.82550001,0,3,2.3160453
58,6,12,13124,0,0,10,0,1,1,3,4,2.9816661,1,4,1.0840516
47,5,8,13103,0,0,20,0,0,1,3,3,1.6375,1,3,2.6946764
40,5,17,13106,0,0,15,1,1,0,3,1,2.3183341,0,2,1.7278141
35,5,15,13128,0,1,60,0,0,1,3,4,.28346199,1,2,1.8757561
24,4,14,13109,0,0,90,1,1,0,3,2,1.5333329,1,3,1.8757561
37,5,17,13201,0,0,75,1,1,0,3,2,5.7056661,0,5,1.4662199
45,5,17,13105,0,0,60,1,0,1,3,1,1.41497,1,2,2.6946764
36,7,17,13113,0,2,5,0,0,1,2,1,1.84,1,2,1.0840516
67,7,17,13114,0,0,20,0,0,0,3,1,1.78,1,2,1.9486377
42,6,15,13104,0,2,30,0,1,1,2,1,1.5515209,1,2,2.4330821
50,5,14,13203,0,0,60,0,0,1,2,1,1.025452,1,4,1.0840516
49,3,12,13125,0,0,90,1,1,1,4,4,1.766667,0,3,2.7344489
32,6,12,13103,1,1,90,1,0,1,3,3,.58228499,0,2,1.8483882
41,5,12,13601,0,1,15,0,0,1,3,3,.886069,1,3,1.0840516
34,5,12,13121,0,0,90,1,0,0,3,2,1.155861,0,3,1.7813998
25,5,14,13123,1,0,30,0,1,1,2,2,.67782599,0,2,3.2714505
31,5,17,13501,1,0,5,0,0,1,2,3,2.3916669,1,2,1.0840516
26,3,14,13102,0,1,5,0,0,0,1,3,.75277001,1,4,4.2418499
43,5,17,13401,1,0,10,0,1,1,3,1,2.250917,1,3,2.330806
43,6,18,13132,0,1,15,0,1,1,3,1,8.5083332,1,3,1.0840516
28,1,19,13123,0,0,15,1,1,1,3,1,7.4300008,1,2,1.0840516
42,4,15,13101,1,1,35,1,1,1,3,1,2.905,1,3,1.4662199
59,5,9,13201,0,0,60,1,1,0,3,2,1.023917,0,1,1.0840516
30,5,12,13131,0,1,105,1,1,1,3,1,2.9903691,1,4,2.3115103
52,5,15,13401,0,0,25,0,0,1,3,4,1.467,1,2,1.0840516
62,6,12,13503,0,0,15,0,1,1,3,3,1.8167779,1,4,1.0840516
52,3,12,13104,0,0,30,1,0,0,3,3,.55000001,0,1,1.7867303
22,5,14,13101,0,0,30,1,0,0,3,4,.75,0,2,1.9258047
52,5,16,13114,0,2,10,0,0,1,2,1,1.825,1,2,1.6106248
53,5,15,13201,0,0,90,1,1,0,3,2,.841667,0,2,4.3362064
26,5,4,13104,0,2,80,1,0,0,3,4,2.031667,0,6,3.2976685
35,5,16,13120,0,2,30,0,1,1,3,1,1.993,1,3,1.2319936
39,6,24,13110,0,0,30,1,0,1,3,1,4.0450001,0,2,1.0840516
67,5,10,13110,0,0,20,1,0,1,3,4,1.399667,1,2,2.2498524
31,5,15,13129,0,1,30,1,1,0,3,2,.85987997,1,1,3.2521546
47,5,6,13604,0,0,60,0,0,0,3,4,.67977798,0,2,3.0098562
55,6,8,13201,1,1,90,1,0,1,3,2,1.29219,0,6,1.3182778
78,2,6,13121,0,0,20,0,1,0,2,2,.70986098,0,3,3.0098562
27,5,17,13124,0,0,60,1,1,0,2,1,1.55,1,4,2.9155002
28,3,12,13127,0,2,45,0,0,0,2,3,.69999999,0,2,3.1760964
26,1,17,13129,0,0,75,1,0,0,3,1,3.750499,1,4,2.3749614
30,5,12,13604,0,0,45,0,1,1,3,4,1.753333,1,2,2.623153
42,5,12,13106,0,1,10,0,0,1,3,4,1.218333,0,3,1.1784078
38,5,14,13102,0,2,30,0,0,1,3,3,2.0031099,1,7,2.5240536
28,6,12,13126,2,0,15,0,0,1,3,2,1.456666,0,2,1.0840516
44,5,15,13121,0,1,15,1,1,1,3,1,.27140799,1,3,2.0156262
54,5,18,13132,0,0,40,0,0,1,1,1,5.0500002,1,3,1.0840516
46,5,6,13112,1,0,90,1,1,1,3,2,1.46,1,4,3.7072046
23,5,12,13201,0,0,60,1,0,0,3,2,1.71,0,4,1.8087678
58,1,12,13201,0,0,60,1,1,1,2,4,2.3299999,0,6,3.2521546
49,5,9,13604,0,0,90,1,0,0,3,4,1.093935,1,4,2.9155002
31,6,13,13401,0,1,30,0,0,1,2,2,.971138,1,2,1.0840516
32,6,12,13122,0,0,30,1,0,1,3,3,1.25,0,3,4.2418499
54,5,13,13107,0,0,20,1,1,0,3,2,1.752167,0,4,2.5650322
42,6,11,13301,0,1,25,1,0,1,2,4,.71463001,1,3,1.7813998
46,5,15,13105,0,1,60,1,1,1,3,1,1.863333,1,2,2.7890327
36,5,10,13124,0,0,90,0,0,0,3,3,1.366917,1,3,1.0840516
40,5,12,13127,0,0,60,1,0,0,3,2,1.832805,1,3,1.8757561
48,6,17,13123,0,3,5,0,1,1,2,1,.50416702,1,3,2.0563965
41,4,12,13128,0,1,60,1,1,0,3,1,1.898289,0,3,1.7049811
47,5,15,13605,0,1,120,0,0,1,3,1,.89705998,1,2,2.3714242
64,5,17,13121,0,0,40,1,1,0,3,1,.302917,1,1,1.867684
51,5,12,13125,1,1,10,0,1,1,3,2,1.85,1,3,1.2319936
26,5,14,13114,0,0,120,1,1,1,3,2,1.9,0,2,1.2319936
48,5,16,13101,0,0,15,0,0,0,3,1,3.74,1,3,2.3715765
29,5,12,13126,0,0,40,1,0,0,3,3,.60000002,0,1,1.6334578
31,5,14,13110,0,0,15,0,0,0,3,1,1.08275,1,4,3.1075974
55,5,12,13201,0,2,45,0,0,1,3,3,2.0539989,1,2,1.1784078
38,6,17,13106,0,0,25,0,0,1,3,2,1.598917,0,2,3.1042125
62,3,12,13125,0,0,15,1,1,1,3,4,3.6330831,1,4,1.5605761
44,4,20,13118,0,0,90,1,1,1,3,1,4.8099999,1,2,1.2319936
60,5,18,13113,0,1,30,0,0,1,3,1,17.448336,1,5,1.1784078
21,5,14,13605,0,0,120,1,0,0,3,1,1.056667,0,3,2.0201612
38,5,15,13502,1,0,15,0,1,0,3,1,1.193333,0,3,1.5525041
25,5,13,13122,1,1,20,0,0,1,3,3,2.995362,1,4,1.7813998
52,5,17,13120,0,0,20,1,1,1,3,1,5.833333,1,4,1.0840516
26,5,15,13202,0,0,20,0,0,0,3,4,1.505168,1,3,1.0840516
61,6,11,13101,0,0,60,1,1,0,2,4,.88700002,0,2,2.4170902
20,5,13,13201,0,0,75,1,0,0,3,2,.43033299,0,1,1.8564602
43,2,12,13110,0,1,45,0,1,0,3,1,2.346384,1,4,1.0840516
48,5,8,13128,1,2,30,0,0,1,3,2,.87982202,0,4,2.0563965
46,5,17,13119,0,1,60,1,1,0,3,1,1.9305,1,1,1.3182778
67,5,22,13201,0,0,15,0,0,1,3,1,3.2,1,4,1.2319936
40,5,17,13119,1,1,5,0,1,1,2,4,.69391698,1,3,3.61149
19,5,12,13125,0,1,30,0,0,0,3,2,.88016599,1,4,2.5229034
29,4,17,13118,0,0,30,1,0,0,3,1,8.8450012,1,4,1.3182778
23,2,13,13402,0,0,60,1,1,1,2,1,8.1899996,1,2,1.5525041
38,5,12,13201,0,1,45,1,1,1,1,1,.40000001,0,2,2.1681032
23,4,11,13106,1,0,30,0,0,0,2,2,1.48475,1,4,2.3125081
24,2,14,13124,2,0,60,1,1,1,3,4,1.33,1,2,1.5525041
47,5,15,13119,0,1,90,0,1,1,3,1,2.4154999,1,3,2.3160453
29,5,15,13121,0,0,60,1,1,0,3,2,.94,0,3,2.7791672
35,5,17,13130,0,0,40,0,0,0,3,1,3.0799999,1,2,2.1681032
66,5,12,13128,0,1,90,1,1,0,1,4,2.626318,1,5,2.7175093
50,5,16,13101,0,0,30,0,1,1,3,1,2.7441671,1,3,1.5069903
46,5,12,13101,1,0,60,1,1,0,3,4,1.62,1,3,1.9258047
28,5,17,13401,0,2,5,0,1,0,3,1,1.612693,1,1,3.1577983
50,5,12,13104,0,0,30,1,1,1,3,2,1.4551671,1,2,2.5731044
61,5,8,13110,0,0,5,0,1,1,2,4,2.2573249,1,4,1.4662199
32,6,12,13101,0,0,40,1,1,0,3,1,.40000001,0,1,3.2521546
58,6,13,13124,0,0,30,1,1,1,3,2,1.308333,1,4,2.7697368
26,4,12,13110,0,0,5,0,1,1,3,1,.716667,0,2,2.4251623
27,6,17,13105,0,0,60,1,1,0,3,1,2.8499999,1,3,2.221689
55,6,12,13118,0,0,120,1,1,0,4,4,.58174998,0,1,1.7813998
37,4,12,13601,0,1,15,0,1,1,2,2,1.02,1,3,2.1681032
32,7,11,13131,0,0,10,0,0,0,2,4,.58967799,0,2,3.3057404
24,6,15,13101,0,0,60,1,1,1,3,2,.89999998,0,2,1.5525041
62,6,8,13505,0,0,5,0,0,1,3,4,1.791328,0,4,1.2319936
24,3,17,13120,0,0,30,0,1,0,3,1,1.3655,0,5,2.3079731
68,7,8,13117,0,0,30,0,0,1,2,2,1.633945,1,3,3.3156059
16,7,11,13124,0,0,15,0,1,0,2,4,1.209583,0,3,3.2521546
23,6,15,13124,0,0,30,1,1,0,3,1,1.496358,0,3,1.7049811
49,6,12,13112,0,0,60,1,0,0,3,2,1.295416,0,1,4.0531373
65,6,4,13117,0,1,10,0,0,1,2,2,1.16,0,2,1.7867303
29,6,15,13119,0,2,30,1,1,0,3,2,.83200002,1,1,1.7412165
32,5,8,13201,1,3,160,1,0,1,3,4,1.090495,1,6,4.2418499
62,5,17,13110,0,0,45,1,1,0,3,1,.788333,0,1,2.6003201
24,6,12,13110,0,0,30,1,0,0,3,4,1.13,0,1,1.412634
46,5,5,13109,0,1,30,0,1,0,2,2,.27931401,0,2,2.4251623
63,6,10,13120,0,0,60,1,0,0,3,2,1.164167,0,3,1.1784078
42,6,12,13124,0,0,100,1,0,1,3,2,2.0525,1,3,1.3182778
28,6,15,13501,0,0,30,0,0,0,3,2,1.2555,0,2,4.0531373
63,4,11,13201,0,0,60,0,0,0,3,2,.465,1,1,1.5525041
34,5,12,13203,0,0,5,0,0,0,3,3,1.531083,0,1,2.6410906
31,5,14,13110,0,0,60,1,0,0,3,4,1.819935,1,4,2.2350914
46,1,8,13113,0,2,20,1,1,0,4,4,12.594167,1,2,1.5069903
29,5,15,13403,1,1,10,1,1,1,3,1,1.4143929,0,3,4.0939078
28,5,18,13604,0,0,90,0,0,0,3,1,2.2373331,1,3,2.3079731
29,5,12,13104,0,2,60,1,1,1,4,4,.887254,1,3,2.8573792
53,5,12,13101,0,0,60,1,1,0,3,2,.20333301,0,1,2.1681032
28,5,18,13120,0,0,5,0,0,1,3,1,1.646832,0,2,1.6334578
36,5,12,13108,0,0,60,1,0,0,3,4,1.2585,0,1,1.7867303
59,7,12,13119,0,2,30,1,0,1,2,3,1.723552,0,5,1.3799356
47,5,13,13601,0,0,20,0,0,1,3,3,.85000002,0,2,2.6083922
64,1,11,13107,0,0,10,0,1,0,2,3,1.036,0,2,2.9369748
52,5,13,13114,0,0,10,0,1,0,2,2,2.3,0,2,1.0840516
34,5,17,13114,0,0,40,1,0,0,3,1,6.9516668,1,3,2.182864
66,1,10,13120,0,0,35,0,1,1,3,4,.93691701,1,3,1.8355728
50,2,12,13116,0,0,150,1,0,1,3,4,2.190166,1,4,2.9369748
50,1,10,13501,0,0,25,0,1,0,3,4,1.2555,0,2,4.0531373
37,5,17,13120,1,0,40,0,0,1,3,1,2.0258341,1,2,1.0840516
47,5,16,13120,0,1,60,1,1,1,3,2,1.5,0,5,1.0840516
33,5,17,13103,1,0,90,0,0,1,3,3,1.52797,1,2,2.4251623
45,6,14,13102,0,2,30,0,0,1,3,2,6.6791668,1,2,3.0634422
61,1,8,13203,2,0,20,0,1,1,2,4,.99742699,0,3,1.0840516
40,5,15,13302,0,2,15,0,0,1,3,1,2.395,1,2,1.0840516
61,7,7,13403,0,0,35,1,1,1,4,4,2.253334,1,3,1.0840516
40,6,13,13101,0,1,90,1,1,1,3,4,.81999999,0,4,2.0156262
31,5,13,13114,0,0,30,1,0,0,3,2,2.3683341,1,2,2.1019104
52,5,12,13126,0,0,40,1,0,1,2,3,.30000001,0,2,1.2319936
48,5,12,13401,1,1,5,0,1,1,3,3,1.05,1,3,1.0840516
56,5,8,13115,0,0,30,1,1,0,4,4,1.266667,1,3,2.1681032
68,5,12,13119,0,0,90,1,1,1,4,4,1.822251,1,3,1.789472
59,5,12,13604,1,0,30,0,0,1,3,3,1.3904721,0,4,2.8654513
33,2,23,13119,0,2,60,1,1,0,2,1,1.231445,0,2,3.7058463
54,3,8,13119,0,0,30,0,1,1,2,2,1.595861,1,3,4.3362064
27,5,18,13114,0,0,35,1,0,0,3,1,.88999999,0,2,1.3182778
18,2,12,13101,0,0,60,1,0,0,3,2,1.178,0,4,2.1407351
60,6,6,13112,1,1,60,1,1,1,2,2,1.813917,1,5,2.771095
60,5,12,13127,0,0,60,0,0,0,3,2,1.832805,1,3,1.8757561
45,5,20,13122,0,1,45,0,0,0,3,1,1.000833,1,1,1.7585669
55,6,8,13127,2,2,20,0,0,1,3,4,2.0536699,0,4,2.8426185
40,2,8,13112,0,1,120,1,1,0,2,4,.83655202,0,6,2.3294477
38,5,12,13110,0,1,45,1,1,1,3,1,1,0,3,2.4559152
43,5,8,13504,0,1,60,0,0,0,3,4,1.203627,1,2,1.0840516
76,4,6,13604,0,0,10,0,0,1,2,3,1.8620549,1,3,1.3182778
42,4,15,13105,0,2,30,0,0,1,3,4,1.671134,1,3,1.8395206
56,7,18,13113,0,0,15,0,0,1,2,2,2.970917,1,5,2.7309117
55,5,21,13124,0,0,20,0,0,1,3,1,8,1,3,1.3182778
47,4,24,13130,0,2,50,0,1,1,3,1,5.8916659,1,2,1.8221704
33,5,15,13114,1,1,10,0,1,0,3,2,1.931667,1,4,3.4099622
26,6,11,13404,2,0,15,0,0,1,3,4,1.3200001,0,4,2.2498524
45,5,10,13110,0,1,120,1,1,1,3,4,2.2271421,1,4,1.0840516
87,7,0,13114,0,1,10,0,0,0,2,4,2.116864,0,7,3.0153391
63,2,15,13106,0,0,75,1,1,0,3,2,1.078083,0,2,3.2521546
59,5,12,13601,0,0,60,0,0,1,3,2,1.753333,1,2,1.2319936
26,5,12,13116,0,1,60,1,0,0,3,3,1.228485,0,5,3.0634422
61,5,8,13201,0,1,90,0,0,1,2,3,.64999998,1,2,4.3362064
61,3,12,13501,0,0,20,0,1,0,2,2,.44999999,0,1,1.7813998
40,5,12,13302,1,2,60,1,0,1,3,4,.88655698,1,3,1.0840516
24,2,14,13110,0,0,30,1,1,0,3,2,.62,1,3,3.9459658
45,5,18,13129,0,2,20,0,0,1,3,1,3.156667,1,3,1.0840516
29,5,12,13108,1,1,90,1,0,1,3,3,.41999999,0,2,1.1784078
52,5,12,13201,1,0,60,1,1,0,3,3,1.9,0,4,1.7585669
58,5,12,13108,1,1,40,1,0,0,3,4,.98000002,0,3,1.0840516
46,5,15,13124,0,0,90,0,0,0,1,1,1.233,1,3,2.1681032
29,5,16,13119,1,1,160,0,1,1,3,1,3.4221671,1,3,2.1507528
26,5,12,13105,0,0,30,1,1,0,3,2,1.2389849,0,4,1.0840516
22,5,14,13202,0,0,15,0,1,0,3,1,6.950417,1,4,1.3182778
37,5,12,13203,0,1,120,0,0,1,3,1,1.300684,1,2,2.2181518
34,3,12,13110,1,1,120,1,1,1,3,1,2.709893,1,2,1.7813998
42,2,15,13201,0,0,60,0,0,0,2,2,1.099556,1,3,2.8833888
36,6,8,13112,1,1,45,1,0,1,2,3,1.138014,1,4,2.7094371
51,5,12,13122,0,2,30,0,1,1,4,4,1.998333,1,3,2.3213756
29,2,18,13114,0,0,40,0,0,0,3,1,3.406333,0,1,2.1681032
20,6,12,13201,0,0,30,0,0,0,3,3,1.756667,0,4,2.6038573
29,5,12,13125,1,1,20,0,0,1,3,4,.59785002,0,2,3.1042125
30,2,10,13401,0,0,15,0,0,0,2,4,3.250833,1,3,1.5605761
52,6,8,13124,0,0,30,1,1,0,3,4,.42500001,0,4,3.2941313
22,4,15,13124,0,0,60,0,0,0,3,1,2.9816661,1,4,1.0840516
29,2,12,13403,0,0,30,0,1,0,4,4,1.125083,0,3,1.0840516
17,2,11,13116,0,2,20,1,1,0,2,2,1.557763,1,6,3.1577983
30,6,15,13401,1,2,60,0,1,0,2,1,3.3418469,1,4,1.6334578
31,4,17,13303,2,0,60,0,1,1,3,1,2.6916659,1,2,2.6637712
42,6,12,13124,0,0,30,1,1,1,3,2,1.831666,0,5,1.0840516
41,5,16,13120,0,0,25,1,1,0,3,1,2.8596671,0,2,1.6334578
29,4,17,13123,0,0,60,1,1,0,3,1,4.677916,1,2,1.412634
56,3,6,13605,0,0,2,0,1,0,4,4,.55000001,0,2,1.0840516
42,5,12,13104,1,1,60,1,0,1,3,2,1.045185,0,3,3.1577983
36,4,15,13101,1,0,40,0,0,1,2,1,.68333298,1,2,2.1681032
20,6,9,13103,1,2,10,0,0,0,3,2,.75,0,4,1.3182778
20,6,14,13301,0,0,15,0,0,0,3,2,4.6750002,1,3,2.5457366
52,5,13,13119,0,0,25,0,0,1,3,1,2.997292,1,4,1.9346724
54,6,12,13129,0,1,30,1,1,0,3,4,.79000002,0,4,3.0098562
29,5,14,13109,1,1,100,1,0,1,3,2,.94,0,3,1.9258047
63,3,17,13601,0,0,110,0,0,1,3,2,6.7216659,1,5,1.0840516
81,5,4,13118,0,0,15,1,1,0,2,2,1.87225,1,2,4.0531373
36,5,12,13122,0,2,50,0,0,1,2,4,1.271603,1,3,2.9870234
44,5,11,13125,0,2,150,1,1,0,3,4,1.0638421,0,1,1.3182778
28,4,12,13101,0,1,60,1,0,1,3,2,1.811335,1,3,2.9155002
46,5,17,13114,0,0,45,0,1,0,3,1,7.3499999,1,4,1.3182778
68,10,8,13201,0,0,50,1,0,1,3,2,1.8895741,0,4,3.3191431
30,5,15,13123,0,0,40,1,0,0,3,1,2.6008329,0,3,2.2409847
35,4,15,13118,0,0,45,1,1,0,2,2,7.5612502,0,4,3.600033
25,5,13,13105,0,0,60,1,0,0,3,1,3.4200001,1,4,1.4742919
28,4,17,13201,0,0,90,1,1,1,3,1,1.183,1,2,1.3263499
67,5,17,13120,0,0,20,0,0,1,3,1,4.875,1,5,1.0840516
48,5,17,13105,0,1,10,0,1,1,3,1,2.468333,1,3,1.0840516
28,5,15,13120,0,0,28,1,0,1,1,1,3.5,0,2,1.0840516
30,3,10,13402,0,1,120,0,1,0,3,2,.43782601,1,1,2.8426185
80,6,12,13121,0,0,10,0,0,1,1,1,3.2717221,1,2,1.5605761
50,5,15,13101,0,0,90,1,1,0,3,1,2.0091679,1,3,1.7004461
40,5,17,13120,0,0,20,0,0,1,3,1,4.4485002,1,2,2.2043386
32,6,14,13124,0,0,15,0,0,0,3,4,3.181417,0,3,1.4662199
28,7,21,13120,0,0,30,1,1,0,3,1,3.3800001,1,1,2.0790772
25,6,12,13401,0,1,5,0,0,0,3,3,1.9566669,1,4,1.5525041
48,6,12,13605,0,0,30,1,0,1,3,3,1.1725,0,4,1.0840516
63,5,7,13402,0,0,120,0,0,1,3,3,1.085861,1,2,1.3182778
34,2,12,13131,0,0,60,1,1,0,3,2,1.225,1,5,4.2418499
34,5,17,13113,1,1,35,0,1,1,3,2,6.8400002,1,3,1.0840516
26,3,17,13123,0,0,40,1,1,0,3,1,9.3694668,1,3,1.412634
34,5,12,13124,0,0,60,1,0,0,3,2,1.2939169,0,2,4.3362064
61,5,13,13109,0,0,60,1,1,0,3,1,1.415,1,1,1.6106248
33,5,11,13402,0,0,30,0,0,0,3,4,1.048,0,3,2.1600311
26,3,12,13104,0,0,90,0,0,0,3,3,3.1719999,1,5,3.2963099
24,4,18,13113,0,0,40,0,1,0,3,1,1.668334,1,3,2.5467343
49,2,17,13110,0,0,60,1,1,0,3,1,2.540833,1,3,3.3156059
27,6,17,13111,0,0,20,0,1,0,3,1,2.9454999,0,5,3.2521546
33,5,12,13111,0,2,60,1,1,0,3,2,.80000001,0,2,1.3263499
43,4,16,13302,1,1,30,0,1,1,3,2,1.818,1,4,3.9051952
22,4,13,13201,1,0,90,0,0,1,3,4,1.398,1,2,4.1474938
54,5,1,13112,0,1,10,0,1,0,2,2,.84299999,0,1,2.3160453
33,5,14,13129,1,1,30,1,0,1,3,2,.71749997,0,2,2.6446276
35,5,17,13123,0,0,30,0,1,0,1,1,2.041667,1,1,1.0840516
18,6,8,13301,0,0,30,0,1,0,2,4,.36500001,0,1,3.2521546
41,5,8,13403,0,0,15,0,1,0,3,4,.64999998,0,2,1.0840516
26,6,12,13302,2,2,15,0,1,1,2,2,1,0,2,4.0531373
51,7,12,13103,0,1,30,0,0,1,3,2,4.2543941,1,4,2.7482622
37,5,15,13302,0,0,120,0,0,1,1,1,3.2652149,1,5,1.0840516
20,5,12,13108,3,1,10,1,1,0,3,2,1.3839951,0,4,2.0156262
68,6,5,13122,0,0,90,1,1,0,3,2,.72391701,0,2,2.2543874
29,5,11,13119,0,0,60,0,0,1,3,2,4.0866671,1,4,2.4251623
43,3,4,13110,0,0,60,1,1,1,3,3,1.02,0,2,4.3362064
58,5,10,13122,0,0,60,1,0,1,3,4,1.1201431,1,3,2.6946764
24,6,7,13112,0,0,10,0,0,0,2,4,.69999999,0,3,4.2418499
29,5,17,13202,1,0,90,1,1,0,3,1,2.6537769,1,4,1.5605761
24,6,16,13401,0,0,60,1,1,0,3,2,1.525028,1,2,2.4966855
32,6,12,13101,0,1,60,1,0,1,3,4,1.4450001,0,2,1.9486377
23,6,15,13130,0,0,60,1,1,0,3,2,2.04,0,2,1.0840516
49,6,13,13121,0,0,5,0,1,0,2,1,4.4400001,1,4,3.3057404
22,6,12,13112,0,0,40,1,0,0,3,4,2.6800001,1,4,1.8028744
20,2,13,13203,0,1,10,0,1,0,3,2,1.459157,0,3,1.0840516
46,5,12,13115,0,0,75,1,0,0,3,3,1.0700001,0,2,2.7890327
51,5,15,13203,0,0,3,0,1,0,3,2,.83999997,1,3,1.0840516
30,5,15,13301,0,1,75,0,0,1,3,2,1.65,1,2,1.0840516
23,5,15,13124,0,0,90,1,0,0,3,4,1.9299999,0,4,3.7515123
65,1,12,13101,0,1,60,1,1,0,2,4,1.6883759,0,4,1.0840516
43,5,17,13119,0,1,30,0,1,1,3,1,1.582667,1,2,1.5686482
53,5,12,13201,0,0,5,0,0,1,3,4,.783333,1,3,1.1784078
47,2,19,13123,0,0,10,0,0,0,2,1,2.4000001,1,1,1.9258047
28,5,17,13115,0,0,30,0,1,0,3,1,8.3999996,1,5,1.0840516
33,3,14,13132,0,0,30,1,1,0,3,2,5.3000002,1,4,1.0840516
35,5,7,13401,1,2,30,0,0,1,3,3,1.80187,1,2,3.0634422
32,3,12,13118,0,1,20,0,0,0,3,2,.893255,0,2,3.0133934
51,5,5,13126,0,1,90,1,1,1,4,4,1.126667,1,2,1.2319936
55,5,12,13201,0,0,120,1,0,1,3,4,1.030671,0,4,3.5265641
64,5,8,13124,0,0,30,0,0,1,3,3,2.799999,1,4,3.2521546
51,4,12,13110,0,0,90,0,0,1,2,4,.55000001,1,2,2.2933645
21,2,15,13124,0,0,90,1,1,0,3,2,1.778,1,3,2.6946764
32,5,12,13102,2,0,60,1,0,1,3,4,1.254442,0,4,2.0201612
77,2,12,13124,0,0,30,0,0,1,2,2,.73844302,1,2,1.3182778
24,5,12,13119,1,0,60,1,0,1,3,3,.75,0,2,4.3362064
20,5,12,13101,2,0,45,1,0,1,3,3,.38999999,0,2,1.9258047
29,5,20,13101,0,0,45,1,1,0,3,1,.90750003,0,1,2.5240536
73,4,8,13116,0,0,20,0,0,1,2,2,1.887874,1,5,3.1577983
54,5,12,13125,0,0,60,0,1,0,2,4,.50479501,1,2,3.1075974
58,5,8,13402,0,1,60,1,1,0,3,2,2.1818149,0,3,1.7144115
20,5,12,13601,0,0,45,1,1,0,3,2,3.4041669,1,5,1.0840516
23,6,12,13121,0,0,3,0,0,0,2,3,4.4400001,1,4,3.3057404
48,5,11,13302,0,1,2,0,1,0,3,2,.765737,0,2,2.1681032
30,4,12,13202,0,1,15,0,0,1,3,3,.261318,1,2,1.0840516
35,6,12,13120,0,0,35,1,0,1,2,2,1.42,0,2,1.0840516
25,5,15,13116,1,1,75,1,1,0,3,1,.64124799,1,4,1.6951157
48,5,12,13604,0,0,40,1,0,1,2,2,.64999998,1,2,3.0133934
29,6,12,13124,0,0,30,1,0,0,3,2,2.01,1,5,1.7049811
32,6,12,13124,0,2,60,1,0,1,2,4,1.929166,1,2,2.3487434
59,6,12,13119,0,0,60,1,0,0,3,3,2.472501,0,5,3.0541639
66,5,6,13401,0,1,10,0,0,0,2,2,1.783727,1,4,1.3182778
43,5,12,13122,0,0,75,1,1,0,3,1,1.041257,0,3,3.3057404
48,1,17,13114,0,0,10,0,1,0,3,1,4.4562502,1,1,1.3763986
23,5,12,13110,0,1,30,1,1,0,3,2,1.703402,0,5,2.3213756
63,4,17,13123,0,0,5,0,1,0,3,1,1.5816669,0,1,2.6410906
32,5,17,13101,1,1,30,1,1,1,3,1,1.4634041,1,2,1.6106248
38,3,16,13403,0,0,30,0,0,1,2,3,1.75625,0,5,1.0840516
41,5,19,13120,0,1,40,0,1,0,3,1,2.9925001,1,2,1.6549324
45,5,15,13116,0,1,30,0,1,0,3,1,1.302344,0,2,3.1806314
33,5,17,13118,0,0,20,0,1,0,3,1,3.671138,1,3,1.1784078
34,5,14,13123,0,1,40,1,1,0,3,2,1.320833,0,1,1.0840516
29,5,15,13121,0,0,60,1,1,1,3,1,1.65,1,5,4.0531373
35,5,14,13120,0,0,20,0,1,1,3,1,4.1083322,1,2,2.2543874
40,5,12,13127,0,0,30,1,1,1,3,1,.40000001,1,4,2.4787481
69,6,17,13119,0,0,40,1,0,1,3,1,1.6,0,3,1.0840516
62,2,7,13106,0,0,60,1,1,1,2,4,.69822699,1,3,3.1268933
35,5,19,13123,1,0,30,0,0,1,3,1,4,1,2,1.7278141
36,5,8,13126,0,0,45,1,0,0,3,4,.47999999,0,1,2.1681032
26,3,14,13118,0,2,60,0,0,0,3,1,2.27525,1,3,1.3799356
40,6,5,13127,1,1,60,1,1,1,3,4,2.3026919,0,5,1.0840516
27,6,6,13118,1,1,30,0,0,1,3,4,.85000002,1,2,2.1681032
53,10,12,13117,0,0,30,1,0,1,3,4,1.879167,1,3,2.2579243
31,5,17,13201,1,0,90,0,1,1,3,1,3.615334,1,2,3.1042125
33,5,12,13605,0,2,10,0,1,1,3,1,2.356667,1,4,3.2521546
62,6,12,13105,0,0,90,1,1,0,3,1,.92000002,0,2,3.1577983
58,2,12,13130,0,0,30,1,0,1,2,2,2.0523331,0,4,3.5364296
42,5,12,13125,0,0,20,1,1,1,3,2,1.934167,1,4,2.7563343
50,6,12,13604,0,0,45,1,1,1,3,2,1.495,1,2,2.3079731
34,3,9,13404,0,1,10,0,1,1,2,3,2.2,1,3,1.0840516
20,5,12,13121,0,0,60,1,1,1,3,1,.9975,0,2,2.452378
62,6,3,13403,0,1,40,1,1,0,4,4,1.3191659,0,4,2.6003201
42,5,15,13119,0,2,40,0,0,1,3,3,1.054167,1,2,4.0403223
40,5,12,13109,0,0,5,0,0,1,2,2,0,1,2,2.9598076
51,6,12,13201,0,0,45,1,1,1,3,1,.5,0,3,1.8529232
54,5,12,13124,1,1,40,1,0,1,3,3,1.111624,1,6,4.2418499
41,6,8,13401,0,4,40,0,0,1,3,3,1.3053581,0,4,3.7787278
63,5,17,13120,0,0,60,1,1,0,3,1,1.632568,0,3,1.7993373
30,5,12,13301,0,0,60,0,1,1,4,2,2.131917,1,5,2.123385
25,5,13,13112,0,0,30,1,1,0,3,1,1.22,0,3,3.2521546
37,5,11,13401,0,2,40,0,0,1,3,4,.64773601,0,2,2.2350914
52,5,11,13401,0,0,60,1,0,0,3,4,1.088111,0,3,2.2270193
45,5,12,13128,0,0,15,0,0,0,3,4,1.8724999,1,4,3.1577983
51,5,13,13118,0,0,5,0,1,0,3,2,2.665776,1,5,2.1769707
59,1,3,13402,1,1,20,0,1,1,2,2,1.870393,1,5,4.0531373
27,6,12,13112,1,1,90,0,1,1,3,4,1.79,1,2,3.4863808
30,7,11,13101,0,1,15,0,0,1,3,4,1.5,1,4,1.2319936
39,5,17,13501,0,1,60,0,1,0,3,1,.66833299,0,2,1.0840516
27,5,12,13401,0,0,90,0,0,0,3,4,1.454417,0,4,4.0531373
36,5,17,13114,1,0,30,0,0,1,1,1,5.75,1,3,1.0840516
45,4,12,13122,0,0,60,1,0,0,2,3,.97783399,0,2,2.6866043
39,4,11,13106,1,0,30,0,1,1,2,2,1.48475,1,4,2.3125081
44,5,10,13119,1,1,45,0,0,1,3,4,1.465,1,3,1.0840516
57,2,17,13130,0,0,10,0,0,1,1,2,3.1675839,1,2,3.3465109
49,4,22,13202,0,5,50,0,1,1,3,1,2.673667,1,2,1.412634
63,3,8,13127,1,0,45,1,1,1,2,4,1.563888,1,3,2.1681032
54,5,13,13115,0,0,10,0,1,0,3,2,.466667,0,2,1.0840516
57,5,18,13120,0,0,40,1,1,0,3,1,2.0999999,1,2,1.7085181
55,5,12,13115,0,0,40,0,0,1,3,1,21.35,1,4,1.3182778
24,5,12,13125,1,1,40,0,1,1,3,4,1.143917,1,5,1.4935879
63,3,9,13122,0,0,10,0,0,0,2,3,.62475002,0,1,2.0737469
23,5,15,13103,0,0,15,1,1,1,3,1,1.091666,1,2,2.8426185
31,6,12,13110,0,0,15,1,0,0,2,2,1.1325001,1,4,3.3465109
71,2,6,13112,0,0,90,1,1,1,4,4,1.809251,1,2,3.0098562
49,6,12,13112,0,0,5,0,1,0,3,2,1.216561,0,3,2.1681032
35,5,12,13401,0,0,15,0,0,0,3,4,1.322,1,3,3.0634422
18,1,13,13404,0,1,30,1,0,0,3,2,1.041145,0,4,2.0737469
37,5,16,13111,0,0,45,0,0,0,3,4,.75,1,1,3.2521546
52,5,12,13119,0,0,90,0,1,1,3,1,4.4495831,1,3,1.8221704
58,5,10,13106,0,0,80,0,0,1,2,3,.85000002,1,3,3.2521546
40,4,17,13120,0,0,30,1,1,1,3,1,4.0749989,1,2,2.4251623
51,5,12,13110,0,1,30,1,1,1,3,4,1.658666,0,6,1.9392073
34,6,12,13201,0,1,90,1,1,1,3,2,2.950834,1,4,1.3182778
41,6,10,13101,0,0,40,1,1,1,3,2,.720833,0,3,1.0840516
47,3,12,13402,2,1,50,1,1,0,4,4,1.469,0,6,4.1882644
29,4,16,13132,0,0,40,0,1,1,2,2,3.4833331,1,2,2.9062219
40,5,16,13116,0,1,20,1,1,1,3,1,1.75,1,3,3.8323138
32,7,13,13119,0,1,15,0,0,1,3,1,2.522758,1,2,1.3799356
44,6,10,13604,0,2,45,1,0,1,3,4,1.690778,1,4,2.1681032
43,5,21,13123,0,0,10,0,1,0,1,1,3,1,2,1.8087678
65,2,5,13103,0,0,5,0,1,0,2,2,.36500001,0,4,3.0813797
31,4,19,13114,0,0,60,0,1,0,3,1,2.5093329,1,2,1.7278141
27,5,12,13124,0,0,90,1,0,0,3,3,1.073333,0,2,1.0840516
24,3,17,13123,0,0,15,0,0,0,2,1,.66000003,1,1,1.5605761
60,2,12,13401,0,0,75,1,1,1,4,4,3.232862,0,3,2.6946764
27,2,14,13112,0,1,30,1,1,1,3,1,1.65,0,2,1.412634
32,3,17,13120,0,0,50,1,1,0,3,1,2.9776671,0,1,1.2319936
36,5,17,13109,0,1,30,1,1,1,3,1,2.300046,1,2,1.5525041
42,2,17,13301,0,1,40,0,0,1,3,1,4.8483338,1,3,1.0840516
55,5,8,13501,0,0,60,1,1,1,4,4,1.0275,0,2,3.2669156
57,6,12,13119,0,0,30,0,0,0,3,4,.89999998,1,1,1.6468602
21,5,16,13110,0,2,60,1,0,0,3,4,1.698874,1,3,1.8757561
20,5,14,13107,0,0,35,1,1,0,3,2,2.5999999,1,3,1.4935879
30,5,12,13104,0,2,40,0,0,1,2,3,.887254,1,3,2.8573792
50,5,9,13110,0,0,60,0,0,1,2,3,1.35,1,2,1.4662199
24,2,12,13130,0,0,10,0,1,0,2,3,2.0650001,1,4,2.0236981
72,5,16,13115,0,0,45,0,0,1,3,1,3.0999999,1,2,1.2727641
39,6,15,13101,0,0,45,1,1,0,3,1,.80000001,0,1,3.1042125
34,6,12,13501,0,0,30,0,0,0,3,4,1.2893341,1,3,3.1577983
37,2,17,13115,1,2,30,0,1,1,3,1,8.3000002,1,4,1.0840516
50,6,9,13401,1,1,45,0,0,1,2,4,2.2611721,1,7,1.3182778
31,10,5,13102,1,3,120,1,0,1,3,3,2.5866671,0,7,1.7412165
39,4,12,13201,0,0,120,1,0,1,3,2,1.574403,1,4,2.1681032
37,3,19,13110,0,2,120,1,0,1,3,1,1.95,1,2,3.1042125
30,5,17,13124,0,1,30,1,1,1,3,1,1.205,1,2,3.2521546
22,5,14,13201,1,1,60,1,1,0,3,1,2.5050001,1,3,1.7412165
38,1,10,13119,0,2,180,0,1,0,3,4,1.861667,0,3,1.1784078
59,5,17,13119,0,0,120,1,0,0,3,2,2.326,1,4,3.2521546
42,3,17,13110,0,2,40,0,1,1,3,1,4.8466668,1,2,1.0840516
37,5,12,13602,1,3,90,0,0,1,2,3,.52052802,1,2,1.0840516
63,6,6,13603,0,0,1,0,0,0,3,3,.76022601,1,1,1.3182778
22,5,12,13301,1,0,25,0,1,0,3,2,1.7056659,1,3,2.4023294
41,5,14,13124,0,1,90,1,1,1,3,1,2.5190361,1,4,2.3522806
56,6,12,13303,0,0,10,0,0,1,3,1,.76666701,1,2,1.0840516
40,5,17,13119,1,1,80,0,1,1,3,1,4.3066669,1,3,1.5069903
29,6,9,13127,0,1,80,1,0,0,3,3,1.680045,0,5,4.3362064
48,5,13,13118,0,0,30,0,1,1,1,1,3.2,1,4,2.4966855
61,5,6,13201,0,0,60,1,0,0,3,4,.67131799,0,1,3.0098562
41,5,12,13127,1,0,90,1,1,1,3,4,.68555403,0,2,2.0737469
53,3,10,13301,0,0,60,0,1,0,2,2,.50527,1,1,4.0531373
48,3,14,13109,0,0,45,0,0,1,2,4,1.7,1,3,3.0098562
40,4,12,13122,0,1,30,0,0,1,2,3,.96680897,0,2,3.7787278
46,5,12,13603,0,2,15,0,1,1,3,2,1.419367,1,4,2.0201612
62,7,14,13132,0,0,120,0,1,0,2,1,1.4083329,1,1,1.3182778
25,2,16,13201,0,0,75,1,1,0,3,2,.65366602,1,3,2.1019104
34,5,14,13601,0,1,40,0,0,1,3,4,2.1841669,1,2,1.3992316
40,6,10,13124,0,0,15,0,0,1,3,4,1.176,0,2,1.844851
40,6,12,13101,0,0,90,1,0,1,3,1,.50999999,1,2,1.0840516
26,5,17,13107,0,1,10,0,1,0,3,1,3.8629169,1,4,1.3182778
55,6,7,13401,0,1,10,0,1,0,3,4,1.084762,0,3,1.844851
28,5,16,13125,0,0,30,0,0,0,3,1,2.9000001,1,4,1.8221704
47,6,9,13105,0,2,60,0,0,1,2,4,.55491602,1,3,2.6946764
55,4,18,13114,0,1,15,0,1,1,3,1,5.5900002,1,3,1.0840516
60,5,14,13119,0,0,60,0,0,1,3,1,4.1083331,1,4,1.5525041
59,5,19,13114,0,0,20,0,0,1,3,1,6.4666672,1,4,1.0840516
54,6,14,13109,0,1,15,0,1,1,2,1,1.751084,1,4,2.28514
54,4,8,13110,0,0,120,1,0,0,2,3,.94,0,2,4.1882644
45,5,12,13403,0,0,120,1,1,1,3,4,1.781417,1,2,1.0840516
31,5,17,13401,0,0,60,1,1,1,3,1,2.8499999,1,2,1.0840516
34,5,15,13112,0,0,90,1,0,0,3,3,1.27,0,2,1.7049811
45,5,17,13604,0,1,60,0,1,0,3,1,1.798861,1,2,1.1784078
68,2,19,13122,0,0,40,0,1,0,3,1,3.809778,1,2,1.0840516
23,5,12,13111,1,0,60,0,1,0,3,2,1.684795,1,4,2.0737469
21,5,12,13114,0,0,10,0,0,0,3,2,2.473397,1,5,3.4635479
55,5,14,13122,0,0,60,0,1,0,3,1,3.5041671,1,3,2.4023294
39,5,14,13116,0,1,40,0,0,1,2,4,1.5737621,1,3,3.1577983
34,5,17,13120,0,0,30,0,1,0,3,1,.88666701,1,1,1.1784078
32,6,12,13501,0,0,25,1,0,1,3,2,5.1079998,1,4,1.5471736
37,10,16,13123,0,0,30,1,1,1,1,1,2.6500001,0,2,1.0840516
43,5,16,13122,0,0,45,1,1,0,3,2,2.0122499,0,2,1.867684
60,5,10,13120,0,0,120,0,0,1,3,1,2.3704171,1,3,2.9369748
68,5,18,13129,0,0,105,0,0,0,3,2,2.292083,1,2,1.3182778
43,4,0,13201,0,1,20,0,0,1,2,2,1.02,0,3,1.0840516
38,7,14,13201,0,1,40,1,0,1,3,1,2.577492,1,2,2.0818188
70,5,5,13130,0,0,30,1,0,1,3,4,1.359839,0,3,3.3691916
43,5,12,13119,0,0,90,0,1,1,3,2,2.608,1,6,1.614162
43,12,12,13201,0,1,120,1,0,1,3,1,1.3,1,4,2.5502715
53,6,15,13201,0,0,30,0,0,1,3,4,1.8416671,1,3,2.6901414
57,5,15,13114,0,0,30,1,1,0,3,2,1.329167,1,3,1.0840516
22,5,16,13124,0,0,20,0,1,0,3,2,6.0253329,1,4,2.2579243
24,5,12,13124,1,1,60,1,0,1,3,1,2.5787849,1,4,1.7004461
22,5,10,13106,1,1,30,0,0,0,3,4,1.464849,1,2,2.8345463
54,5,7,13201,0,0,150,1,0,1,3,4,1.033935,0,2,4.1474938
62,5,12,13110,0,0,120,1,0,0,3,1,1.163614,0,3,1.867684
51,5,17,13107,0,1,45,0,1,1,3,1,2.214592,1,3,2.9905605
46,5,12,13404,0,0,120,0,0,1,3,2,1.735,1,3,1.3763986
52,5,8,13401,1,1,5,0,0,1,3,3,1.05,1,3,1.0840516
27,4,18,13114,0,0,15,1,0,1,3,1,3.1316669,1,2,1.3182778
28,7,10,13127,0,3,20,1,0,1,2,2,.57200003,0,3,2.330806
42,5,12,13104,0,0,70,1,1,1,3,2,.85000002,0,2,2.7482622
34,3,17,13123,0,1,30,1,1,1,3,1,4.624999,1,2,2.5329211
61,1,10,13109,1,0,3,0,1,1,2,4,.82800001,0,3,1.0840516
51,7,6,13125,1,1,30,0,0,1,3,4,3.34988,1,7,4.3362064
64,5,20,13130,0,0,60,1,1,0,3,1,1.95,0,1,2.6946764
64,4,9,13101,0,0,60,1,0,1,3,2,.60000002,0,2,2.6637712
32,6,12,13122,1,1,30,0,0,1,3,3,1.607741,1,2,2.5421994
44,5,12,13301,0,0,45,0,1,1,3,4,1.388345,1,3,1.9963303
32,5,12,13108,0,0,15,0,0,1,3,4,1.573,0,3,2.8802123
39,5,10,13302,1,0,90,0,0,1,3,4,1.6270829,1,2,1.0840516
60,1,8,13103,0,0,60,1,1,1,4,2,3.141499,0,5,1.8529232
56,3,8,13112,1,0,60,1,0,1,2,3,.55666298,0,3,3.2521546
23,3,18,13101,0,0,45,1,1,1,3,1,3.3416669,1,2,2.4296973
30,5,13,13201,0,0,60,1,0,0,3,2,1.142,0,4,2.1681032
60,5,8,13127,0,0,30,1,0,1,3,3,.96950102,0,2,3.7980237
25,5,17,13115,0,0,30,0,1,0,3,1,21.35,1,4,1.3182778
34,6,15,13201,0,0,60,1,0,0,3,2,1.84,1,3,2.3442085
44,5,12,13118,0,0,60,0,0,0,2,3,.80000001,1,1,2.8024352
49,7,10,13119,0,1,120,0,1,1,2,2,1.9183331,1,2,1.0840516
55,5,12,13201,0,0,30,1,0,1,3,2,.73199302,0,3,4.1474938
26,5,11,13117,1,0,30,1,0,1,3,4,1.1613179,0,3,1.0840516
30,5,20,13120,0,0,20,0,0,0,3,1,2.8,1,2,1.8757561
32,6,9,13129,0,1,60,1,0,0,3,4,1.579918,0,5,1.1784078
20,5,12,13106,0,0,40,1,0,0,3,2,2.5999999,0,5,2.7809606
30,5,17,13119,0,0,45,0,0,0,3,1,2.143333,1,2,3.2749877
66,5,4,13112,1,2,60,1,1,1,3,2,1.924,0,7,3.7072046
69,2,14,13130,0,0,15,0,1,0,2,2,1.4333251,0,2,1.0840516
54,5,15,13125,0,0,60,0,0,1,3,1,2.188333,1,4,1.9293419
28,5,13,13123,0,0,30,1,1,1,3,1,.60833299,0,3,2.3715765
60,5,12,13302,0,0,20,0,1,0,3,2,.80000001,0,2,2.5195186
43,2,12,13301,1,1,35,0,1,0,2,2,1.981841,0,5,2.452378
21,6,10,13101,0,0,5,0,0,0,3,3,1.298333,1,4,3.3465109
30,4,12,13604,0,0,30,0,0,1,3,2,3.75,1,6,1.0840516
33,4,16,13106,0,0,30,1,0,1,3,1,1.809167,0,2,3.3384387
47,7,12,13129,0,1,25,0,0,1,3,3,1.23763,1,2,2.3160453
32,3,16,13604,1,1,90,0,0,0,3,2,2.6281669,1,8,3.5900154
19,2,12,13108,0,0,30,0,1,0,2,2,.43724999,0,2,2.1681032
40,5,12,13128,0,0,60,1,0,0,1,3,.69999999,1,2,3.1577983
58,5,12,13201,0,0,90,1,0,1,3,4,1.1,1,3,2.0156262
44,2,17,13601,2,1,120,1,1,0,4,4,.65249997,0,4,2.2624593
54,5,14,13127,0,1,40,0,0,0,3,4,1.02,0,1,2.9369748
54,7,12,13113,0,0,50,0,0,0,2,3,.89999998,1,1,3.1904967
44,5,12,13110,1,2,20,0,0,1,2,4,1.397963,1,3,1.0840516
38,5,18,13129,0,1,30,1,1,0,3,2,2.803333,0,1,2.0737469
21,5,9,13119,0,0,10,1,0,1,3,4,.32975101,0,2,4.2418499
24,4,14,13116,0,0,75,1,1,0,3,2,1.738,1,6,3.9266698
44,2,12,13122,0,0,30,0,1,1,2,2,1.46,0,3,3.8323138
48,6,17,13126,0,0,90,1,0,1,3,2,1.55,0,5,2.4657805
46,6,12,13122,0,0,30,0,0,0,3,3,1.3658611,1,2,1.0840516
43,5,12,13119,1,0,30,1,1,0,3,4,.89999998,0,2,3.0634422
39,4,9,13105,0,1,10,1,1,0,3,4,1.0599999,1,3,2.9155002
29,1,6,13501,0,0,5,0,0,0,2,4,.40000001,0,2,2.7890327
32,6,15,13123,1,0,15,0,1,1,3,2,2.5050001,1,2,1.3992316
42,4,12,13101,0,0,120,1,1,0,4,4,1.178,0,4,2.1407351
25,5,12,13110,0,0,60,1,0,0,3,4,.45666701,0,1,3.2025166
65,6,10,13109,0,0,30,0,0,1,2,2,1.437834,1,2,1.0840516
32,2,18,13132,0,0,15,0,1,1,3,1,6.4499998,1,2,1.3182778
46,6,12,13124,0,0,40,1,1,0,3,2,1.6745,0,3,2.8654513
38,5,16,13403,0,0,40,0,0,0,1,1,.587834,1,3,1.0840516
68,5,9,13112,0,0,30,0,0,1,3,4,1.313,0,4,2.1681032
47,6,14,13114,0,0,25,0,1,0,3,1,1.767583,1,2,1.1784078
75,5,15,13114,0,0,90,0,0,1,1,1,6.3708329,1,2,1.6549324
74,5,8,13502,0,0,30,0,0,0,3,2,.59299999,0,1,1.6106248
54,6,10,13131,0,0,90,1,1,0,3,4,1.5997781,0,3,2.2543874
61,5,16,13112,1,1,20,0,1,1,3,1,3.936667,1,8,1.2319936
51,5,12,13119,0,1,120,1,1,0,3,1,1.075833,1,2,2.7791672
32,5,19,13101,0,0,50,1,0,0,3,1,3.1416659,1,2,2.1681032
25,5,16,13201,0,0,90,1,1,0,3,1,1.108408,1,4,3.2521546
29,6,15,13201,1,1,90,1,1,0,3,2,1.5525,0,4,3.5673347
52,5,12,13110,0,0,30,1,1,0,3,2,1.372255,0,4,1.4935879
47,4,14,13203,0,0,60,1,1,0,3,1,1.782527,0,3,1.0840516
48,3,13,13125,0,0,60,0,1,1,3,2,3.02,1,3,2.2270193
55,6,7,13110,1,1,45,1,1,1,3,4,.33000001,1,3,4.0531373
26,6,15,13404,0,0,5,0,0,0,3,4,1.673,1,3,1.412634
56,5,12,13106,0,1,30,1,0,1,3,4,2.483418,1,5,3.2521546
31,7,8,13603,2,1,25,0,0,1,3,4,2.3829081,1,8,1.0840516
28,7,12,13124,1,0,60,1,1,0,3,2,1.825667,0,5,1.614162
53,5,10,13122,1,1,20,1,1,0,3,4,1.129178,0,2,3.0634422
49,5,13,13401,1,1,60,1,0,1,3,4,1.23165,1,2,1.4662199
64,2,12,13201,0,1,90,1,0,1,3,2,2.950834,1,4,1.3182778
29,1,17,13120,0,0,30,1,1,1,3,1,3.3,1,2,1.2727641
62,1,6,13301,0,0,25,0,1,1,2,4,1.156,0,4,4.3362064
38,5,13,13102,0,2,90,0,1,1,3,1,2.1558449,1,3,3.2247868
53,5,17,13123,0,0,30,1,1,0,3,1,5.3266668,0,1,1.3182778
46,5,15,13503,0,0,120,1,0,0,3,1,1.2939169,1,2,1.6334578
44,2,16,13301,0,0,40,0,1,1,3,2,9.8500004,1,3,1.2319936
46,5,12,13201,0,2,120,1,0,1,3,2,.98339701,0,3,1.0840516
47,6,12,13401,0,0,75,1,1,0,3,2,2.6506109,1,4,3.3691916
52,5,2,13404,0,0,30,0,0,0,2,3,.89891702,0,4,2.6003201
24,5,12,13119,0,0,90,1,1,0,3,2,1.838609,0,6,3.5399666
37,5,14,13106,0,0,20,1,0,1,3,3,1.9575,1,2,1.9346724
38,5,12,13123,0,0,45,0,0,0,3,1,1.464833,0,2,1.6468602
74,5,12,13119,0,0,60,0,0,1,3,3,1.070254,1,2,1.1784078
37,6,21,13129,0,1,60,0,0,1,3,1,2.4000001,1,2,2.6673083
56,6,13,13124,0,0,30,0,0,1,2,2,.983935,1,4,2.4023294
59,6,12,13129,0,0,90,1,0,1,3,2,1.3,0,3,2.1681032
52,5,12,13120,0,0,10,0,0,1,3,2,2.3764169,1,5,1.3182778
48,6,17,13114,0,0,60,0,1,1,3,1,6.4099998,1,2,1.6334578
41,1,17,13122,0,4,30,0,1,1,3,1,7.1399999,1,2,1.3182778
30,5,17,13104,0,0,90,1,0,0,3,1,1.754167,0,4,3.1497264
30,5,17,13113,0,0,30,0,1,1,2,1,2.5999999,1,2,1.0840516
48,5,17,13114,0,0,40,1,0,0,3,1,3.583333,1,1,1.0840516
56,5,12,13120,0,0,60,0,1,1,2,4,1.666667,1,3,1.7278141
22,5,13,13119,0,1,40,1,0,0,3,2,1.6477261,1,3,1.9754428
25,2,12,13129,0,0,5,0,0,0,2,2,.64391702,1,5,1.8564602
77,5,6,13119,0,0,50,1,0,1,3,4,1.212834,0,3,3.2521546
31,5,12,13201,0,0,120,1,0,0,1,4,2.0212591,0,3,2.0737469
37,5,12,13121,1,0,60,0,0,1,3,2,1.6,0,5,3.3057404
49,5,15,13125,0,0,30,0,0,1,3,2,1.934168,1,3,2.954325
36,4,12,13104,0,1,40,1,1,0,2,2,1.652225,0,2,2.3079731
62,5,17,13104,0,0,45,1,0,1,3,1,3.387393,1,4,1.8529232
42,5,15,13120,0,0,45,1,1,0,3,2,1.8,0,2,2.7080789
58,6,17,13119,0,0,20,0,1,1,3,1,1.113917,0,3,1.1784078
36,4,17,13123,0,0,15,0,1,1,3,1,2.8916659,1,2,2.2638178
58,3,14,13130,0,0,40,1,0,1,3,2,2.188334,1,4,2.8288052
61,5,12,13119,0,0,20,0,0,0,3,2,1.613167,1,2,1.6468602
22,5,13,13129,0,1,25,0,0,1,3,3,.863083,0,3,2.0236981
25,5,12,13101,0,0,60,1,1,1,3,1,1.3,1,2,3.5771999
39,5,17,13125,0,2,10,0,1,1,3,1,2.786926,1,3,1.0840516
30,4,18,13123,0,0,60,1,0,0,3,1,2.2774999,0,2,1.7278141
57,6,5,13111,0,0,30,1,1,0,3,4,1.285861,0,4,2.9732101
41,3,20,13132,1,0,30,0,0,1,3,1,9.1800003,1,2,1.0840516
24,3,15,13121,0,0,20,1,1,1,4,2,.98000002,1,2,2.3079731
54,5,13,13119,0,0,60,1,1,1,1,1,1.35,1,3,1.3182778
32,5,17,13101,0,0,30,1,0,1,3,1,2.6199999,1,2,2.384979
24,5,15,13119,0,0,30,1,0,0,3,2,1.393333,0,3,2.1681032
39,5,12,13201,0,0,30,1,0,0,3,2,.44999999,0,1,1.9427444
64,5,14,13119,0,0,120,0,0,1,3,1,3.049355,1,3,1.0840516
54,5,10,13125,0,0,7,0,0,0,2,3,1.348639,0,4,3.6093111
62,5,12,13106,0,0,30,1,1,0,3,4,.55033302,0,3,3.0733075
49,5,11,13128,1,2,80,1,1,0,3,1,.93000001,0,3,4.2418499
49,6,12,13127,0,0,40,1,1,0,3,4,.845662,0,3,3.0634422
57,6,12,13119,0,0,20,0,0,1,2,4,1.450619,1,4,2.221689
55,5,20,13125,0,0,30,0,1,1,3,1,6.4269171,1,3,2.2305565
43,5,17,13112,0,0,60,1,0,0,3,1,1.17,0,1,2.5136251
64,7,10,13131,0,0,20,1,0,1,2,3,.51999998,0,3,4.1474938
47,6,11,13124,0,0,10,0,0,1,1,3,1.058478,1,4,1.9338769
21,5,17,13119,0,0,60,1,1,0,3,2,1.307564,0,3,1.9258047
58,4,17,13123,0,1,20,0,0,1,1,1,7.1400008,1,4,1.0840516
41,5,17,13301,0,1,30,0,0,1,3,1,1.166666,0,2,2.221689
46,1,16,13101,0,1,20,1,0,0,2,3,.15333299,0,1,2.7175093
34,5,13,13109,0,2,60,1,1,0,3,1,.60000002,0,2,1.0840516
20,10,13,13120,0,1,30,0,1,0,2,2,.57211798,0,2,3.1042125
65,5,12,13119,0,0,90,1,0,1,3,2,1.806667,0,2,1.0840516
32,6,12,13121,0,0,30,0,0,0,1,4,1.53,0,3,4.0531373
34,3,17,13120,0,0,10,0,0,0,2,1,2.345227,1,3,1.4207062
28,5,17,13132,0,0,15,0,0,0,3,1,3.9425001,1,3,1.5605761
24,6,13,13201,0,0,120,1,1,0,3,2,1.278334,0,2,1.2319936
37,3,12,13201,2,0,15,0,0,1,2,2,.145652,0,2,2.5731044
63,5,17,13101,0,0,45,0,1,0,2,1,1.6,1,1,3.0098562
52,7,14,13113,0,0,15,0,1,1,2,2,2.970917,1,5,2.7309117
25,2,14,13128,0,0,120,1,1,0,3,1,1.589,1,4,2.5012205
32,5,13,13101,0,1,30,1,1,0,2,2,1.42,0,1,1.7867303
53,5,5,13105,0,1,90,1,0,0,1,4,.76440901,0,1,1.5605761
55,5,13,13107,0,0,30,0,0,1,3,3,1.4566669,1,3,4.0531373
37,5,12,13108,1,0,30,0,0,0,3,4,1.635,1,4,1.7412165
29,10,16,13101,0,0,20,1,0,0,3,1,.56475002,0,1,3.0098562
29,3,17,13101,0,0,45,1,1,1,3,1,2.175,0,2,2.6808631
56,5,12,13605,1,0,30,0,0,1,3,3,2.0880001,0,6,2.4738526
61,5,10,13125,0,0,10,1,1,0,3,2,2.158833,0,5,3.7572532
44,5,12,13601,0,1,15,0,0,1,3,3,1.241268,1,4,1.0840516
34,6,15,13127,0,0,80,1,0,0,3,2,1.369,0,4,2.8380835
47,5,17,13123,0,1,30,0,1,1,3,1,6.7114739,1,2,1.1784078
53,5,15,13120,0,0,40,1,1,0,3,1,2.481611,0,4,1.0840516
35,5,17,13118,0,0,45,0,0,1,3,1,3.9737501,1,2,1.3182778
30,5,17,13125,0,0,60,0,0,1,3,1,3.0350001,1,2,1.9165266
37,5,8,13118,0,1,20,1,1,1,3,4,1.337736,0,2,1.6334578
50,5,12,13110,0,0,45,0,1,1,3,2,2.389174,1,3,1.6468602
60,5,14,13114,0,0,30,0,1,0,3,2,1.701,0,1,1.8355728
35,5,16,13108,0,2,40,1,0,1,3,3,4.4299998,0,2,1.7278141
52,6,16,13119,0,0,60,1,0,0,2,4,1.316667,1,1,3.117615
65,5,12,13402,0,0,30,1,0,1,3,4,2.3499999,0,4,1.0840516
61,3,17,13123,0,0,30,0,0,0,1,1,2,1,1,1.3182778
58,6,12,13119,0,0,30,0,0,1,3,4,1.236667,0,4,2.0906866
37,6,12,13111,0,2,27,0,0,1,3,3,1.162786,1,2,3.8677537
59,5,8,13501,0,0,30,0,0,1,3,3,1.456234,1,4,3.8730841
32,3,6,13302,0,0,15,0,0,0,3,4,1.38757,1,4,1.2319936
72,4,6,13117,0,2,45,1,0,1,3,2,1.931,0,5,2.9369748
32,5,9,13103,0,1,120,1,1,0,2,2,1.003333,0,3,4.1474938
44,5,17,13114,0,1,30,0,1,1,3,1,4.3166671,1,2,1.0840516
27,3,4,13302,0,0,15,0,0,0,3,4,1.38757,1,4,1.2319936
26,4,18,13114,0,0,30,0,1,1,3,1,5.169167,1,2,1.1784078
53,6,12,13128,0,0,20,1,0,0,3,2,.75,0,1,1.7004461
43,5,17,13119,0,1,90,0,1,0,3,1,3.065671,1,5,1.844851
26,5,14,13121,1,2,60,1,1,1,4,4,5.2303262,0,7,1.3182778
43,3,17,13201,0,1,60,1,1,1,3,1,4.4499998,0,2,2.4023294
32,5,12,13115,0,0,15,0,0,0,3,2,1.3941669,0,2,2.7890327
40,5,12,13101,0,0,20,0,1,0,3,3,.80289298,0,3,3.2941313
30,5,17,13114,0,0,60,1,0,1,3,1,1.9,0,2,1.2319936
59,5,12,13201,0,0,80,1,1,0,3,2,.63499999,0,2,1.0840516
59,5,14,13601,0,0,90,0,0,1,3,2,1,1,5,2.221689
35,10,13,13202,0,1,10,1,1,0,3,4,1.320177,0,3,1.7278141
61,5,12,13201,0,0,10,0,1,0,3,2,1.11,0,2,3.0634422
44,2,12,13125,0,1,60,1,0,0,2,3,.64999998,0,2,2.1681032
42,5,15,13130,0,0,60,1,1,0,3,1,2.04,0,2,1.0840516
44,6,12,13103,0,2,10,0,0,1,3,3,1.584394,1,4,2.9598076
65,5,21,13132,0,0,15,0,0,1,1,1,8.2700005,1,3,1.412634
54,5,10,13104,0,0,60,1,1,1,3,3,.84039098,0,2,3.5771999
23,6,15,13501,0,0,5,0,1,0,2,3,.97959399,1,3,2.4295449
42,6,6,13602,0,0,10,0,0,0,3,3,.94999999,1,2,3.9051952
66,3,6,13201,0,0,120,1,0,1,3,3,1.049408,0,2,1.2319936
52,12,12,13113,0,0,180,1,0,0,3,4,1.1625,0,1,1.3182778
50,1,10,13302,0,0,120,1,1,1,2,2,.60817802,1,3,1.0840516
54,4,12,13128,0,0,90,0,0,1,3,3,2.2945831,1,4,2.4787481
40,4,8,13107,0,1,10,0,1,0,3,2,.54833299,0,2,4.3362064
55,2,12,13110,0,0,75,1,1,1,2,4,.98624998,0,3,4.3362064
46,5,12,13111,0,0,15,0,0,0,3,3,1.612735,1,3,3.2521546
28,5,12,13201,1,0,60,1,1,0,3,4,.62782598,0,2,1.7585669
33,5,17,13201,1,1,30,1,1,0,3,1,1.25,1,3,1.3182778
33,2,12,13402,0,1,30,0,0,1,2,2,1.323315,1,4,2.4023294
38,5,12,13404,0,1,10,0,1,1,3,4,1.81875,1,4,2.0201612
57,1,12,13404,0,1,10,1,1,1,2,2,1.041145,0,4,2.0737469
52,7,18,13122,0,0,60,0,0,1,3,1,7.3816671,1,4,1.6106248
58,6,12,13123,0,0,60,1,0,1,3,4,.82999998,0,3,3.1268933
45,5,17,13130,1,0,40,0,1,0,3,1,1.2025,1,2,1.0840516
36,4,12,13201,0,2,120,1,1,0,3,2,2.1900001,1,4,1.0840516
45,6,12,13127,0,0,45,1,0,1,3,4,1.3039171,1,4,2.8345463
29,1,18,13101,0,0,20,1,0,1,3,1,3.2693,0,2,2.4385648
28,5,17,13110,0,0,50,1,0,1,3,1,1.373917,1,2,2.4886136
56,7,6,13107,0,1,30,1,0,1,2,4,1.846804,0,4,1.5278777
57,5,12,13119,0,0,120,1,0,1,3,2,1.848417,1,2,3.432795
50,5,12,13128,1,1,30,0,0,1,2,3,2.2919941,1,4,2.4886136
55,5,12,13303,0,0,30,1,0,1,3,3,1.364167,0,3,1.1784078
25,1,17,13132,0,0,30,1,1,0,3,1,8.2700005,1,3,1.412634
55,5,22,13101,0,0,20,1,1,0,3,2,1.835,0,2,2.9696729
26,5,15,13302,1,0,45,0,0,1,3,1,1.55,1,2,4.0531373
52,5,10,13119,0,1,75,0,0,1,3,1,.62563902,1,4,2.3160453
50,5,17,13125,0,0,40,0,1,1,3,1,4.3499999,1,4,1.5069903
34,5,15,13123,1,1,15,0,0,1,3,1,2.7639999,1,3,1.0840516
44,3,12,13101,0,2,50,1,1,1,4,4,1.059464,0,2,3.2521546
25,5,16,13116,0,0,150,1,0,0,3,3,1.637834,0,6,2.5502715
39,5,21,13115,2,2,90,0,0,1,3,1,10.23,1,2,1.0840516
34,3,17,13132,0,0,20,0,1,0,3,1,2.6416669,1,3,1.0840516
23,5,10,13119,0,0,90,1,1,1,3,2,1.0599999,0,2,2.0737469
56,5,12,13129,0,0,60,0,0,1,3,4,2.0919349,1,3,2.6038573
29,5,12,13101,1,1,60,1,0,1,3,3,.68251699,0,2,4.2418499
63,6,7,13113,0,0,10,0,0,0,3,4,.81131798,1,2,1.9620403
20,2,14,13120,0,0,20,1,1,0,3,2,4.6672668,0,4,1.7278141
45,6,12,13109,0,0,60,0,1,1,3,2,.91250002,1,4,2.9696729
71,4,4,13110,0,0,60,0,0,1,2,3,1.238639,1,2,2.8802123
31,6,12,13201,0,2,90,1,1,0,3,4,1.707826,0,4,2.1681032
25,5,12,13127,0,0,45,1,0,0,2,3,.627244,0,3,4.0531373
40,6,18,13110,1,1,5,0,0,1,1,1,7.9524999,1,2,1.0840516
45,5,12,13127,0,0,30,0,0,1,3,3,.69166702,1,4,2.1681032
52,7,12,13501,0,0,30,0,0,0,2,3,2.1659491,1,4,1.0840516
31,6,12,13127,1,1,90,1,0,1,3,2,.89999998,0,2,2.4604502
47,6,14,13131,0,1,60,0,0,1,1,1,1.71,1,2,1.8395206
60,6,12,13126,0,0,5,0,1,0,2,2,2.4549999,1,3,4.0403223
21,2,15,13112,0,0,60,1,0,0,3,2,.778,0,3,1.0840516
20,5,12,13119,0,1,60,1,0,0,3,4,1.237088,0,2,1.3992316
27,5,14,13129,1,0,15,0,0,1,2,1,1.2,1,3,2.1681032
56,5,9,13121,0,0,30,1,0,1,3,2,.80000001,1,2,2.7027485
33,3,16,13101,0,0,15,0,0,0,3,1,1.2166671,0,1,2.0201612
38,5,4,13128,0,0,15,1,1,1,3,2,.41,1,2,4.3362064
33,3,12,13117,1,0,10,0,1,1,2,2,.76977998,0,3,2.4332345
35,5,17,13303,0,1,90,1,0,0,3,1,3.251667,1,1,1.0840516
44,5,17,13124,0,1,90,1,1,1,3,2,1.2,1,2,2.6674607
31,5,17,13127,0,1,60,1,1,1,3,2,.92416698,1,2,1.7867303
62,6,11,13129,0,0,5,0,1,0,2,2,.94774997,1,1,2.4330821
59,6,12,13107,0,0,90,1,1,0,3,2,1.648833,1,4,2.9235721
29,4,12,13122,0,1,90,1,0,1,3,2,1.8326499,0,2,3.3465109
54,5,12,13125,0,1,45,0,0,1,3,3,1.409412,1,3,2.1635683
64,5,8,13108,1,2,10,0,0,1,2,3,1.224279,0,5,3.89238
59,5,15,13125,1,1,45,1,0,1,3,1,1.086144,1,2,3.9459658
43,2,12,13108,0,0,60,0,1,1,4,4,1.91,1,5,1.0840516
49,4,8,13503,0,0,30,0,0,0,3,4,.75999999,1,1,1.0840516
34,5,16,13127,0,0,80,1,0,0,3,1,1.369,0,4,2.8380835
77,5,11,13122,0,0,40,1,0,0,3,4,2.7079999,0,4,2.3213756
22,4,13,13201,0,0,20,1,1,0,3,4,2.0858331,1,4,1.7867303
33,5,17,13114,0,0,10,0,1,1,3,2,.92000002,1,2,1.0840516
63,5,5,13111,0,0,45,1,0,1,3,2,.63275498,0,4,1.0840516
35,5,12,13107,0,0,45,0,0,1,3,2,.45249999,1,2,1.0840516
23,6,12,13119,0,1,30,0,0,1,3,4,.66474998,1,2,2.7482622
43,2,17,13114,0,1,15,0,1,1,3,1,11.596166,1,3,1.412634
42,5,11,13106,0,3,90,1,0,1,3,3,1.804442,0,4,4.3362064
24,10,15,13301,0,0,120,1,0,0,3,3,1.5575,0,2,3.1577983
76,5,5,13104,0,0,5,1,1,1,2,4,1.25547,1,2,1.2319936
35,6,12,13101,1,1,15,0,0,1,3,3,.49567801,0,2,2.1099823
52,3,10,13201,0,0,60,1,1,0,4,4,.80000001,1,2,2.1681032
26,5,17,13108,0,0,90,0,0,0,3,4,1.05,0,3,2.9789512
21,6,12,13119,0,0,15,0,0,0,3,3,2.997292,1,4,1.9346724
32,5,16,13120,0,0,20,1,0,0,3,2,.63466698,0,1,1.6106248
63,5,12,13605,0,2,10,0,0,1,2,3,2.356667,1,4,3.2521546
49,5,12,13605,0,0,40,1,0,1,3,2,1.233,1,4,1.0840516
37,7,12,13108,0,0,15,0,0,1,3,2,.82999998,0,2,2.8619142
65,2,17,13114,0,0,10,0,0,1,2,1,8,1,2,1.0840516
59,5,10,13106,0,0,20,0,0,0,2,4,.079999998,0,1,1.0840516
35,5,17,13130,0,1,60,1,1,1,3,1,.55000001,0,2,1.5605761
40,5,17,13120,0,0,30,1,0,1,2,1,5.3666668,1,2,1.5605761
36,7,13,13127,0,0,120,1,0,1,3,4,1.5,0,3,2.9016869
45,2,12,13104,0,1,5,0,1,0,3,4,.887528,0,3,3.1577983
34,7,12,13127,0,1,10,0,0,0,3,2,3.0999999,0,3,1.2727641
39,2,12,13112,1,0,60,0,0,1,2,2,1.863614,1,8,3.1577983
68,6,12,13503,0,0,120,1,1,0,4,4,1.436756,1,3,3.8516095
47,1,16,13119,0,0,90,0,0,0,3,1,3.083333,1,1,1.614162
53,3,17,13201,0,0,60,1,0,1,2,1,1.2,1,2,1.1784078
28,5,15,13122,0,0,20,0,1,1,3,2,1.6875,0,2,2.5502715
27,6,14,13201,1,1,5,1,1,0,3,1,1.23525,0,4,3.284853
49,5,9,13128,0,0,30,0,1,1,3,4,1.89,1,3,3.6843717
36,5,17,13114,1,2,1,0,1,1,2,2,8.3000002,1,2,1.1784078
39,6,14,13112,0,1,10,0,0,1,3,1,2.3737919,1,5,2.7322702
52,1,10,13119,0,1,75,1,1,1,2,2,.79690301,0,3,4.2418499
39,4,20,13114,0,0,20,0,0,0,3,1,1.891667,1,1,1.0840516
56,6,9,13402,0,0,10,1,0,0,2,2,1.202,1,2,2.0201612
50,2,12,13105,0,0,20,1,0,0,2,3,1.2587529,1,3,3.0098562
60,4,12,13106,0,2,30,1,0,1,3,2,.95376801,0,2,4.3362064
38,6,12,13119,0,0,15,0,0,0,3,4,1.9,1,3,4.0531373
25,5,14,13401,2,0,60,1,1,0,3,1,.98671198,0,2,4.0210261
49,4,15,13202,0,0,60,1,1,0,3,1,1.166667,0,2,1.0840516
63,6,8,13202,0,0,10,0,0,1,3,4,1.306435,0,3,1.0840516
63,2,12,13118,0,0,60,1,1,0,3,4,.25,0,2,1.0840516
39,5,8,13122,0,0,30,1,0,1,3,3,1.495,1,4,2.7175093
32,6,12,13111,0,4,30,0,0,0,3,2,2.4967501,1,4,2.9905605
31,5,12,13504,0,0,60,0,1,0,3,4,1.8274159,0,2,3.3750849
25,6,14,13119,0,0,60,1,0,0,3,4,.25,1,2,1.9701124
64,7,17,13604,0,0,45,0,0,0,1,1,2.593935,1,2,1.9346724
35,2,17,13123,0,0,25,1,0,1,3,1,5.5999999,1,3,1.0840516
53,2,12,13105,0,1,20,0,0,0,3,3,2.014096,0,7,1.3263499
34,2,16,13604,0,0,60,0,0,1,2,3,4.2408328,1,3,4.2418499
63,5,11,13118,0,0,75,1,0,0,3,2,.51999998,1,3,2.5467343
27,4,17,13101,0,0,25,1,1,1,3,2,1.4,1,2,2.1681032
34,5,13,13126,0,0,60,1,0,0,2,1,1.3,0,2,3.1577983
55,5,17,13125,0,0,45,0,0,1,3,1,2.5899999,1,3,1.3182778
81,2,17,13120,0,0,60,0,0,1,1,1,1.993917,1,2,1.412634
69,5,17,13201,0,0,90,1,1,0,3,1,3.0179999,0,2,3.0098562
52,6,12,13131,0,0,60,0,0,0,3,4,.615834,0,1,2.1681032
44,5,17,13113,0,1,30,0,0,1,2,2,2.6833329,1,2,1.3182778
38,5,11,13120,0,1,120,1,0,1,3,3,1.297637,0,3,1.8810865
36,5,12,13122,0,1,15,0,0,1,3,3,1.927325,1,2,1.9346724
53,4,15,13302,0,1,30,0,0,1,3,1,1.491667,1,3,2.0563965
56,5,10,13131,0,0,80,0,0,1,3,4,1.519935,0,2,1.0840516
26,5,17,13201,0,0,60,0,1,0,3,1,2.25,1,2,2.1953187
25,5,15,13131,0,0,20,0,0,0,3,2,2.0297511,1,2,3.0098562
25,5,15,13108,0,0,60,1,1,0,3,2,1.1900001,0,3,2.6674607
34,6,6,13401,0,0,45,1,0,0,3,3,1.3108341,0,2,2.7482622
31,3,16,13128,0,0,60,0,0,0,3,2,2.27,1,3,1.9620403
21,5,12,13112,0,0,70,1,0,1,3,2,.75060201,0,6,4.1474938
60,5,12,13124,0,0,60,1,0,1,3,3,1.47,1,4,1.0840516
26,5,17,13106,0,0,15,0,0,0,3,2,1.031667,0,1,2.9562705
20,6,12,13110,0,0,60,1,0,0,1,2,.090000004,0,3,1.3671204
41,5,12,13127,1,2,30,1,0,1,3,3,1.819167,0,4,2.1318676
43,2,19,13114,0,2,30,0,0,1,3,1,13.2,1,3,1.6468602
55,5,8,13303,0,0,10,0,0,1,2,4,1.1,0,2,2.0826144
72,2,6,13124,0,0,30,0,1,1,2,2,.73844302,1,2,1.3182778
62,5,13,13110,0,0,60,1,1,1,3,1,2.98,1,4,2.1681032
30,3,12,13404,0,1,30,0,0,1,3,3,1.354876,1,2,2.4023294
47,5,13,13129,0,0,35,1,1,1,3,2,1.830833,0,5,1.7049811
25,2,17,13119,0,1,30,1,0,0,1,1,4.4499998,0,4,1.4662199
42,5,13,13119,0,1,40,0,0,1,3,2,1.761667,0,3,1.3182778
36,5,12,13122,0,0,60,1,0,0,3,3,1.35,0,4,3.7379575
56,5,8,13112,0,0,90,1,0,0,3,2,.75060201,0,6,4.1474938
29,3,17,13119,0,0,90,1,0,0,3,2,.91666698,0,3,4.0076237
33,5,17,13132,1,0,25,0,1,1,3,1,3.7,1,2,1.0840516
59,6,8,13603,0,1,20,1,0,1,3,4,.90049201,0,3,1.0840516
35,4,10,13201,0,0,90,0,0,1,3,2,1.820294,1,4,4.3362064
28,5,15,13103,0,1,40,1,1,1,3,2,1.991408,1,2,2.1681032
39,5,16,13109,0,1,60,1,0,1,3,1,4.2333341,0,2,1.2319936
36,5,20,13120,0,0,40,1,1,0,3,1,2.6516671,0,1,2.330806
25,6,15,13121,0,0,180,1,0,0,3,3,1.2424999,0,3,2.2852924
30,5,8,13122,0,0,60,1,0,0,3,3,.62773597,0,4,4.2418499
50,5,12,13125,0,0,60,1,0,1,3,4,.93333298,1,3,2.0589859
27,3,11,13401,1,2,10,0,1,1,2,2,1.2071069,0,2,3.0098562
52,5,11,13401,1,0,60,1,1,0,3,4,.563227,0,2,3.1760964
52,4,9,13121,0,0,15,0,1,1,2,3,.80000001,1,2,2.7027485
58,6,10,13101,0,0,25,0,0,1,3,2,1.13,0,2,1.6334578
54,5,12,13110,0,0,50,1,0,0,3,3,1.277333,0,1,1.7004461
45,6,12,13201,0,0,10,1,1,0,3,2,1.684786,1,3,2.3079731
58,6,18,13401,0,0,60,0,0,1,3,1,3,1,5,1.8757561
62,5,6,13504,0,0,20,1,0,1,3,3,1.276667,0,2,1.3182778
46,5,12,13116,0,0,5,0,0,1,3,2,1.312167,0,2,2.4966855
66,3,12,13201,0,0,120,1,0,0,2,3,1.0930001,0,1,1.867684
55,5,13,13125,0,2,120,1,0,1,3,2,1.238178,0,3,1.7412165
62,5,12,13120,0,0,60,1,0,1,3,2,1.26,0,3,2.2543874
34,3,18,13301,1,0,60,0,0,1,2,1,1.7,1,4,1.9427444
44,5,12,13302,0,0,50,0,0,1,3,4,2.0366671,1,3,2.1635683
37,5,12,13127,1,1,30,0,0,1,2,4,.34999999,1,2,1.2319936
56,5,12,13110,0,1,80,1,1,1,3,2,1.4349999,0,2,1.3182778
50,4,14,13114,0,1,30,0,0,1,3,1,5.5500011,1,3,1.0840516
40,5,18,13120,0,0,25,0,0,0,3,2,1.4716671,1,1,1.7993373
41,1,17,13113,0,0,20,1,0,0,3,1,2,0,3,1.1784078
37,5,17,13110,0,2,7,0,1,0,3,1,2.1199999,1,1,1.0840516
25,2,14,13601,0,0,45,1,0,0,3,2,3.4041669,1,5,1.0840516
43,6,15,13127,0,0,30,1,0,1,2,2,1,0,2,3.7379575
59,3,8,13119,1,2,120,1,0,0,2,3,1.4455,0,5,2.28514
63,3,12,13122,0,0,45,0,1,0,3,4,.72600001,0,3,3.3384387
21,2,14,13404,0,0,10,1,1,0,3,2,1.52372,1,5,1.6468602
64,5,5,13101,0,0,40,0,1,1,3,2,3.896666,0,2,1.0840516
44,6,12,13111,0,0,40,0,0,1,3,4,2.262167,1,5,2.7697368
67,6,9,13122,0,0,40,1,0,1,3,2,1.327028,0,3,4.3362064
30,5,17,13120,1,0,60,0,1,1,3,1,5.1498332,1,2,1.867684
21,3,15,13201,0,0,30,1,1,0,3,2,1.503602,1,3,1.0840516
57,5,11,13401,0,1,60,1,1,0,3,4,.94999999,1,2,3.0634422
45,6,12,13105,0,1,15,0,1,0,2,2,.25439301,0,2,1.6186968
47,5,10,13117,0,0,15,1,1,1,3,4,2.3825099,0,5,1.4662199
41,5,9,13128,1,1,90,1,0,1,3,3,.86455202,0,4,2.6674607
27,5,17,13404,0,1,20,0,0,1,3,1,1.0958509,1,4,2.3487434
54,2,13,13201,0,0,20,0,1,0,2,4,.73000002,0,2,1.3182778
69,5,12,13106,0,2,15,0,0,1,3,2,2.001667,1,4,1.7278141
36,5,16,13110,0,0,60,1,1,0,3,1,1.641667,1,1,1.9258047
63,6,17,13120,0,0,60,1,1,0,3,1,.80000001,0,2,1.3182778
63,3,10,13123,0,0,15,0,1,1,3,1,1.46,1,2,1.0840516
59,5,12,13121,0,0,45,1,0,1,3,4,1.044167,1,2,1.7585669
29,5,15,13121,0,0,20,0,0,0,3,4,.85000002,1,3,4.3362064
48,5,8,13124,0,0,60,1,0,1,3,4,1,1,4,2.9235721
47,4,12,13127,0,0,90,1,0,1,2,4,1.14125,0,3,2.4559152
41,5,17,13115,0,0,50,0,0,0,3,1,5.3200002,1,4,1.2319936
30,5,15,13101,0,0,15,1,1,1,3,1,1.8191659,1,2,2.8619142
26,5,12,13301,0,0,60,0,0,0,3,1,1.74,0,4,2.9289026
31,5,17,13125,0,1,30,1,0,0,3,4,1.65,1,4,2.252594
59,4,17,13113,0,0,45,1,0,1,3,1,5.2824998,1,4,1.8221704
47,5,12,13119,0,1,90,0,1,1,3,1,3.333333,1,3,1.3182778
47,5,13,13110,0,1,15,0,1,1,3,1,1.5004849,1,3,1.9620403
43,5,12,13127,0,0,10,1,1,0,3,2,.87080997,0,2,1.5605761
35,5,17,13108,0,1,80,1,1,1,3,1,1.863333,0,2,2.452378
37,5,12,13103,1,1,30,0,0,1,3,2,1.980845,1,4,4.2418499
42,5,17,13107,1,1,15,0,0,1,3,1,3.5,1,2,1.0840516
35,6,10,13111,0,2,60,1,0,1,3,3,.65220797,0,2,2.7389839
56,5,12,13401,0,1,60,1,0,1,3,4,1.776,0,6,1.8395206
42,5,12,13201,0,2,120,1,0,1,3,2,.50680101,0,2,4.2418499
38,5,16,13124,0,1,50,0,0,1,3,1,.15000001,1,3,2.0563965
45,5,15,13125,0,1,30,0,1,1,3,1,1.768092,1,4,1.6468602
42,5,17,13107,1,1,20,0,1,1,3,1,7.1116672,1,2,2.1681032
24,5,12,13106,0,1,50,1,0,0,3,3,2.483418,1,5,3.2521546
38,1,11,13401,0,2,90,1,0,0,2,2,.96666998,1,3,1.6106248
42,5,17,13125,0,2,90,1,1,1,3,1,3.7749989,1,2,1.7813998
23,5,17,13121,0,0,30,1,1,0,3,2,2.8,1,4,1.8529232
49,4,13,13109,0,0,30,1,1,0,3,2,.50439298,0,1,3.2521546
20,2,13,13113,0,0,3,0,1,1,3,2,1.948916,0,2,1.0840516
40,5,20,13115,2,0,30,0,0,1,3,1,9.0100002,1,2,1.0840516
39,5,14,13125,0,0,45,1,0,0,3,2,1.671666,0,2,2.3160453
66,1,10,13120,0,0,90,0,0,1,3,4,.93691701,1,3,1.8355728
30,6,11,13201,2,1,30,1,1,0,3,4,.77781498,0,1,2.0201612
30,6,13,13101,2,0,10,1,1,1,3,2,.95058399,1,2,3.3156059
31,5,17,13115,0,0,75,1,1,0,3,1,.97000003,0,2,2.0826144
62,5,17,13115,0,0,45,0,1,1,3,1,6.4083328,1,4,1.0840516
35,6,17,13114,0,0,30,0,1,0,3,1,4.726666,0,4,1.6334578
32,5,12,13125,1,1,60,1,0,1,3,2,1.431666,1,2,4.3362064
31,5,17,13120,0,0,40,1,1,0,3,1,1.85,0,2,1.3671204
25,6,17,13101,0,0,10,0,1,1,2,1,.68000001,0,2,2.2543874
64,6,10,13119,0,1,30,1,0,0,3,2,2.3388331,1,4,2.1600311
45,4,12,13124,0,2,5,0,1,1,1,1,2.26,1,3,1.2319936
55,5,15,13104,0,0,25,0,0,0,3,3,1.0930001,1,2,2.8427708
37,3,17,13123,0,0,30,1,1,0,2,1,3.9183331,1,1,1.0840516
31,5,10,13119,0,0,15,0,0,1,1,4,.67500001,1,2,2.1681032
54,6,8,13402,0,0,10,0,0,0,3,3,1.010602,0,3,1.0840516
29,5,12,13106,0,0,60,1,0,0,3,4,1.905833,0,3,2.1407351
56,6,14,13404,0,1,15,1,0,1,3,2,1.0958509,1,4,2.3487434
22,5,12,13601,0,0,20,1,1,0,3,2,1.992031,1,5,2.0697989
31,5,15,13402,1,1,9,0,1,1,3,2,1.8,1,2,1.0840516
23,2,15,13101,1,0,75,1,1,1,2,4,1.39,0,2,3.2212496
39,5,12,13127,0,2,60,1,1,1,3,4,.98791897,0,2,2.6946764
54,2,20,13114,0,2,20,0,1,0,3,1,8.5352669,1,3,1.3992316
36,1,20,13120,0,0,25,0,0,0,3,1,3.144166,0,1,1.6468602
43,5,8,13125,0,0,40,0,0,1,2,3,1.934167,1,4,2.7563343
20,2,8,13603,1,0,30,0,0,0,2,4,1.002948,0,3,1.0840516
40,3,17,13106,0,0,90,1,0,1,3,1,3.6083341,1,3,1.7813998
35,5,9,13117,1,0,60,1,0,0,3,4,1.1613179,0,3,1.0840516
37,5,13,13124,0,2,90,1,0,1,3,2,1.203333,0,2,1.6951157
46,6,12,13601,1,0,90,1,1,1,3,4,1.6345921,1,2,2.3160453
60,6,6,13125,2,0,30,1,0,1,3,4,1.489236,0,3,1.762104
35,5,12,13126,0,1,5,0,1,1,3,2,1.623333,1,3,3.049629
36,5,17,13113,1,3,35,1,0,1,3,1,1.433333,1,2,1.0840516
26,4,14,13117,0,0,25,1,1,1,3,1,2.3430829,1,2,3.2521546
22,2,14,13101,0,0,10,0,0,0,3,4,1.5700001,0,3,1.0840516
64,5,15,13201,0,0,5,0,0,1,3,1,1.5599999,1,3,2.2305565
54,6,12,13101,0,2,20,0,1,0,3,2,2.2221329,0,3,3.2212496
25,5,17,13124,0,0,105,1,1,0,3,1,1.645,1,5,1.4662199
24,5,17,13119,0,0,25,0,1,0,3,1,2.2820001,1,3,2.6637712
54,3,12,13111,0,0,120,1,1,1,3,4,1.603333,0,3,2.7482622
27,5,17,13114,0,0,15,0,1,0,3,1,12.649999,1,4,1.0840516
43,5,26,13113,0,1,45,1,1,1,3,1,3.2333331,1,2,1.0840516
62,5,17,13119,0,2,15,0,0,1,3,1,2.5,1,7,1.0840516
42,5,17,13501,0,0,30,0,0,1,3,1,1.5975,1,2,1.6334578
27,5,16,13101,0,0,60,1,1,0,3,1,1.678,0,2,1.3182778
23,6,12,13105,1,0,60,1,0,1,3,4,1.8,0,4,2.6946764
56,5,12,13124,1,0,120,1,0,0,3,1,2.1433339,1,4,2.9789512
55,5,19,13123,0,0,30,1,0,0,3,1,4.6183338,0,3,1.0840516
78,2,6,13131,0,0,15,1,0,1,3,2,.897834,0,2,3.1042125
45,5,17,13119,0,1,60,1,1,1,2,1,5,1,4,1.3182778
79,3,11,13123,0,0,5,0,0,1,2,1,7.25,1,2,1.0840516
54,5,17,13101,1,1,60,1,0,1,3,1,.07683,1,4,2.0201612
54,5,8,13403,0,0,60,1,1,1,1,4,.658786,0,4,1.0840516
57,4,13,13124,0,2,35,0,0,1,2,3,4.18783,1,4,2.6946764
57,5,16,13120,0,0,25,1,1,1,3,1,3.947499,1,4,1.5069903
40,5,14,13114,0,2,15,0,1,1,3,2,2.5735021,1,4,1.3182778
46,5,17,13120,0,1,30,0,1,1,3,1,12.205833,1,2,1.3182778
39,5,17,13101,0,0,110,1,0,1,1,1,1.0625,1,2,3.4193926
42,4,8,13112,0,0,60,0,0,0,2,3,.76783401,0,3,3.1225107
19,5,13,13104,0,0,10,0,0,0,3,3,1.253,1,4,2.4559152
50,5,15,13118,0,0,60,1,1,1,3,2,1.6799999,1,2,2.6544931
37,5,12,13117,0,1,20,1,1,1,3,4,1.082585,1,4,3.2521546
32,5,16,13201,1,0,20,0,1,1,3,1,2.2,1,3,1.0840516
33,2,12,13202,0,0,10,0,1,0,3,2,3.676667,1,6,1.1784078
35,5,10,13110,0,2,40,1,0,1,3,3,.81455898,0,3,1.7049811
37,5,19,13114,0,0,30,0,0,1,3,1,3.8499999,1,2,1.412634
54,6,17,13101,0,0,15,0,1,0,3,1,1.670334,0,2,2.1019104
29,5,17,13122,0,0,40,1,0,0,3,1,3.863333,1,4,1.0840516
36,6,8,13401,0,0,20,0,0,0,2,2,.40000001,0,1,4.1882644
54,5,17,13110,0,0,10,0,1,1,3,1,3.1308341,1,2,1.0840516
34,5,15,13201,0,1,60,1,1,0,3,1,1.6799999,0,3,1.5605761
37,3,20,13132,0,0,45,1,1,0,3,1,6.6916671,1,4,1.0840516
43,4,16,13128,0,2,30,0,0,1,2,1,3.4300001,1,2,1.6415299
55,6,11,13502,0,0,5,0,0,1,3,2,1.8,1,3,1.0840516
37,10,14,13119,0,0,7,0,0,0,3,1,1.0225,0,2,2.2498524
50,5,12,13118,0,0,30,0,1,0,3,1,1.87225,1,2,4.0531373
28,5,16,13125,0,0,120,1,1,0,3,1,1.8925,0,4,2.0737469
31,2,16,13105,0,0,75,1,0,0,3,2,.688667,0,2,3.7572532
23,6,12,13124,0,1,90,1,0,0,3,2,1.295002,0,4,3.2521546
50,5,7,13131,1,0,1,1,0,1,3,3,2.287257,1,5,2.8654513
40,4,20,13114,0,0,50,0,0,0,3,1,3.0916669,1,1,1.7278141
54,5,12,13125,0,0,120,1,0,1,3,4,1.3,0,3,1.7004461
42,5,12,13101,0,2,60,1,0,1,3,1,1.051049,0,2,2.4604502
46,2,21,13123,1,0,45,1,0,1,3,1,4.4333339,1,2,1.0840516
27,5,9,13112,0,2,60,1,0,1,3,4,1.651841,0,6,2.3160453
47,3,8,13104,0,0,15,0,1,0,2,2,.44999999,0,2,3.7572532
33,6,12,13109,0,0,20,0,1,1,3,2,.80000001,0,2,1.6334578
27,5,15,13111,0,0,60,1,0,0,2,1,2.262167,1,5,2.7697368
30,4,8,13105,1,0,60,1,1,0,3,4,.53157097,0,2,2.4787481
23,5,12,13105,1,1,10,0,0,1,3,4,.73547202,0,3,2.3160453
61,5,13,13131,0,0,50,1,1,1,3,4,.70499998,0,3,1.5605761
33,5,12,13402,1,0,25,0,0,1,3,3,4.1974692,1,4,1.6468602
51,5,12,13119,0,1,30,0,0,1,3,4,2.6025,1,3,1.0840516
60,4,11,13604,0,1,20,0,1,1,1,2,4.737,1,4,2.3160453
27,1,19,13123,0,0,20,1,1,1,3,1,.96249998,0,2,1.9620403
38,5,10,13105,0,2,120,1,0,1,3,3,.79846603,0,4,2.3160453
38,6,12,13110,0,0,60,1,1,1,3,1,1.408083,0,2,3.8516095
29,5,17,13301,0,0,90,0,1,1,3,1,6.2975001,1,2,1.0840516
23,1,16,13604,0,0,150,0,1,1,2,2,4.2408328,1,3,4.2418499
36,5,16,13201,0,0,15,0,1,1,3,1,.65591699,1,2,2.2986948
32,5,12,13201,0,2,10,0,0,1,3,1,2.521508,1,4,2.5421994
42,5,10,13105,0,1,45,0,0,1,3,3,.85000002,0,3,1.1784078
31,6,10,13401,1,2,20,1,1,1,2,2,1.80187,1,2,3.0634422
42,1,16,13119,0,0,90,0,0,1,1,3,2.731667,1,3,3.3156059
34,5,17,13120,0,0,15,0,0,1,3,1,2.8983331,1,2,1.5069903
56,3,7,13203,0,0,10,0,0,1,2,2,.75,0,3,1.0840516
50,5,13,13118,0,0,20,1,1,0,3,2,1.030687,0,3,4.0531373
33,2,15,13124,0,1,40,1,1,1,3,1,2.7314351,1,6,4.2418499
58,5,12,13201,0,0,25,0,1,0,3,2,1.033083,0,2,1.2319936
39,5,25,13132,0,0,40,0,1,0,3,1,18.860352,1,3,2.335341
35,3,17,13110,0,0,15,0,1,0,3,1,1.658917,1,2,1.5278777
62,5,7,13130,1,2,120,1,1,0,4,4,2.5759809,1,7,1.9701124
28,5,14,13402,0,0,60,0,1,0,3,2,1.0163029,1,6,2.2498524
26,5,16,13403,0,1,40,1,1,0,3,1,1.59,1,3,1.0840516
26,5,16,13110,0,0,60,1,1,1,2,1,1.686417,1,2,3.3906662
42,5,8,13104,1,4,45,1,1,1,3,4,1.7846971,1,3,2.6982136
38,6,15,13121,1,1,15,0,0,1,3,2,1.03,0,4,3.1577983
38,5,15,13101,1,0,5,0,0,0,3,2,1.6353329,0,1,2.7809606
44,6,18,13101,0,0,45,1,1,1,3,2,2.464833,0,4,2.4466369
18,5,9,13101,0,0,10,1,0,0,3,3,.2,0,1,1.0840516
48,6,4,13121,1,0,120,1,0,1,2,3,1.878667,0,3,2.7482622
50,5,17,13122,0,1,30,0,0,1,3,1,6.5,1,3,1.0840516
19,4,10,13128,0,0,60,1,0,0,3,2,.44999999,0,3,3.3638611
32,5,15,13124,1,1,40,1,1,0,3,1,1.206,0,1,4.1474938
30,5,10,13126,0,1,120,1,1,0,4,4,.44999999,0,1,2.9155002
35,2,17,13401,1,0,90,1,0,1,3,2,.97731799,0,2,2.2677898
77,6,5,13113,0,0,60,0,0,1,2,2,1.377622,1,2,2.1681032
68,5,8,13101,0,0,25,1,0,0,3,2,1.1,0,1,2.4023294
24,5,12,13128,0,1,30,1,1,1,3,1,2.4287579,0,2,2.1681032
27,6,11,13108,0,1,90,1,0,1,3,2,1.86,0,4,1.3992316
76,2,12,13120,0,0,40,0,0,0,3,1,3.4601669,1,2,1.0840516
64,3,1,13115,0,0,120,1,1,0,4,4,.73000002,0,2,2.2498524
54,5,18,13114,0,0,20,0,1,1,3,1,7,1,3,1.0840516
58,1,8,13106,0,0,20,0,1,0,2,2,.264393,0,1,3.4635479
29,6,14,13110,0,0,90,1,1,0,3,2,1.1533329,0,1,3.8189111
39,5,17,13105,0,2,20,1,0,1,3,2,1.246393,0,5,1.3799356
49,6,12,13302,0,0,60,0,1,1,3,4,2.6739171,1,3,1.0840516
40,3,25,13102,0,0,60,1,1,1,3,1,1.75,1,2,2.6446276
38,4,17,13111,0,0,30,0,0,1,3,1,.97391701,0,2,2.3160453
52,5,13,13119,0,0,20,0,0,1,3,3,1.1435,1,4,1.7867303
24,2,15,13110,0,0,60,1,0,0,3,3,1.7,1,3,1.0840516
45,6,6,13503,0,0,60,0,0,0,3,4,1.359333,1,4,2.182864
27,1,10,13112,0,2,150,1,1,0,3,2,.495,0,2,2.5949895
15,4,9,13121,0,1,30,0,0,0,2,2,1.722345,1,3,3.0098562
34,6,20,13120,1,1,90,0,0,1,3,1,2.643333,0,2,2.1145172
43,4,12,13403,0,0,40,0,0,0,3,2,1.8150001,1,3,1.0840516
82,5,11,13132,0,0,45,0,0,1,1,1,4.4499998,1,2,1.0840516
25,6,12,13101,0,0,15,0,0,0,3,2,.60250002,1,1,3.2440825
25,3,17,13132,0,0,10,0,1,0,3,2,7.7008338,1,4,1.6468602
31,5,17,13301,0,2,15,0,0,1,3,1,2.1875,1,2,2.1099823
58,1,12,13131,0,1,120,1,0,1,2,4,.39391699,0,2,4.0531373
30,5,12,13301,0,0,30,1,0,0,3,4,1.475722,0,3,3.0634422
69,1,7,13112,0,1,90,1,1,1,2,4,2.29217,0,5,2.221689
31,5,12,13101,0,0,20,1,0,1,3,4,2.0231659,0,3,2.0737469
40,3,17,13110,0,0,60,1,1,0,3,1,2.520833,0,1,2.0790772
25,7,12,13101,0,0,30,0,0,0,2,4,1,0,4,1.762104
45,3,18,13123,0,1,30,1,1,1,3,1,4.257833,1,2,1.1784078
57,5,12,13111,0,0,10,0,0,1,3,4,1.1133339,1,4,3.1077497
51,5,10,13129,0,0,60,1,1,0,2,4,.94999999,0,3,2.1635683
47,5,12,13602,0,1,90,1,1,1,3,4,1.666666,1,2,3.0098562
39,5,12,13102,0,1,60,0,0,1,3,3,1.91,1,4,1.2319936
30,5,15,13125,0,1,30,0,1,0,3,1,.85000002,1,1,2.1019104
32,5,12,13120,0,0,60,1,1,0,3,2,1.401,0,2,1.0840516
49,4,12,13122,0,0,15,0,1,0,3,1,.350584,0,3,1.1784078
50,7,15,13119,0,0,1,0,1,0,2,2,1.5,0,2,1.0840516
47,5,11,13127,0,0,3,0,0,0,2,4,.64999998,0,1,4.2418499
51,2,4,13105,0,0,10,1,0,0,3,4,1.418861,0,4,1.0840516
25,3,16,13114,0,0,45,0,1,1,3,1,3.0250001,1,2,1.412634
41,5,15,13402,0,0,60,1,1,1,2,2,1.55,1,4,2.6812737
58,6,8,13119,1,1,45,0,1,0,2,2,1.613084,1,3,1.0840516
25,5,15,13112,0,0,25,1,0,0,2,2,2.25,1,5,2.1681032
33,6,10,13401,0,2,10,0,1,1,2,2,1.05865,1,3,2.2305565
23,6,15,13101,0,1,7,0,1,1,2,2,1.058333,0,2,2.8037934
43,2,14,13106,1,1,30,1,1,1,3,2,4.4352322,1,4,1.0840516
21,3,12,13110,1,0,15,1,1,1,3,3,.5,1,2,2.4023294
25,4,18,13123,0,0,10,0,0,1,3,1,4.3425002,1,2,2.4430997
32,4,7,13501,0,0,25,0,1,1,2,2,.059999999,0,2,2.1681032
24,2,15,13129,0,0,120,1,1,0,3,1,1.056417,0,1,1.7049811
52,6,12,13104,0,0,10,0,0,0,3,4,1.0599999,0,3,3.5445015
56,5,8,13503,1,1,30,0,0,1,2,3,1.208726,1,5,1.3763986
48,5,12,13124,0,0,60,0,1,1,3,1,3.71,1,3,1.0840516
32,5,17,13120,0,0,40,0,0,0,3,1,3.180584,1,2,3.0098562
23,5,14,13102,0,0,40,1,0,0,3,2,1.85131,0,4,1.3182778
50,6,8,13104,0,0,100,1,0,1,3,2,1.014334,0,2,1.9346724
55,6,15,13118,0,0,30,1,0,1,3,4,1.360611,1,4,1.7004461
29,6,8,13119,0,2,15,1,0,0,3,4,1.723552,0,5,1.3799356
26,5,17,13302,0,0,30,0,0,0,3,1,1.2722501,1,2,3.6093111
47,5,12,13114,0,1,30,0,1,1,3,2,2.116864,0,7,3.0153391
24,6,17,13110,0,0,90,1,0,0,3,1,1.523083,0,2,2.3977945
40,6,12,13129,1,2,20,1,1,1,3,3,.78024101,1,4,3.2521546
37,5,12,13601,1,0,45,1,1,1,3,4,1.3099999,1,4,3.0406091
27,6,12,13130,0,1,60,1,0,1,3,4,.55000001,0,3,4.0531373
42,5,17,13401,1,0,120,1,1,1,3,1,5.7133331,1,2,3.4591653
26,5,13,13105,0,0,20,1,1,0,3,1,1.237162,0,4,3.1577983
48,5,12,13404,0,0,50,0,0,1,3,4,1.691667,0,5,4.0531373
25,6,12,13201,0,0,30,0,0,1,3,4,2.17542,0,6,2.6410906
60,2,18,13119,0,0,90,1,1,1,3,1,7.4941678,1,4,1.0840516
31,5,15,13110,0,0,30,1,1,1,3,1,4.0666671,1,5,1.0840516
36,6,15,13128,0,0,60,1,0,0,3,3,.52999997,0,1,2.4023294
44,5,8,13201,0,0,10,0,0,1,3,3,1.262133,1,3,3.1577983
30,5,16,13201,0,0,15,0,1,0,3,1,3.3623631,1,3,1.3182778
58,2,8,13504,0,0,5,0,1,1,3,4,.59324998,1,2,3.0634422
40,5,15,13104,1,0,45,0,0,1,3,2,1.068167,1,3,4.1474938
32,3,18,13123,1,0,15,0,1,1,2,1,2.0274999,1,2,1.1784078
34,6,17,13122,0,2,150,0,0,1,3,3,3.2674999,1,2,3.4227774
50,3,12,13101,0,1,60,1,0,1,2,2,1.3131779,1,4,3.2976685
35,5,15,13401,1,1,90,1,1,1,3,1,.777686,1,2,1.5069903
67,3,5,13301,0,0,20,0,0,1,2,2,1.943785,1,2,1.0840516
24,5,18,13114,0,0,15,0,1,0,3,1,2.02,0,2,1.0840516
70,5,5,13120,0,0,20,0,0,0,2,2,.40586099,0,3,2.3442085
64,4,12,13110,0,0,5,0,1,0,2,2,.85900003,0,3,2.0201612
59,5,18,13122,0,0,30,0,1,1,3,1,12.918334,1,6,1.0840516
65,5,12,13604,0,0,15,0,1,0,3,2,1.21975,0,4,2.2498524
28,5,12,13118,0,0,120,0,0,0,3,4,3.9458339,1,4,3.9051952
36,5,18,13114,1,0,15,0,0,1,3,1,8.8833332,1,2,1.5069903
24,6,12,13111,0,0,90,1,1,1,3,2,1.2125,1,2,1.3799356
41,5,8,13501,0,1,15,0,0,1,3,4,.94800001,1,2,1.0840516
56,6,12,13110,0,0,90,1,1,1,3,4,1.85,1,3,2.0737469
33,5,12,13403,0,0,45,1,0,0,1,4,1.15,0,2,1.0840516
31,5,17,13120,0,0,30,1,0,1,1,1,3.9000001,0,2,1.7049811
24,5,9,13126,1,0,60,1,0,1,3,4,2.306637,0,4,1.0840516
37,5,19,13123,0,0,60,1,0,1,3,1,6.768333,1,2,1.7278141
40,5,12,13101,1,0,60,1,1,1,4,4,.83200002,0,3,1.0840516
53,5,19,13114,0,0,15,0,1,1,3,1,11.101667,1,4,1.412634
66,4,18,13120,0,0,40,1,1,0,3,1,4.0083332,1,1,1.3263499
35,5,15,13129,0,1,60,1,1,1,2,2,1.098875,0,5,3.2440825
55,4,15,13129,0,0,45,0,1,1,3,1,1.896916,1,2,1.6549324
41,5,15,13125,0,0,10,0,0,0,3,4,.82999998,0,1,4.0210261
47,5,15,13502,0,1,20,0,1,1,3,1,2.073,1,3,2.6058028
30,1,12,13114,0,0,420,1,0,1,3,2,2.2239349,1,6,1.3182778
52,2,15,13108,0,0,60,0,1,0,2,1,.83974999,1,1,3.1268933
47,5,12,13107,0,0,30,1,1,0,3,4,1.061667,0,2,1.7144115
37,3,18,13122,0,1,45,0,1,0,3,1,3.2821641,1,1,1.7358861
28,5,10,13119,1,1,90,1,1,0,3,2,1.462,0,6,2.4023294
44,6,12,13121,2,1,10,0,0,1,2,2,4.2971249,1,7,2.7890327
53,5,11,13302,0,0,30,1,0,0,3,4,.90490299,0,1,2.1635683
38,10,15,13603,0,0,60,0,1,1,3,1,2.5,1,4,1.5525041
56,5,9,13125,1,0,30,1,0,1,3,4,.86816698,0,2,1.3799356
21,6,12,13111,0,1,60,1,0,0,3,3,1.155214,0,2,1.8529232
49,5,20,13123,0,0,30,1,1,1,3,1,6.5705829,1,7,1.1784078
41,4,12,13119,0,0,80,1,1,0,2,3,1.0831341,0,3,1.8623536
26,12,17,13101,0,0,20,0,0,1,3,3,2.406667,0,3,2.0156262
36,4,12,13604,0,0,45,0,1,0,3,2,1.86,0,4,2.6312251
46,4,12,13504,0,0,95,0,0,0,3,2,.80000001,1,1,1.412634
39,5,18,13101,0,0,80,0,0,1,3,1,7.902082,1,2,1.6334578
62,5,12,13125,0,0,120,1,0,1,2,3,1.058,0,2,2.0826144
43,3,13,13103,0,0,30,0,1,1,2,2,1.565679,0,3,1.9293419
34,5,16,13132,2,1,5,0,1,1,3,1,7.1824999,1,2,1.4935879
59,2,7,13503,0,0,15,0,1,0,4,4,1.998785,1,3,1.0840516
26,5,12,13107,0,1,60,1,0,0,2,4,1.21,0,3,1.7278141
56,7,12,13401,0,1,60,0,0,1,3,2,1.95,0,3,1.7049811
33,5,11,13118,0,0,60,1,1,0,3,3,3.8516669,0,4,1.2319936
45,5,12,13124,0,0,60,1,1,1,3,2,2.1833341,1,4,1.7813998
71,1,10,13130,0,0,60,1,0,1,2,2,.92550802,0,2,3.5364296
40,5,16,13603,0,1,120,0,1,0,3,1,1.8918329,1,2,1.8355728
36,6,12,13401,1,1,20,0,0,1,2,4,.88,1,3,1.0840516
59,2,13,13201,0,3,60,1,1,0,3,2,.115,0,1,4.3362064
55,5,12,13127,0,0,60,1,0,0,4,4,1.4,0,3,2.7129743
37,5,16,13121,1,1,20,0,0,1,3,1,1.914171,1,3,3.0634422
37,6,12,13402,0,1,10,1,1,0,3,4,1.010257,0,1,1.1784078
25,6,15,13113,0,0,40,0,0,0,3,1,3.679167,1,6,1.0840516
32,1,15,13402,0,3,30,0,0,1,3,1,1.761093,1,4,1.0840516
41,5,14,13116,0,1,120,1,0,1,3,2,1.507129,0,4,2.8288052
61,5,10,13123,0,0,30,0,1,1,3,4,1.308333,0,2,1.0840516
45,6,12,13103,0,0,10,0,0,1,3,4,.93849999,1,2,1.8483882
35,5,17,13123,0,0,30,0,1,1,3,1,4.8558331,1,3,1.0840516
40,3,17,13120,0,0,60,1,1,0,1,3,1.796417,1,2,1.4662199
51,5,3,13110,0,0,10,0,1,0,2,2,.039999999,0,4,4.0531373
40,6,12,13112,0,1,30,0,0,0,2,2,.94999999,1,4,2.3160453
60,6,10,13201,0,0,40,1,1,0,3,2,2.5339999,1,2,3.2521546
33,5,8,13301,0,0,60,0,0,1,3,4,2.131917,1,5,2.123385
42,6,12,13303,0,1,30,0,1,0,3,2,.74000001,0,1,1.0840516
70,1,8,13404,0,0,15,0,0,1,2,2,1.52372,1,5,1.6468602
40,6,15,13101,0,0,30,0,0,1,3,4,2,1,2,2.6410906
26,3,17,13201,0,1,90,1,1,1,3,1,1.906639,1,3,2.6446276
67,6,3,13402,0,0,30,0,0,1,3,4,1.429778,0,4,1.0840516
36,5,14,13302,0,2,60,0,1,1,3,2,2.2497211,1,3,1.1784078
38,3,14,13106,0,0,90,1,1,1,3,1,3.6083341,1,3,1.7813998
64,5,14,13117,0,0,30,1,0,1,3,1,1.078333,1,2,3.2521546
22,6,13,13106,0,0,60,1,1,0,3,1,2.0704999,1,4,4.3362064
45,5,11,13402,0,0,60,1,0,1,3,4,.78200001,0,2,2.3942573
34,6,10,13112,1,1,90,1,0,1,3,3,.55000001,0,2,3.1806314
68,2,6,13119,0,0,5,0,1,0,2,2,1.029071,0,3,2.7890327
52,1,7,13601,0,0,20,0,1,1,4,2,1.2925,0,2,2.499275
41,6,8,13111,0,0,5,0,0,1,1,3,1.7208329,1,3,3.8323138
57,6,10,13103,0,2,90,1,0,0,3,3,1.26,0,2,3.0098562
33,2,19,13123,0,0,30,1,0,0,3,1,1.67,1,1,1.3182778
54,2,9,13203,0,1,60,0,0,1,2,4,.62,1,2,1.0840516
34,5,17,13101,1,0,25,1,1,1,3,1,2.8487501,1,2,2.5695672
54,7,12,13131,0,1,45,0,0,1,3,1,1.878785,1,2,2.954325
32,6,16,13605,1,1,90,1,1,1,3,2,1.429679,1,4,2.8962042
44,5,12,13103,1,0,45,1,0,1,3,4,1,1,3,2.3079731
30,5,17,13114,0,0,50,0,0,1,3,1,2,1,2,1.3182778
40,6,12,13106,0,0,30,0,0,1,2,4,1.3247499,1,2,2.0563965
46,4,12,13201,0,0,90,0,0,0,2,3,.40724999,0,4,1.0840516
53,5,12,13125,1,0,35,0,0,1,3,2,1.692118,0,3,2.0236981
54,5,13,13201,0,0,75,1,1,1,3,2,1.266233,0,3,4.0531373
56,5,14,13123,0,0,5,0,1,0,3,1,2.136667,0,3,1.0840516
49,5,17,13123,0,1,30,0,0,1,2,1,6,1,3,1.0840516
44,5,19,13115,0,2,45,0,0,1,3,1,11.5,0,2,2.0371008
43,6,12,13117,0,2,30,0,0,0,3,2,1.608,1,2,1.0840516
38,2,16,13202,0,0,120,1,0,0,3,1,.68416703,0,1,1.6334578
30,5,19,13101,0,0,20,0,1,0,3,1,2.246666,1,2,3.1042125
24,5,12,13109,0,0,40,1,1,0,3,1,1.2,0,2,2.77563
53,6,12,13101,0,0,80,1,1,1,4,2,.654167,0,2,4.0531373
25,2,14,13126,0,0,90,1,1,0,3,2,.69999999,0,2,2.6083922
62,6,7,13602,0,1,10,0,0,1,3,4,.80000001,1,2,1.0840516
72,5,15,13114,0,0,60,1,1,0,3,1,1.516667,0,2,1.0840516
48,1,12,13118,2,0,45,0,0,1,2,4,.94999701,1,2,2.9517355
56,7,12,13505,0,0,60,0,0,0,1,1,1.25831,1,3,1.0840516
50,3,8,13119,1,0,70,0,0,1,2,3,1.205,1,3,2.4659328
23,5,14,13201,0,0,90,1,1,0,3,2,1.1815,0,2,3.7058463
47,5,10,13103,0,1,60,0,0,0,3,3,.48833299,1,1,2.0201612
48,6,14,13107,0,1,40,1,0,1,3,2,2.214592,1,3,2.9905605
44,6,8,13501,0,0,30,1,0,0,3,4,1.143333,0,3,1.0840516
51,5,19,13132,0,1,30,0,0,1,3,1,2.5583329,1,3,1.0840516
18,5,12,13203,0,0,10,0,0,0,3,3,.70393503,0,3,1.0840516
35,5,12,13116,1,1,45,1,1,1,3,2,1.13,1,4,2.8426185
48,5,12,13605,0,0,150,1,0,1,3,2,.90450001,1,4,2.3079731
52,6,12,13404,2,0,15,0,1,0,3,4,1.3200001,0,4,2.2498524
42,5,17,13106,0,1,90,1,1,0,3,1,3.353333,0,2,3.6536188
30,5,14,13131,0,0,60,1,0,0,3,4,3.6010001,1,5,3.0634422
27,5,15,13101,0,0,5,0,0,0,3,2,1.564167,1,1,1.3182778
41,5,12,13110,0,1,60,0,1,0,3,2,1.746654,1,3,1.3182778
42,3,8,13119,0,0,20,0,1,1,2,2,1,1,3,1.0840516
49,5,18,13123,0,0,35,0,0,1,3,1,6.5705829,1,7,1.1784078
23,5,13,13110,0,0,20,0,1,1,3,1,.716667,0,2,2.4251623
23,4,15,13115,0,0,60,1,1,0,3,2,1.266667,1,3,2.1681032
33,2,17,13120,0,0,80,1,0,0,3,1,8.2079172,1,3,1.7278141
26,6,12,13201,1,1,30,1,1,0,3,4,1.0651031,0,4,2.3079731
32,3,17,13115,0,1,30,1,0,1,3,1,5.1350002,1,2,1.2319936
30,5,16,13101,0,1,30,1,0,1,3,2,1.3150001,0,2,2.1019104
25,5,17,13132,0,0,30,0,1,0,3,1,7.9458342,1,3,1.3182778
23,5,16,13101,0,0,30,0,0,1,2,3,.76999998,0,6,1.867684
58,7,12,13109,0,0,30,0,0,1,3,4,1.98,0,4,1.7813998
29,5,17,13101,0,0,50,1,1,1,3,1,2,1,2,2.0201612
31,5,12,13604,0,1,60,1,0,1,3,4,1.569167,1,3,1.0840516
33,6,12,13112,1,1,120,1,0,1,3,3,.46301001,0,2,4.0531373
46,6,12,13120,0,0,20,1,0,0,3,3,3.2278521,1,10,2.2543874
55,5,12,13128,0,0,30,0,1,1,3,1,1.1644419,1,4,3.1577983
49,6,12,13112,0,0,10,0,1,1,3,2,1.65,1,4,2.9324398
62,4,12,13102,0,0,9,0,0,1,3,2,1.353627,0,2,2.9369748
33,5,17,13120,0,0,15,0,1,1,2,1,3.5,0,2,1.867684
53,6,12,13106,0,0,30,1,0,1,3,4,2.5999999,0,5,2.7809606
24,6,15,13119,0,0,40,1,0,1,3,1,.83333302,0,2,2.1681032
65,6,2,13121,2,1,30,0,1,0,2,2,4.2971249,1,7,2.7890327
43,5,19,13114,1,1,15,0,0,1,3,1,4.8699999,1,2,1.6334578
55,5,12,13125,0,0,90,1,1,1,3,2,1.239741,1,4,3.003963
38,5,17,13114,1,1,15,0,1,1,3,1,21.910334,1,2,1.6468602
44,5,13,13201,0,0,10,0,1,0,3,1,1.31375,0,2,3.1577983
47,5,10,13117,0,0,30,1,0,1,3,4,2.3825099,0,5,1.4662199
38,4,12,13401,0,0,20,0,0,0,3,2,1.5200599,1,3,3.2113843
53,6,14,13119,0,0,60,1,1,0,3,2,.69,0,1,1.844851
35,2,12,13128,1,1,20,0,1,0,2,2,.847386,1,1,2.0201612
53,5,16,13118,0,0,30,0,1,1,3,2,2.8599999,1,3,2.28514
50,5,16,13114,0,0,40,0,0,1,1,1,12.688417,1,4,1.6106248
41,3,8,13504,1,1,60,1,1,1,4,4,1.004437,0,3,2.6446276
43,5,12,13119,1,1,7,0,1,1,3,2,3.162966,1,3,1.3182778
21,5,13,13116,0,0,80,1,1,0,3,2,.54157001,1,3,3.4000967
22,4,12,13201,0,2,60,1,0,0,3,3,1.0369999,0,4,1.0840516
53,4,12,13501,0,0,10,1,1,0,3,4,1.20775,0,4,1.0840516
34,4,17,13201,0,0,10,0,1,0,3,1,6.4754162,1,4,1.844851
37,1,16,13114,0,2,15,0,1,1,2,1,5.3375001,1,2,1.3182778
29,5,15,13605,0,0,20,0,0,0,3,1,.30000001,1,3,1.7278141
57,5,8,13111,0,0,60,1,1,0,4,4,0,1,4,1.8529232
47,5,6,13401,0,0,60,0,0,1,3,4,.75,1,3,1.0840516
70,6,4,13110,0,0,30,0,0,0,2,2,.72600001,1,1,1.1784078
59,3,11,13121,0,0,10,0,0,0,2,2,.34999999,0,1,1.9620403
26,3,12,13501,0,0,30,0,0,0,2,3,1.230378,1,4,1.5525041
55,5,12,13115,0,0,20,0,0,1,3,4,.80000001,1,3,3.0098562
31,6,16,13106,1,0,25,1,0,1,3,1,.899243,0,2,2.2043386
20,5,13,13403,0,1,15,0,0,0,3,4,1.553323,0,6,1.0840516
59,5,18,13120,0,0,20,1,0,1,3,1,3.2950001,1,3,2.0563965
55,5,12,13119,2,0,30,1,1,0,4,4,.57782602,0,3,2.4049187
87,5,5,13201,0,0,10,0,1,0,2,2,4.2139168,1,4,2.2498524
45,5,12,13119,0,1,60,0,0,1,3,4,1.135833,1,3,1.9427444
71,4,19,13101,0,0,60,1,0,0,2,2,1.95,0,2,2.1019104
29,4,19,13120,0,0,30,1,0,0,3,1,2.603333,1,2,1.3182778
50,5,17,13117,0,0,40,1,0,0,3,2,.94499999,0,1,3.3057404
60,5,8,13501,1,0,10,0,1,1,2,2,3.609138,1,5,1.0840516
35,5,22,13123,0,0,80,0,0,1,3,1,6.768333,1,2,1.7278141
50,5,0,13603,0,1,30,0,0,0,3,3,2.131763,1,7,1.0840516
34,5,12,13203,0,0,25,0,0,0,3,4,1.381667,1,5,1.0840516
53,6,12,13601,0,0,45,0,0,0,3,4,2.451334,1,2,1.0840516
34,5,13,13118,0,0,20,1,1,0,3,1,1.038667,0,2,2.7890327
63,6,0,13111,0,0,15,0,1,1,2,2,.761325,1,2,1.3182778
33,5,12,13122,0,1,90,0,0,1,3,3,2.7809999,1,5,1.3182778
21,4,14,13114,0,0,30,0,1,0,2,2,2.7,1,5,1.0840516
27,4,12,13127,0,0,30,0,0,0,3,4,1.532499,1,2,1.8810865
60,5,23,13114,0,0,30,1,1,0,3,1,7.2833328,0,1,1.5525041
66,5,10,13127,0,0,30,1,1,0,3,1,.44929501,0,1,1.5471736
39,6,12,13604,0,0,90,0,0,0,3,3,1.86,0,4,2.6312251
38,4,15,13118,0,0,120,1,1,1,3,2,1.113783,0,2,1.7004461
59,5,12,13127,0,0,40,1,1,1,4,4,2.139416,0,2,3.0996776
19,5,12,13401,0,2,20,1,0,0,3,4,1.076902,0,2,1.0840516
59,6,12,13106,0,0,45,1,1,1,3,3,2.9854169,1,7,2.0737469
40,6,12,13110,0,1,40,0,0,1,2,1,2.95,1,3,2.4657805
53,6,17,13132,0,0,60,1,1,1,3,1,6.1983328,1,3,1.412634
21,6,12,13109,0,0,2,0,0,1,3,1,1.581167,0,2,2.5195186
33,5,17,13107,2,0,45,1,1,1,3,1,3.1689999,1,10,3.2521546
21,6,12,13125,0,1,15,0,0,0,3,4,1.8863339,1,4,2.1354048
25,2,17,13114,0,0,35,1,1,1,3,1,1.8625,1,2,1.844851
50,5,16,13601,0,1,10,0,1,1,3,1,2.7333331,1,2,1.0840516
41,5,12,13122,0,1,30,1,1,1,3,1,1.16475,0,3,3.2212496
23,2,14,13129,0,0,30,1,1,0,3,2,.63999999,0,2,1.0840516
34,5,12,13401,1,0,60,1,0,1,3,3,.322,1,2,2.9905605
50,5,17,13124,0,1,40,0,1,1,3,1,1.354167,1,6,2.0737469
33,5,15,13105,0,1,60,1,1,0,3,1,1.433,0,2,1.6722827
20,5,12,13103,0,1,30,0,0,0,3,4,4.2543941,1,4,2.7482622
45,5,14,13110,0,2,60,1,1,1,3,1,3.2014439,1,4,3.5627997
50,5,15,13101,0,0,5,0,0,0,3,1,2.2,0,1,2.8266265
35,4,17,13201,0,1,30,0,1,0,3,1,2.416667,1,1,1.5605761
74,5,12,13402,0,0,30,1,1,0,3,2,.99386102,0,2,1.3182778
42,5,12,13126,0,2,90,1,1,1,3,4,.43000001,0,3,1.0840516
41,5,17,13126,0,2,40,1,1,1,3,1,4.5025001,1,2,2.8380835
36,3,20,13114,2,0,15,0,0,1,3,1,10.928335,1,2,1.0840516
42,7,11,13119,0,0,75,1,0,0,3,4,2.686167,1,5,2.3522806
40,5,12,13122,0,2,60,1,1,1,3,1,1.79356,1,3,2.623153
58,5,7,13201,0,0,120,1,0,1,3,3,1.3475,0,2,2.8802123
43,6,13,13122,0,0,15,0,0,1,3,2,2.311667,1,4,2.4023294
43,6,12,13108,0,0,30,1,0,1,3,1,1.91,1,5,1.0840516
31,5,13,13112,0,2,20,0,1,1,3,1,1.595992,1,2,3.2521546
58,5,15,13401,0,0,40,0,1,1,3,1,2.541666,1,4,1.0840516
29,6,12,13117,0,0,15,0,0,0,3,3,1.284393,0,4,2.2498524
19,2,14,13110,0,0,30,0,1,0,3,4,1.176,0,3,4.0076237
47,5,15,13119,0,1,45,0,1,1,3,2,2.7508609,1,4,2.2315543
31,6,10,13116,0,3,90,1,0,1,3,4,1.8141201,0,4,2.9696729
60,5,10,13401,0,0,90,1,0,1,3,4,1.883333,0,3,3.2521546
40,5,15,13101,2,0,30,0,0,1,3,3,1.742844,1,2,2.5829697
35,3,19,13120,0,0,10,0,1,0,3,1,2.625,1,1,2.1962664
50,7,12,13129,0,0,30,0,0,0,3,4,1.296,1,3,1.0840516
34,7,12,13404,1,2,30,0,1,1,3,2,2.105,1,5,1.0840516
29,5,15,13120,0,1,60,1,1,0,3,1,1.662104,1,4,2.2270193
37,6,18,13126,0,0,90,1,0,1,3,1,3.5,0,2,2.8654513
27,5,17,13120,0,0,40,1,1,1,3,1,2.8074999,0,2,1.0840516
48,5,9,13201,0,2,5,0,1,0,3,4,1.378238,1,7,4.0531373
53,3,6,13122,0,0,30,1,1,1,4,4,1.156896,1,4,1.9258047
58,5,4,13302,0,0,60,0,0,1,3,4,.80000001,1,2,4.0531373
40,5,17,13105,0,2,90,0,0,1,2,1,4.208333,1,2,1.0840516
55,5,16,13404,0,0,15,0,1,1,2,1,15.591667,1,4,1.1784078
36,5,15,13118,0,2,10,0,0,1,2,3,1.121667,1,3,2.6946764
40,5,17,13401,0,3,15,0,1,1,3,1,2.95,1,2,1.3182778
49,7,3,13202,1,1,60,0,0,0,3,3,1.3545671,1,3,1.0840516
55,5,8,13302,1,1,45,1,0,1,2,3,1.121911,1,3,1.0840516
60,5,12,13127,0,0,30,1,0,0,3,1,1.076512,0,3,2.1681032
22,5,12,13104,0,0,20,1,0,0,3,2,1.15,1,2,2.3522806
22,5,12,13202,0,0,60,0,0,1,3,4,3.676667,1,6,1.1784078
19,2,11,13119,0,1,30,1,0,0,3,4,.76443702,0,2,1.5605761
56,4,17,13107,0,0,40,1,0,0,3,2,.50375003,0,1,1.4935879
20,7,12,13101,2,0,75,1,1,0,3,2,1.98,0,4,3.1676638
62,6,5,13109,0,0,60,0,1,1,2,2,.94391698,0,2,1.0840516
40,5,15,13101,0,0,30,1,1,1,4,2,1.104167,0,2,2.8619142
21,2,14,13123,0,0,60,1,1,0,2,1,.88999999,0,1,1.7278141
61,5,13,13119,0,0,60,1,1,0,3,4,1.14,0,2,2.8833888
30,3,12,13111,1,3,20,0,1,1,2,4,.62053603,0,2,2.6312251
52,7,19,13110,0,2,10,0,0,1,2,1,3.2014439,1,4,3.5627997
53,4,15,13124,0,0,20,0,1,1,3,2,1.47,1,4,1.0840516
20,6,12,13101,0,3,90,1,0,0,3,3,1.45,0,4,1.0840516
42,5,16,13120,0,0,40,0,1,0,3,2,1.312317,1,2,1.0840516
45,5,12,13501,0,0,30,0,1,0,3,2,1.735235,0,5,2.677326
30,5,17,13123,2,0,2,0,1,1,3,1,5.1478338,0,2,1.0840516
46,5,12,13115,0,0,5,0,0,1,2,3,1.406667,1,3,2.0697989
63,5,15,13123,0,0,50,0,1,0,3,1,1.5470001,1,2,3.3691916
54,6,12,13122,0,0,30,0,0,1,3,2,2.105,1,4,2.4023294
43,4,17,13101,0,0,20,0,0,1,3,1,1.25,1,2,3.1940339
38,6,12,13101,0,2,60,1,0,1,3,2,2.2221329,0,3,3.2212496
28,5,12,13119,0,2,30,0,0,0,3,3,2.3187499,1,4,1.412634
29,5,18,13123,0,0,10,0,0,0,3,1,2.9875,1,1,1.0840516
34,5,17,13101,0,0,90,1,1,1,3,1,1.405,0,3,2.1681032
36,6,12,13112,0,0,40,0,0,0,3,4,1.84,1,5,2.7255814
28,6,12,13401,1,2,60,0,0,0,1,1,3.3418469,1,4,1.6334578
65,5,9,13104,0,0,20,1,1,1,3,2,1.23,1,2,1.0840516
24,6,12,13605,1,1,30,1,1,0,3,4,1.660193,0,5,1.0840516
54,5,17,13123,0,0,10,0,1,1,3,1,6.4499998,0,3,1.0840516
28,4,15,13114,0,0,90,1,1,0,3,1,1.414135,0,2,3.1042125
28,5,15,13121,0,0,90,1,0,1,3,4,.96250099,0,2,2.4966855
80,2,19,13114,0,0,60,0,0,1,3,1,3.1952679,1,4,2.0737469
28,6,15,13124,0,1,60,1,0,0,3,4,2.8464999,1,4,3.7653253
54,4,19,13101,0,0,60,1,0,1,3,2,2.1324999,0,3,1.0840516
32,6,15,13104,0,0,35,1,1,1,3,2,2.191,1,5,1.3799356
40,5,21,13118,0,0,15,1,1,0,3,1,2,0,2,2.5329211
40,5,12,13127,0,0,60,1,0,1,3,4,.40000001,1,4,2.4787481
60,5,9,13124,0,1,120,1,1,1,4,4,1.177269,0,2,1.3763986
27,1,12,13106,0,3,60,0,0,0,2,3,1.631851,0,3,3.0813797
60,2,12,13115,1,2,20,0,0,1,2,4,1.78,1,6,2.8426185
38,5,12,13119,0,0,60,1,0,1,3,2,1.467,1,2,2.1019104
25,5,17,13129,0,0,45,1,1,1,3,1,2.2217081,0,3,2.0335636
32,5,13,13125,0,1,15,0,1,1,3,1,2.5862501,1,2,1.412634
63,6,7,13118,0,0,60,0,0,1,3,4,1.90721,1,3,1.844851
78,1,8,13106,0,0,30,1,1,1,2,4,.57584202,1,2,2.4787481
44,5,19,13115,0,3,25,0,1,1,3,1,16.780416,1,3,1.0840516
50,3,15,13202,0,1,5,0,1,0,3,1,.87362498,1,1,1.614162
34,7,12,13302,0,0,5,0,0,0,2,2,.61475003,0,2,3.0153391
38,5,15,13131,0,0,90,1,1,1,2,1,.89999998,0,3,1.8395206
60,6,13,13201,0,0,60,1,1,0,3,2,1.671667,1,2,3.4863808
27,5,12,13119,0,0,60,0,0,0,3,4,1.005,1,3,2.8117132
53,6,12,13101,0,1,90,1,0,1,3,1,1.596967,0,2,3.1404481
18,3,12,13119,0,0,40,0,1,0,3,2,1.37,1,4,2.7890327
58,5,17,13120,0,0,30,1,0,1,3,1,7.5041661,1,4,3.3156059
60,5,12,13403,0,0,15,0,1,1,3,1,3.0650001,1,3,1.0840516
20,2,14,13201,0,0,90,1,0,1,3,2,.5,0,2,1.5525041
37,2,12,13201,0,1,120,1,1,1,3,2,.98925698,1,2,3.7379575
54,5,10,13301,2,0,10,0,0,1,2,3,2.4333329,1,4,3.0634422
57,5,14,13118,0,0,25,0,0,1,3,1,2.8599999,1,3,2.28514
27,2,13,13119,0,0,120,1,1,0,2,1,.94999999,1,3,2.1046519
52,5,6,13404,0,0,30,0,1,1,4,4,1.037221,1,3,2.1681032
18,5,12,13119,0,2,120,1,0,0,2,1,.63859898,0,2,4.2418499
56,5,12,13402,0,0,30,1,0,0,3,4,2.3499999,0,4,1.0840516
36,6,12,13112,0,1,90,1,1,0,3,4,.59500003,0,2,3.1577983
63,5,6,13604,0,2,90,1,0,0,3,3,1.690778,1,4,2.1681032
36,6,15,13303,1,1,10,0,1,1,3,2,1.091511,1,3,1.0840516
41,5,12,13119,0,1,90,1,1,0,3,2,1.549667,1,3,1.8757561
39,6,11,13201,0,1,20,0,0,1,3,2,1.157233,1,4,2.4738526
18,6,12,13201,0,0,60,1,0,0,3,2,1.278334,0,2,1.2319936
53,6,12,13105,0,0,90,1,0,0,3,4,.73000002,0,2,4.0531373
52,2,10,13201,0,0,60,1,1,1,3,1,3.75,1,3,1.7358861
33,6,12,13110,1,1,30,0,0,1,2,4,1.307775,1,2,1.5525041
24,5,9,13124,0,0,30,0,0,0,3,2,1.377,1,2,2.217741
44,6,7,13127,0,0,5,0,1,1,3,4,2.4889171,0,2,1.5525041
44,5,12,13107,0,1,45,0,0,1,3,2,2.018945,1,3,1.6951157
44,5,11,13126,1,1,50,1,0,1,3,2,1.4,0,6,1.5525041
38,5,20,13120,2,0,20,0,1,1,3,1,3.2549989,1,2,2.6410906
33,7,12,13119,0,0,150,1,0,0,2,2,.92416698,0,3,4.3362064
37,5,17,13402,1,0,15,0,1,0,3,1,2.3205831,1,1,1.0840516
35,5,15,13114,0,0,45,1,0,0,3,2,7.0500002,1,5,1.3182778
26,5,12,13105,0,1,60,1,1,0,3,2,1.119054,0,3,3.2521546
67,2,17,13115,0,0,30,0,0,1,3,1,16.5,1,3,1.7278141
52,6,16,13118,0,0,20,1,0,1,3,2,.67860401,0,3,1.8810865
30,5,17,13101,0,0,8,0,0,0,3,1,1.165833,0,1,2.2543874
29,6,16,13109,0,0,150,1,0,1,2,3,.44999999,1,2,2.7389839
21,5,8,13118,0,2,15,0,0,0,2,3,.983935,0,3,1.1784078
32,7,15,13501,1,1,35,0,0,1,3,1,1.5881391,0,3,3.0246172
31,5,12,13503,0,1,20,0,0,1,2,3,.77145302,1,2,1.6106248
62,3,11,13122,0,0,30,1,1,0,3,2,2.7079999,0,4,2.3213756
36,5,12,13104,1,1,60,1,1,1,3,4,1.589166,0,2,1.0840516
55,6,12,13127,0,0,60,0,0,1,3,4,1.005833,1,2,1.8757561
47,3,12,13203,0,1,30,0,0,1,2,3,1.818,1,3,1.5525041
48,5,18,13123,0,1,30,0,1,0,3,1,3.6099999,1,1,1.0840516
48,3,15,13302,0,1,60,0,1,1,1,1,5.3699999,1,4,1.8757561
66,1,7,13203,1,0,5,0,0,1,2,3,1.893947,0,3,1.3182778
40,5,12,13112,0,0,120,1,0,0,3,3,.80000001,0,2,4.0531373
36,5,16,13129,0,0,60,1,0,0,3,2,1.818334,1,2,2.4104013
29,5,16,13106,0,1,10,0,1,1,3,1,2.6949999,0,3,3.4828436
38,5,5,13102,1,3,60,1,0,1,3,3,2.5866671,0,7,1.7412165
54,5,19,13130,0,0,15,0,0,1,3,1,3.937556,1,5,1.6334578
20,5,12,13128,0,1,30,1,0,0,3,2,1.262736,0,3,2.1180544
56,6,2,13115,0,0,60,0,0,0,3,1,.82999998,0,1,2.9562705
35,6,17,13101,0,0,40,1,0,0,3,2,1,0,2,3.1577983
34,5,3,13125,1,0,120,1,0,1,3,3,2.2807109,0,5,1.5525041
57,5,6,13128,0,0,10,0,0,1,2,2,1.3,1,2,1.8810865
38,2,17,13109,0,1,25,0,0,1,2,1,2.300046,1,2,1.5525041
29,5,17,13131,0,0,40,1,1,0,3,1,1.51,0,3,2.9235721
27,5,12,13602,1,1,5,0,0,1,3,1,2.043,1,3,1.0840516
32,6,12,13603,0,1,20,0,1,0,3,4,2.1655779,1,4,2.9789512
29,5,26,13105,0,0,60,0,0,0,3,1,3.4200001,1,4,1.4742919
27,3,10,13123,0,0,35,0,0,0,3,2,1.655,0,1,1.3182778
41,3,12,13124,0,0,30,0,0,0,2,3,0,1,2,1.9258047
45,1,14,13114,0,2,40,1,1,1,3,2,2.4131441,0,3,1.3182778
31,6,8,13401,1,0,30,0,0,1,3,3,1.0599999,0,2,3.1349654
24,5,17,13126,0,0,60,1,0,0,3,1,3.2075,1,5,1.0840516
50,4,18,13130,0,2,90,1,1,0,3,1,2.0266671,0,2,1.0840516
64,5,11,13110,0,0,60,1,0,0,3,1,3.1099999,1,4,1.4662199
69,2,17,13123,0,0,45,1,0,0,3,1,1.7,1,2,1.0840516
53,5,12,13503,0,0,20,0,0,1,3,3,1.2,1,3,1.6334578
54,5,12,13112,0,0,75,0,1,1,3,2,.57999998,1,5,2.1681032
63,5,16,13126,0,0,30,0,0,1,2,4,3.2075,1,5,1.0840516
59,5,15,13110,0,0,75,1,0,1,3,1,.87083298,0,2,2.2498524
43,5,16,13119,1,2,60,0,0,1,3,1,2.5408781,1,3,2.9598076
27,3,16,13201,0,0,90,1,0,0,3,1,1.29,1,3,1.412634
39,4,15,13503,1,1,90,0,0,1,2,4,.69999999,1,2,1.0840516
31,5,12,13116,0,0,60,1,0,0,3,4,.52391702,0,3,2.8609164
43,6,12,13125,0,1,60,1,1,0,3,4,.81,0,3,2.4787481
50,5,19,13115,0,2,20,0,1,1,3,1,0,1,6,1.0840516
41,5,12,13128,0,0,45,1,1,0,3,4,1.8231111,1,4,3.9995515
55,1,0,13110,0,1,45,1,1,0,4,4,.218457,0,1,2.6808631
25,7,12,13101,0,0,25,0,0,1,2,2,5.2958331,1,3,1.3992316
25,5,12,13124,0,0,60,1,0,0,3,1,1.529137,0,2,2.0563965
56,5,14,13123,0,0,5,0,0,0,3,1,2.2075,1,1,2.5421994
43,6,13,13201,0,2,40,1,0,1,3,2,1.015286,0,2,1.412634
33,3,10,13301,0,1,20,0,0,1,2,3,1.254667,1,3,3.3057404
45,1,22,13119,0,0,60,0,1,1,2,1,6,1,2,1.3182778
41,5,17,13123,2,0,10,0,1,1,3,1,4.4108338,1,2,1.9258047
43,5,17,13124,0,2,120,0,0,1,3,2,2.1199999,1,3,3.2714505
44,5,13,13119,0,0,60,1,1,0,3,1,.87281603,0,2,1.8757561
58,5,18,13123,0,0,15,0,1,1,3,1,4.020833,1,4,3.117615
39,5,13,13120,0,0,20,1,1,0,2,2,2.8195829,0,3,1.9620403
35,6,12,13403,0,0,30,0,0,0,3,4,2.1395831,0,4,1.7867303
26,6,13,13108,0,0,30,1,1,1,3,2,2.1300001,0,4,1.0840516
64,6,12,13115,0,0,60,0,0,1,3,2,1.2351609,0,2,2.9155002
60,5,13,13125,0,0,20,1,1,1,3,1,1.241333,1,3,3.2440825
71,5,5,13127,0,0,5,0,1,0,2,2,.987445,0,2,2.7844977
38,5,17,13118,0,2,60,1,1,1,3,2,3.455833,1,2,1.9346724
27,5,15,13125,0,0,30,1,0,0,3,1,.46000001,0,2,2.4058664
45,4,20,13114,0,0,90,0,1,0,3,1,4.0861669,1,3,1.0840516
51,6,3,13101,0,0,35,0,0,1,2,2,2.01,0,3,2.0737469
29,5,16,13126,0,0,20,0,0,0,3,1,2.9043331,1,3,1.0840516
45,6,8,13122,0,2,60,0,0,1,3,3,1.998333,1,3,2.3213756
37,5,12,13101,0,1,90,1,0,1,3,3,.81999999,0,4,2.0156262
26,5,13,13108,0,1,40,1,0,1,3,3,.87599999,0,2,2.3079731
27,5,7,13127,2,2,60,1,0,1,3,3,3.0339799,1,8,2.5457366
40,5,12,13604,0,1,5,0,1,1,3,2,1.419134,1,2,1.7412165
45,6,17,13402,0,1,60,0,0,1,3,4,2.8227501,1,3,1.0840516
40,1,18,13102,0,1,30,0,1,0,3,1,1.2575001,1,1,1.2319936
53,5,8,13401,1,3,120,1,1,0,4,2,1.266667,1,3,4.1474938
42,5,12,13104,0,0,90,1,0,1,3,3,1.14,0,2,1.7948023
51,5,12,13104,0,0,60,1,0,0,3,4,1.754167,0,4,3.1497264
66,6,7,13401,0,0,30,0,0,1,2,2,.80417103,1,2,1.0840516
46,5,17,13105,0,2,25,0,0,1,3,1,2.4000001,1,3,3.0634422
59,5,17,13101,0,0,20,0,1,0,3,1,1.9083329,1,1,2.2043386
58,6,8,13126,0,0,10,0,1,0,3,4,1.437528,0,3,3.7787278
26,6,12,13501,0,0,5,0,0,0,3,4,1.3525,0,2,1.7004461
24,3,10,13503,1,3,20,0,0,0,3,4,1.934374,1,6,2.0201612
31,4,12,13127,1,1,20,0,1,0,2,4,.75,0,3,2.6003201
23,6,12,13101,0,3,30,1,1,0,3,2,1.45,0,4,1.0840516
29,5,12,13121,0,0,90,0,0,0,3,4,2.0550001,1,4,3.4456105
25,2,17,13123,0,0,30,0,1,1,3,1,2.5374999,1,2,1.3992316
47,5,14,13114,0,0,45,1,0,1,3,2,4.5166669,1,5,1.0840516
55,5,12,13111,0,0,15,1,0,1,3,3,1.384167,0,2,3.2521546
41,5,13,13110,1,0,40,1,0,1,3,4,.79500002,0,3,1.614162
33,3,12,13119,0,2,40,1,1,1,3,4,.76265198,0,2,3.0634422
31,6,17,13101,0,0,45,1,0,0,3,1,.88666701,0,1,2.5910418
46,7,20,13119,0,1,25,0,1,0,1,3,1.92,1,3,3.1676638
50,5,12,13122,0,0,60,1,1,0,3,4,1.758916,0,3,2.6365557
19,1,14,13105,0,0,30,0,1,0,3,1,2.218334,1,4,2.744725
32,5,15,13401,0,0,30,0,0,1,3,2,2.301084,1,2,2.0201612
54,3,12,13109,0,0,30,1,0,0,2,3,.96336102,1,3,1.5278777
34,6,13,13124,0,1,25,0,0,1,3,2,2.7314351,1,6,4.2418499
44,5,16,13128,0,0,20,0,0,0,3,1,1.613333,1,3,2.3160453
33,5,12,13604,1,0,15,0,0,0,1,2,1.3904721,0,4,2.8654513
55,4,12,13119,0,0,60,1,1,0,3,2,2.8716669,1,2,3.2521546
30,5,17,13401,0,0,40,1,1,0,3,1,2.541666,1,4,1.0840516
45,5,8,13604,1,2,30,0,0,1,3,4,1.0554399,1,2,2.6637712
40,2,12,13601,0,2,10,0,1,1,3,2,1.8,1,2,1.0840516
57,6,10,13121,1,0,90,0,0,1,3,4,2.5999999,1,6,2.8654513
60,3,10,13404,1,1,60,0,1,0,3,4,.80000001,0,3,2.9235721
51,5,12,13110,0,1,90,1,0,1,3,2,1.7339081,1,2,2.6946764
42,5,12,13131,1,0,50,1,0,1,3,3,1.804167,0,7,3.1268933
44,4,12,13127,1,0,5,0,1,1,3,2,1.3249789,0,5,1.4662199
45,5,13,13124,0,1,60,1,0,1,3,4,1.1900001,0,3,1.3992316
42,5,17,13124,0,0,60,0,0,1,3,1,1.778,1,3,2.6946764
24,5,12,13107,1,0,60,1,0,0,3,2,2.356662,0,4,1.5278777
33,5,15,13601,1,1,90,0,1,1,3,1,2.3740001,1,2,1.9258047
55,5,6,13124,0,0,20,0,0,1,2,3,.89999998,0,3,3.2521546
52,5,12,13503,0,1,60,0,0,1,3,3,.69999999,0,2,1.0840516
44,5,8,13121,0,0,120,1,0,0,3,2,1.133917,0,3,4.2418499
30,6,12,13121,0,1,30,1,0,0,2,4,.30000001,0,2,1.0840516
34,5,8,13115,0,0,15,0,0,0,3,2,3.3599999,1,5,2.1635683
50,6,15,13201,0,1,30,1,0,1,3,1,.91250002,0,2,1.0840516
39,5,12,13125,0,0,120,1,1,1,4,4,1.508333,1,3,1.7585669
62,5,17,13114,0,0,50,0,0,1,3,1,6.4691672,1,5,1.0840516
35,5,12,13122,1,1,5,0,1,1,3,3,1.747333,1,2,2.2543874
28,6,15,13302,0,1,10,0,1,1,3,4,.60166699,0,2,2.4023294
50,5,12,13102,0,1,90,1,1,1,3,4,1.633755,0,3,2.7322702
26,5,13,13401,0,1,30,0,0,1,3,2,.66500002,1,2,1.6468602
37,10,17,13123,1,1,45,1,0,1,3,1,5.75,1,2,1.0840516
71,3,22,13132,0,0,20,0,1,0,3,1,5.1500001,1,1,1.0840516
20,5,16,13402,0,3,60,1,0,0,3,1,1.896667,1,3,1.0840516
49,6,15,13101,0,0,80,1,0,1,3,2,1.043334,0,2,3.1404481
55,5,10,13122,0,0,15,0,1,0,3,2,.875,0,3,3.2748353
40,6,8,13124,1,1,45,0,0,1,2,4,.61770201,1,2,2.1909361
68,4,17,13130,0,0,40,1,0,0,3,2,1.3623331,0,1,1.3182778
39,3,15,13501,0,2,20,1,1,1,3,1,2.55825,1,2,1.3182778
38,5,12,13131,0,0,60,1,0,0,3,2,1.5,0,3,4.0076237
26,7,13,13110,1,0,60,1,0,1,3,2,1.9299999,0,3,1.4662199
53,5,8,13118,0,1,20,0,0,1,3,2,.53474998,1,3,2.5421994
61,5,8,13202,0,0,30,0,0,1,3,3,1.05606,0,3,1.7867303
34,3,17,13202,0,1,45,0,0,1,2,1,5.9200001,1,3,1.0840516
33,6,15,13119,1,0,60,1,1,1,3,2,2.0250001,1,2,1.0840516
63,5,15,13104,0,0,45,0,0,1,3,1,2.7720001,1,2,3.2748353
45,5,15,13604,1,0,15,0,0,1,3,1,1.8200001,0,3,1.4662199
39,5,8,13110,1,0,5,0,1,0,4,4,1.243062,0,2,2.8619142
28,5,17,13115,0,0,30,0,1,0,3,1,2.49,1,3,1.0840516
22,5,12,13401,0,0,30,0,0,0,3,3,1.15,1,3,2.0335636
34,5,17,13201,0,2,7,0,1,0,3,1,1.347337,1,1,1.9486377
26,5,12,13201,0,0,60,1,1,0,3,1,1.756667,0,4,2.6038573
35,3,17,13201,0,0,80,1,0,0,3,1,2.594166,1,1,1.7278141
35,5,16,13604,0,0,120,1,1,0,3,1,1.605917,1,1,1.1784078
31,5,14,13110,0,0,70,1,1,1,3,1,4.0966668,1,2,2.330806
29,6,17,13120,0,0,10,0,1,0,3,2,2,0,2,2.0563965
62,2,12,13401,2,0,2,0,1,1,2,2,2.2369211,0,3,2.6808631
27,5,12,13401,0,1,90,1,0,0,3,4,1.776,0,6,1.8395206
56,3,17,13118,0,0,90,1,1,0,3,1,2.7341671,1,2,2.0371008
35,5,17,13109,0,2,60,1,0,1,3,1,2.1583331,1,2,2.3442085
39,5,12,13203,0,1,60,1,0,1,2,3,.88701802,1,3,1.0840516
25,2,15,13201,0,0,45,1,1,0,3,2,.93666703,0,4,2.1600311
61,5,12,13102,1,1,60,1,1,0,4,4,1.643333,0,3,1.5605761
36,5,15,13108,1,1,20,1,0,1,1,3,.98000002,0,3,1.0840516
29,5,15,13401,1,1,90,1,1,0,3,4,.59578198,1,3,3.1577983
33,3,17,13123,0,0,10,0,1,1,3,2,1.776217,1,2,3.3557892
36,5,12,13110,1,1,30,1,1,1,3,1,1.608761,0,2,3.2521546
38,7,10,13301,0,0,45,0,0,0,3,2,1.356666,1,3,4.0531373
47,5,17,13123,0,0,30,0,1,1,2,1,3.3,1,2,1.0840516
40,6,10,13601,0,3,15,0,1,0,3,4,.558514,0,1,1.6334578
25,9,15,13121,0,0,90,0,0,0,3,1,2.96,1,3,2.6003201
38,6,12,13118,0,1,80,1,1,0,3,2,.40000001,1,6,2.0156262
44,5,12,13119,0,1,30,1,1,1,3,2,3.0699999,1,3,1.9486377
65,5,19,13113,0,0,50,0,1,0,3,1,7.9450002,1,2,1.0840516
56,2,19,13114,0,0,45,0,1,1,2,1,2.758333,1,3,2.2543874
65,3,15,13605,0,0,15,0,0,1,2,1,.89999998,1,2,1.2319936
37,5,17,13402,1,0,40,0,1,1,3,1,6.895,1,2,1.0840516
24,5,13,13101,0,0,40,1,0,1,3,1,1.935166,0,2,2.3487434
41,5,12,13110,1,0,30,1,1,1,4,4,.79500002,0,3,1.614162
57,5,12,13116,0,1,30,1,1,0,4,4,1.755861,0,4,2.4787481
56,5,12,13132,0,0,40,0,1,1,3,2,7.7008338,1,4,1.6468602
27,2,18,13120,0,0,30,1,1,1,3,1,4.8791661,1,2,1.7278141
34,7,14,13119,1,0,30,1,0,1,3,4,1.1799999,1,2,2.7129743
44,5,12,13103,2,0,30,0,0,1,3,4,1.0733221,0,2,4.3362064
23,5,13,13201,0,0,15,1,1,0,3,1,2.415333,1,3,1.3182778
59,6,8,13105,0,1,20,0,1,1,3,3,1.0897779,1,2,2.1600311
74,5,12,13128,0,0,5,1,0,1,3,2,1.696417,0,3,3.2521546
38,5,16,13401,1,1,30,0,1,1,3,1,2.0190041,1,2,1.0840516
72,6,4,13301,0,0,40,1,0,1,3,3,1.32131,0,2,1.4662199
55,7,10,13117,0,0,60,0,0,1,2,4,.78399998,0,3,1.8757561
56,3,12,13201,2,2,90,1,0,1,3,3,2.784328,0,6,2.6637712
37,5,17,13101,0,0,60,0,1,1,3,2,3.571444,1,4,3.0506268
30,5,15,13110,1,1,60,1,1,0,3,2,1.063969,0,1,3.8730841
35,6,12,13124,0,0,45,0,0,0,3,3,1.567,1,1,2.6867566
33,5,17,13127,0,0,5,0,1,0,3,1,1.196,1,3,3.0634422
25,3,17,13119,0,0,90,1,1,0,3,1,2.303334,1,3,3.2521546
48,5,8,13104,0,1,60,0,0,1,3,3,1.0525,1,3,1.8483882
43,5,15,13119,0,0,120,1,1,0,3,2,2.491333,1,4,1.7813998
29,5,17,13122,0,0,60,1,1,0,3,1,4.5349998,1,4,1.3182778
22,4,14,13122,0,1,120,1,1,0,3,1,1.158286,0,3,3.2976685
34,4,17,13123,0,0,30,1,1,0,3,1,3.4124999,1,5,2.2543874
59,5,11,13122,0,0,45,1,0,0,4,4,2.0122499,0,2,1.867684
36,10,8,13111,0,0,120,1,0,0,3,4,1.1,0,6,2.3160453
23,5,15,13104,0,0,40,1,1,0,3,1,.85833299,0,2,2.7175093
28,5,16,13403,0,1,30,1,1,0,3,1,2.3907371,1,4,1.0840516
64,2,22,13114,0,0,40,0,1,0,3,1,3.041667,1,2,1.7585669
40,3,17,13202,2,0,30,0,0,1,1,1,7.333333,1,3,1.0840516
40,5,17,13131,0,1,70,1,1,1,3,2,.86650002,0,3,1.412634
54,5,12,13501,0,0,10,0,1,0,3,1,.82499999,0,2,1.0840516
24,6,12,13602,0,1,90,1,1,0,3,1,.66042697,1,4,3.8015609
41,5,12,13401,1,0,30,1,1,0,3,2,.56916702,0,2,2.330806
60,5,12,13102,0,0,90,1,1,0,3,4,2.8399999,0,3,3.8516095
24,5,6,13201,0,0,60,1,0,0,3,2,1.71,0,4,1.8087678
48,5,12,13117,0,2,60,1,1,0,3,1,.64543402,0,1,2.6058028
19,5,12,13125,0,1,40,1,0,0,3,4,.924393,0,2,4.2418499
63,5,4,13103,0,0,75,1,1,1,3,4,.850416,0,2,4.0531373
50,6,12,13120,0,1,20,0,1,0,3,4,.97638702,0,2,3.6307857
34,3,17,13123,0,0,30,0,1,0,3,1,3.2333331,0,2,2.4170902
61,5,8,13102,0,0,30,1,0,0,3,2,1.665522,0,4,3.1075974
24,4,16,13113,0,1,90,1,1,0,3,1,2.3,1,4,1.0840516
35,6,12,13302,0,1,30,0,1,0,3,4,.83857101,0,2,1.7585669
33,6,12,13104,0,1,40,1,1,1,3,2,1.45,1,5,1.0840516
30,5,12,13605,0,1,80,1,1,1,3,2,1.38,1,2,1.412634
58,5,8,13124,1,0,90,1,0,1,3,3,1.294939,1,4,1.7813998
51,2,8,13119,0,1,90,1,1,0,2,2,.364526,0,3,1.5525041
62,3,8,13101,0,0,90,1,0,0,2,3,1,0,4,1.762104
50,5,12,13202,0,0,10,0,1,1,4,4,1.551159,1,3,1.3182778
31,5,15,13118,0,0,90,1,1,0,3,1,3.8516669,0,4,1.2319936
23,3,15,13118,0,0,60,0,1,1,2,1,1.8,1,2,1.7278141
30,5,17,13120,0,0,20,0,1,0,3,1,1.564167,0,1,1.6334578
30,6,14,13601,0,0,5,0,0,1,3,2,.9447,0,2,2.4104013
31,5,17,13123,0,0,60,1,0,0,3,2,3.4124999,1,5,2.2543874
33,6,15,13605,0,0,30,0,1,0,3,1,.66000003,1,3,1.7867303
27,5,16,13120,0,0,25,0,1,0,3,1,4.541666,1,4,2.3487434
20,6,12,13604,1,0,15,0,1,0,3,2,1.019587,0,2,4.3362064
31,5,16,13129,0,0,30,0,0,0,3,3,1.808333,1,3,1.3263499
35,5,5,13129,0,0,30,1,0,0,3,4,1.1,0,4,1.0840516
39,5,12,13401,1,2,60,1,0,1,2,4,.92539603,0,2,1.9293419
50,5,15,13117,0,0,15,0,1,1,3,1,1.738921,0,5,3.7787278
46,5,12,13202,0,0,20,0,1,1,1,2,2.810833,1,3,1.0840516
51,5,12,13401,0,0,120,1,1,1,3,4,1.25,1,3,3.2521546
39,5,17,13113,0,2,20,0,0,1,3,1,10.256666,1,2,1.5605761
54,5,17,13401,0,0,60,0,0,0,3,1,2.0885,1,1,2.744725
42,6,10,13501,0,0,30,0,0,1,3,3,.45333299,0,2,1.0840516
32,6,12,13106,0,0,30,1,0,0,3,4,3.6441669,0,4,3.0827379
59,7,12,13124,0,0,50,1,0,0,3,4,.9975,0,3,1.0840516
29,6,17,13130,0,0,40,1,0,0,3,2,1.24675,0,2,1.0840516
31,5,13,13402,1,0,60,0,0,1,3,1,2.268333,1,2,1.3182778
30,5,12,13112,0,2,40,0,0,1,3,4,.72281599,1,2,4.2418499
52,4,13,13110,0,1,30,0,1,1,3,3,1.703402,0,5,2.3213756
27,5,17,13402,0,0,60,0,0,1,3,1,2.0041671,1,2,1.3799356
28,5,12,13115,0,1,15,0,1,1,3,1,2.1300449,1,2,3.2521546
23,2,15,13132,0,0,3,0,0,0,3,2,7.7008338,1,4,1.6468602
44,5,12,13112,0,0,60,0,0,0,3,4,1.038,1,2,1.0840516
47,5,17,13119,0,0,120,1,1,0,4,4,4.145,0,3,3.432795
60,5,15,13123,0,0,20,1,0,1,3,1,8.698,1,4,2.0201612
22,5,12,13118,0,0,40,1,0,0,3,3,1.417221,1,4,1.0840516
38,5,19,13114,2,1,20,0,0,1,3,1,3.4416671,1,2,1.0840516
35,5,12,13107,0,0,10,0,0,0,3,4,2.2621541,0,6,2.3660939
54,5,12,13115,0,0,25,1,1,0,4,4,3.4349999,1,2,1.4207062
44,5,18,13107,1,1,60,0,0,1,3,1,7.1116672,1,2,2.1681032
58,5,10,13110,0,0,45,1,1,1,3,1,1.914167,1,2,1.2319936
61,5,22,13101,0,0,25,1,1,0,3,1,.91416699,0,2,2.1600311
65,2,8,13124,0,0,30,0,1,1,2,2,1.55,1,4,2.9155002
37,6,14,13601,0,2,20,0,1,1,3,2,1.995171,1,4,4.1882644
49,5,20,13114,0,0,20,0,1,0,3,1,4.8553329,1,2,1.0840516
26,5,12,13401,0,1,20,0,1,1,3,1,2.040092,1,5,3.8730841
20,6,12,13110,0,1,60,1,0,0,3,2,1.69831,0,3,1.0840516
23,5,12,13202,0,0,10,0,0,0,3,4,1.551159,1,3,1.3182778
59,5,7,13127,0,0,30,1,1,0,2,4,1.458917,0,2,3.0406091
52,5,18,13119,0,0,20,1,0,1,3,1,2.4016671,0,2,1.6334578
19,2,15,13125,0,1,120,1,0,0,3,2,.89545202,0,3,1.762104
22,2,16,13112,0,0,60,1,1,0,3,2,.77074999,0,3,3.1577983
30,5,17,13119,0,0,45,0,0,0,3,1,1.5700001,0,1,2.4466369
66,3,15,13119,0,0,25,0,1,0,2,1,1.3609999,0,1,2.0201612
63,5,12,13201,0,0,30,1,0,1,1,2,.40000001,0,2,1.0840516
32,6,12,13105,0,1,45,1,1,0,3,2,1.0974669,0,3,3.9995515
27,4,15,13124,0,0,45,1,0,0,3,1,1.442834,0,3,1.4662199
23,10,12,13118,0,1,30,1,0,0,3,4,1.752816,0,10,1.7278141
24,4,15,13101,0,0,15,1,1,0,3,2,1.670334,0,2,2.1019104
49,5,19,13123,0,1,60,0,0,1,3,1,6.0895839,1,2,1.867684
39,5,12,13106,1,1,50,0,1,0,2,2,1.332119,0,2,1.412634
28,5,17,13110,0,0,45,0,0,1,3,1,2.9287491,1,4,1.3182778
32,5,12,13402,0,1,60,1,1,1,3,2,1.676167,0,2,1.867684
58,5,12,13125,0,0,30,1,1,1,3,4,1.25,1,3,2.5502715
61,5,8,13129,0,0,40,0,1,1,3,2,2.5561039,1,3,3.3057404
33,4,8,13402,1,0,90,1,0,0,3,2,1.21,0,3,1.7278141
35,5,12,13119,0,1,60,1,1,1,3,2,1.032284,0,2,2.1019104
66,5,9,13101,0,0,15,0,1,0,3,4,.83441699,0,1,2.8654513
51,7,12,13106,0,1,40,0,0,0,3,4,.91800398,1,2,2.7890327
66,5,8,13111,0,0,15,0,0,1,3,4,1.013658,1,2,1.3799356
32,5,11,13126,0,0,60,1,1,1,3,2,2.7,1,5,2.1407351
57,5,12,13115,0,0,60,1,0,1,2,4,.5,0,2,1.3799356
36,3,12,13503,1,3,15,0,0,1,3,4,1.934374,1,6,2.0201612
58,5,12,13125,0,0,90,1,0,1,3,3,1.3,0,2,2.8073306
44,5,16,13129,0,0,30,1,0,0,3,2,2.1680839,1,4,1.4207062
59,5,12,13125,0,0,30,1,1,0,3,2,1.5725,1,2,1.3182778
30,5,12,13122,0,1,20,0,1,1,3,1,1.927325,1,2,1.9346724
38,5,10,13605,0,1,40,0,0,1,2,3,.30000001,1,3,2.3660939
72,5,12,13115,0,1,80,0,0,1,3,1,2.55,1,6,1.9258047
45,6,5,13105,0,3,30,1,0,1,3,3,1.159699,0,4,1.7049811
51,6,12,13101,0,0,25,1,0,1,3,3,.89999998,0,2,3.0017843
33,5,12,13116,1,0,30,1,1,1,3,4,1.428166,0,2,2.8426185
58,4,12,13127,0,0,10,0,0,1,3,2,2.52,1,4,2.8426185
71,3,8,13110,0,0,90,0,0,1,2,2,.51172203,1,2,1.0840516
55,3,14,13201,0,0,90,1,0,1,3,1,2.2,1,2,3.1304305
22,6,12,13121,0,1,60,1,1,0,3,2,2.48651,0,5,4.0076237
27,5,12,13108,1,0,46,1,0,1,1,2,.80000001,0,2,2.1019104
34,5,12,13503,0,2,60,0,1,0,3,4,.76571101,0,2,1.0840516
65,4,12,13110,0,0,30,0,1,1,4,4,1.916,0,3,1.2319936
38,5,11,13602,0,1,120,0,0,1,3,3,1.180665,1,4,3.9051952
62,5,17,13604,0,1,25,0,0,1,3,1,3.5,1,4,1.0840516
25,5,12,13115,0,1,30,0,0,0,3,2,3.0999999,1,4,2.9155002
22,6,12,13302,2,2,15,0,0,1,2,2,1,0,2,4.0531373
66,5,11,13110,0,0,45,0,0,1,1,1,2.8,1,2,1.2319936
25,5,12,13403,0,1,60,0,1,1,3,1,.85500002,1,4,2.7322702
40,5,15,13124,0,1,80,0,1,1,3,2,1.796667,1,4,2.7175093
24,4,12,13201,0,0,60,1,0,0,2,2,1.958334,0,3,3.2521546
48,6,12,13201,0,0,25,0,0,1,3,1,1.201653,1,3,1.9486377
59,5,5,13127,0,1,10,0,1,0,3,4,1.776,0,3,3.2521546
25,5,12,13401,1,1,45,1,0,1,3,3,.91575199,0,2,1.3182778
29,5,18,13119,0,1,20,1,0,0,2,1,2.5722499,0,5,2.2624593
62,5,15,13119,0,0,40,1,1,1,3,1,1.36075,1,2,2.9155002
37,5,4,13110,0,1,40,1,1,1,3,2,1.1,0,2,2.1681032
60,6,12,13601,0,0,10,1,0,0,3,4,1.629902,0,2,2.0201612
26,6,9,13302,1,0,50,0,0,1,3,4,.69384801,0,2,4.0531373
45,5,13,13117,0,0,45,1,1,1,3,1,2.3775001,1,3,3.2521546
23,4,12,13121,0,1,90,1,0,0,3,2,2.48651,0,5,4.0076237
20,5,12,13404,0,1,30,1,0,0,3,2,1.507221,1,4,1.0840516
43,5,15,13111,0,1,60,1,1,0,3,1,.5,0,1,2.1681032
48,6,11,13124,0,1,80,1,0,1,3,4,2.971313,1,5,2.182864
28,5,17,13114,0,0,20,0,1,0,3,1,10.53,1,3,1.0840516
26,5,11,13103,0,1,20,0,0,1,3,3,1.3176661,0,3,2.6946764
45,5,17,13119,0,0,40,1,0,1,3,1,2.313333,1,2,1.3182778
38,5,16,13201,1,0,60,1,0,1,3,1,2.2,1,3,1.0840516
24,5,12,13301,1,0,60,1,0,1,3,4,.99782598,0,2,2.3079731
62,5,16,13105,0,1,60,1,0,1,3,1,1.863333,1,2,2.7890327
24,6,8,13601,1,0,40,1,0,1,3,4,.891285,0,4,1.0840516
31,2,17,13301,0,1,25,0,0,1,3,1,3.3005891,1,4,1.0840516
34,5,12,13104,1,2,20,0,0,1,2,3,.44999999,0,2,2.7309117
44,5,16,13123,1,0,90,1,1,1,3,1,3.8783331,1,2,1.5525041
48,5,12,13104,0,0,40,0,0,0,3,2,1.2925,0,2,3.1806314
48,5,9,13112,0,0,90,1,0,1,3,3,1.65,1,4,2.9324398
29,5,12,13124,0,0,30,1,0,0,3,3,1.4,1,2,1.3182778
50,3,12,13101,0,1,60,0,1,1,2,2,.64999998,1,4,3.1497264
48,3,12,13130,0,2,60,1,1,0,3,2,1.389492,0,2,1.8483882
37,5,19,13120,0,0,50,1,0,0,3,1,2.885833,0,1,1.3182778
50,5,17,13124,0,0,90,1,0,1,3,1,3.589942,1,5,3.2521546
36,3,12,13115,0,0,20,0,0,0,3,3,1.079154,0,3,2.137198
48,6,12,13110,0,0,20,0,0,0,3,2,1.3934129,0,3,3.3057404
30,5,12,13128,0,2,80,1,0,0,3,3,.815,0,2,3.7980237
21,4,12,13119,0,0,20,1,1,0,3,1,.84200001,0,2,1.412634
45,10,12,13103,0,1,60,0,0,1,3,2,.85000002,1,3,2.6946764
34,6,12,13127,1,1,60,0,0,1,3,2,3.6187501,1,4,4.3362064
31,5,16,13132,0,0,15,0,1,0,3,1,5.3000002,1,4,1.0840516
54,5,12,13501,0,0,60,0,0,0,2,3,1.950639,1,4,4.2418499
40,5,11,13116,1,2,5,0,0,1,2,3,1.369681,0,4,1.6951157
20,1,14,13402,0,0,5,0,1,0,2,4,.85416698,0,2,2.3660939
57,3,20,13122,0,0,60,1,0,1,3,1,3.7433331,1,3,2.2043386
28,6,12,13112,1,1,20,1,1,0,3,4,1.813917,1,5,2.771095
